date,region,rainfall,temperature,humidity,soil_moisture,river_discharge
2015-01-01,kisumu,0.2,24.5,58,,0.11
2015-01-02,kisumu,0.0,24.9,45,,0.09
2015-01-03,kisumu,0.0,24.7,47,,0.09
2015-01-04,kisumu,0.0,24.7,54,,0.09
2015-01-05,kisumu,0.0,24.0,51,,0.09
2015-01-06,kisumu,0.0,24.5,48,,0.09
2015-01-07,kisumu,0.0,24.2,55,,0.09
2015-01-08,kisumu,0.3,24.3,57,,0.09
2015-01-09,kisumu,2.3,23.9,60,,0.09
2015-01-10,kisumu,6.2,23.0,65,,0.08
2015-01-11,kisumu,0.0,23.1,58,,0.08
2015-01-12,kisumu,0.0,23.9,52,,0.08
2015-01-13,kisumu,0.0,24.1,54,,0.08
2015-01-14,kisumu,0.0,24.8,52,,0.08
2015-01-15,kisumu,0.0,25.0,45,,0.08
2015-01-16,kisumu,0.0,25.0,47,,0.08
2015-01-17,kisumu,0.0,25.2,45,,0.08
2015-01-18,kisumu,0.0,25.4,45,,0.08
2015-01-19,kisumu,0.0,25.2,43,,0.08
2015-01-20,kisumu,0.0,25.4,44,,0.08
2015-01-21,kisumu,0.2,25.7,47,,0.08
2015-01-22,kisumu,2.1,24.9,60,,0.08
2015-01-23,kisumu,0.1,24.7,61,,0.06
2015-01-24,kisumu,0.3,25.0,58,,0.05
2015-01-25,kisumu,2.8,24.1,63,,0.03
2015-01-26,kisumu,1.3,24.6,54,,0.03
2015-01-27,kisumu,0.0,24.9,48,,0.03
2015-01-28,kisumu,0.0,25.4,47,,0.03
2015-01-29,kisumu,0.0,25.4,50,,0.03
2015-01-30,kisumu,0.0,24.9,52,,0.03
2015-01-31,kisumu,0.0,25.6,48,,0.03
2015-02-01,kisumu,0.0,25.8,47,,0.03
2015-02-02,kisumu,0.0,26.7,43,,0.03
2015-02-03,kisumu,0.0,25.9,49,,0.03
2015-02-04,kisumu,0.0,26.8,48,,0.03
2015-02-05,kisumu,3.0,25.9,51,,0.03
2015-02-06,kisumu,0.0,26.9,48,,0.03
2015-02-07,kisumu,0.0,27.3,42,,0.03
2015-02-08,kisumu,0.8,26.4,52,,0.03
2015-02-09,kisumu,0.0,25.9,56,,0.03
2015-02-10,kisumu,0.0,26.6,49,,0.03
2015-02-11,kisumu,0.0,26.0,50,,0.03
2015-02-12,kisumu,0.0,26.2,53,,0.03
2015-02-13,kisumu,0.0,26.6,49,,0.03
2015-02-14,kisumu,0.3,25.7,53,,0.03
2015-02-15,kisumu,12.6,23.1,68,,0.03
2015-02-16,kisumu,0.2,24.9,57,,0.03
2015-02-17,kisumu,9.1,24.4,60,,0.03
2015-02-18,kisumu,7.6,24.4,64,,0.03
2015-02-19,kisumu,1.2,24.9,64,,0.03
2015-02-20,kisumu,1.0,24.9,64,,0.03
2015-02-21,kisumu,1.4,25.2,62,,0.03
2015-02-22,kisumu,0.0,25.5,59,,0.03
2015-02-23,kisumu,0.0,25.2,60,,0.03
2015-02-24,kisumu,2.4,24.4,66,,0.03
2015-02-25,kisumu,0.2,24.5,59,,0.03
2015-02-26,kisumu,0.0,25.1,56,,0.03
2015-02-27,kisumu,0.0,25.6,57,,0.03
2015-02-28,kisumu,0.0,25.6,54,,0.03
2015-03-01,kisumu,1.4,23.8,69,,0.03
2015-03-02,kisumu,0.0,26.2,53,,0.03
2015-03-03,kisumu,0.0,26.4,49,,0.03
2015-03-04,kisumu,0.4,25.5,54,,0.03
2015-03-05,kisumu,0.0,25.1,52,,0.03
2015-03-06,kisumu,0.0,25.9,54,,0.03
2015-03-07,kisumu,0.1,26.8,46,,0.03
2015-03-08,kisumu,0.0,27.1,38,,0.03
2015-03-09,kisumu,0.0,27.8,35,,0.03
2015-03-10,kisumu,0.0,27.8,31,,0.03
2015-03-11,kisumu,0.0,27.8,30,,0.03
2015-03-12,kisumu,0.0,26.6,44,,0.03
2015-03-13,kisumu,0.0,27.9,42,,0.03
2015-03-14,kisumu,0.0,28.3,36,,0.03
2015-03-15,kisumu,0.1,28.1,31,,0.03
2015-03-16,kisumu,0.0,28.3,34,,0.03
2015-03-17,kisumu,0.0,28.5,43,,0.03
2015-03-18,kisumu,0.0,28.7,42,,0.03
2015-03-19,kisumu,0.7,27.5,52,,0.03
2015-03-20,kisumu,2.5,27.3,55,,0.03
2015-03-21,kisumu,0.2,27.4,53,,0.03
2015-03-22,kisumu,4.7,25.3,65,,0.03
2015-03-23,kisumu,17.8,24.5,67,,0.03
2015-03-24,kisumu,17.8,23.2,77,,0.03
2015-03-25,kisumu,13.3,23.1,77,,0.03
2015-03-26,kisumu,16.6,23.5,73,,0.06
2015-03-27,kisumu,18.3,23.9,70,,0.06
2015-03-28,kisumu,22.6,22.7,81,,0.09
2015-03-29,kisumu,38.1,21.1,87,,0.12
2015-03-30,kisumu,22.4,21.0,83,,0.25
2015-03-31,kisumu,13.3,21.2,82,,0.31
2015-04-01,kisumu,9.7,21.2,84,,0.31
2015-04-02,kisumu,6.4,22.5,75,,0.28
2015-04-03,kisumu,24.7,22.0,84,,0.22
2015-04-04,kisumu,49.9,20.1,90,,0.34
2015-04-05,kisumu,0.6,21.5,77,,0.72
2015-04-06,kisumu,6.0,22.1,76,,0.78
2015-04-07,kisumu,8.3,21.8,83,,0.69
2015-04-08,kisumu,1.8,22.3,75,,0.59
2015-04-09,kisumu,9.8,22.3,77,,0.5
2015-04-10,kisumu,28.1,21.6,84,,0.47
2015-04-11,kisumu,4.5,22.5,77,,0.5
2015-04-12,kisumu,2.2,23.2,75,,0.53
2015-04-13,kisumu,3.0,22.7,76,,0.53
2015-04-14,kisumu,9.6,22.0,81,,0.47
2015-04-15,kisumu,9.8,21.8,83,,0.44
2015-04-16,kisumu,15.3,21.3,85,,0.44
2015-04-17,kisumu,5.5,21.7,81,,0.47
2015-04-18,kisumu,22.8,21.2,86,,0.47
2015-04-19,kisumu,16.5,21.7,81,,0.56
2015-04-20,kisumu,12.0,22.3,76,,0.72
2015-04-21,kisumu,3.3,22.1,79,,0.81
2015-04-22,kisumu,16.5,22.2,79,,0.81
2015-04-23,kisumu,4.8,21.8,79,,0.81
2015-04-24,kisumu,2.4,22.3,74,,0.81
2015-04-25,kisumu,6.7,22.6,76,,0.81
2015-04-26,kisumu,14.6,21.8,81,,0.75
2015-04-27,kisumu,19.0,20.3,86,,0.75
2015-04-28,kisumu,5.2,22.0,75,,0.85
2015-04-29,kisumu,6.0,22.7,70,,0.87
2015-04-30,kisumu,10.2,21.1,84,,0.87
2015-05-01,kisumu,5.2,21.8,79,,0.87
2015-05-02,kisumu,12.3,21.3,81,,0.94
2015-05-03,kisumu,11.3,21.4,81,,1.0
2015-05-04,kisumu,3.7,21.7,81,,1.12
2015-05-05,kisumu,6.2,21.8,79,,1.19
2015-05-06,kisumu,8.4,21.7,82,,1.16
2015-05-07,kisumu,14.5,20.8,85,,1.22
2015-05-08,kisumu,6.8,21.0,82,,1.28
2015-05-09,kisumu,4.2,21.5,80,,1.34
2015-05-10,kisumu,9.6,21.4,81,,1.38
2015-05-11,kisumu,3.9,22.3,74,,1.38
2015-05-12,kisumu,3.9,22.7,77,,1.34
2015-05-13,kisumu,3.7,22.6,77,,1.28
2015-05-14,kisumu,2.9,22.0,81,,1.22
2015-05-15,kisumu,1.4,22.6,76,,1.16
2015-05-16,kisumu,2.1,23.3,75,,1.12
2015-05-17,kisumu,5.2,23.4,74,,1.09
2015-05-18,kisumu,6.7,22.6,77,,1.06
2015-05-19,kisumu,10.8,22.3,78,,1.03
2015-05-20,kisumu,3.3,22.6,74,,1.03
2015-05-21,kisumu,1.5,23.0,71,,1.03
2015-05-22,kisumu,5.7,22.7,74,,1.0
2015-05-23,kisumu,6.5,22.4,75,,0.97
2015-05-24,kisumu,5.7,22.3,76,,0.94
2015-05-25,kisumu,0.8,23.1,70,,0.91
2015-05-26,kisumu,3.6,21.9,79,,0.91
2015-05-27,kisumu,5.9,22.1,78,,0.91
2015-05-28,kisumu,1.7,22.7,72,,0.94
2015-05-29,kisumu,0.9,22.7,72,,0.97
2015-05-30,kisumu,2.9,22.5,76,,0.94
2015-05-31,kisumu,1.4,22.6,74,,0.91
2015-06-01,kisumu,13.0,21.1,83,,0.87
2015-06-02,kisumu,13.6,21.2,81,,0.85
2015-06-03,kisumu,2.2,22.3,75,,0.85
2015-06-04,kisumu,9.7,22.7,74,,0.85
2015-06-05,kisumu,9.6,21.9,76,,0.81
2015-06-06,kisumu,8.5,21.9,75,,0.78
2015-06-07,kisumu,2.9,21.7,72,,0.85
2015-06-08,kisumu,0.3,21.7,73,,0.87
2015-06-09,kisumu,1.3,22.3,71,,0.87
2015-06-10,kisumu,0.6,22.1,72,,0.81
2015-06-11,kisumu,1.8,22.0,74,,0.75
2015-06-12,kisumu,1.6,22.0,71,,0.72
2015-06-13,kisumu,5.1,21.5,77,,0.69
2015-06-14,kisumu,7.1,21.8,75,,0.66
2015-06-15,kisumu,0.0,22.8,67,,0.66
2015-06-16,kisumu,1.9,22.6,72,,0.66
2015-06-17,kisumu,0.5,22.9,68,,0.63
2015-06-18,kisumu,7.3,22.0,74,,0.59
2015-06-19,kisumu,3.8,22.1,74,,0.56
2015-06-20,kisumu,1.0,22.6,72,,0.53
2015-06-21,kisumu,9.6,21.6,79,,0.53
2015-06-22,kisumu,1.3,21.8,75,,0.53
2015-06-23,kisumu,2.1,22.7,70,,0.5
2015-06-24,kisumu,1.2,23.1,68,,0.5
2015-06-25,kisumu,2.1,22.1,74,,0.47
2015-06-26,kisumu,8.1,22.3,71,,0.47
2015-06-27,kisumu,0.0,23.2,66,,0.47
2015-06-28,kisumu,6.7,22.7,72,,0.47
2015-06-29,kisumu,1.5,22.2,73,,0.47
2015-06-30,kisumu,0.0,22.8,68,,0.44
2015-07-01,kisumu,2.6,23.0,70,,0.44
2015-07-02,kisumu,10.1,21.8,79,,0.44
2015-07-03,kisumu,4.6,22.0,74,,0.44
2015-07-04,kisumu,0.1,22.6,70,,0.41
2015-07-05,kisumu,0.0,23.4,66,,0.41
2015-07-06,kisumu,0.9,23.2,66,,0.34
2015-07-07,kisumu,7.3,23.0,68,,0.31
2015-07-08,kisumu,2.3,23.0,70,,0.31
2015-07-09,kisumu,0.4,23.6,65,,0.31
2015-07-10,kisumu,0.3,23.8,63,,0.31
2015-07-11,kisumu,0.8,23.6,66,,0.3
2015-07-12,kisumu,2.4,23.5,65,,0.28
2015-07-13,kisumu,1.2,23.0,64,,0.28
2015-07-14,kisumu,0.0,23.4,62,,0.28
2015-07-15,kisumu,0.0,23.7,58,,0.26
2015-07-16,kisumu,0.4,23.9,62,,0.26
2015-07-17,kisumu,9.1,22.6,71,,0.26
2015-07-18,kisumu,0.0,23.5,62,,0.26
2015-07-19,kisumu,1.4,24.3,59,,0.26
2015-07-20,kisumu,0.9,22.5,69,,0.26
2015-07-21,kisumu,6.2,22.3,69,,0.25
2015-07-22,kisumu,8.7,21.6,75,,0.25
2015-07-23,kisumu,0.9,22.7,64,,0.25
2015-07-24,kisumu,0.6,22.8,65,,0.26
2015-07-25,kisumu,3.1,21.9,71,,0.25
2015-07-26,kisumu,7.0,22.3,68,,0.25
2015-07-27,kisumu,0.0,23.7,60,,0.25
2015-07-28,kisumu,0.6,22.6,68,,0.25
2015-07-29,kisumu,8.8,21.5,74,,0.25
2015-07-30,kisumu,6.5,21.4,75,,0.25
2015-07-31,kisumu,4.3,22.3,70,,0.25
2015-08-01,kisumu,0.2,22.9,66,,0.25
2015-08-02,kisumu,5.8,22.9,70,,0.25
2015-08-03,kisumu,0.0,21.9,75,,0.25
2015-08-04,kisumu,0.0,23.3,64,,0.25
2015-08-05,kisumu,1.0,23.0,65,,0.25
2015-08-06,kisumu,0.3,22.5,66,,0.25
2015-08-07,kisumu,0.0,23.2,62,,0.25
2015-08-08,kisumu,3.1,22.9,65,,0.23
2015-08-09,kisumu,1.9,22.6,67,,0.23
2015-08-10,kisumu,2.2,23.3,66,,0.23
2015-08-11,kisumu,0.2,23.8,61,,0.23
2015-08-12,kisumu,0.0,24.0,60,,0.23
2015-08-13,kisumu,0.2,25.0,55,,0.22
2015-08-14,kisumu,0.3,24.3,60,,0.22
2015-08-15,kisumu,0.0,24.2,60,,0.22
2015-08-16,kisumu,0.0,24.2,56,,0.22
2015-08-17,kisumu,1.4,23.8,56,,0.22
2015-08-18,kisumu,5.9,22.9,68,,0.2
2015-08-19,kisumu,0.0,23.7,61,,0.2
2015-08-20,kisumu,4.6,24.1,62,,0.2
2015-08-21,kisumu,0.1,24.1,60,,0.2
2015-08-22,kisumu,0.0,24.3,61,,0.2
2015-08-23,kisumu,0.1,24.3,57,,0.2
2015-08-24,kisumu,3.0,23.2,64,,0.2
2015-08-25,kisumu,0.2,23.5,64,,0.2
2015-08-26,kisumu,0.1,24.7,54,,0.2
2015-08-27,kisumu,0.0,25.1,51,,0.2
2015-08-28,kisumu,0.6,24.3,54,,0.19
2015-08-29,kisumu,0.0,24.2,57,,0.19
2015-08-30,kisumu,0.3,24.3,58,,0.19
2015-08-31,kisumu,0.9,24.8,55,,0.19
2015-09-01,kisumu,3.2,23.3,67,,0.19
2015-09-02,kisumu,2.4,23.6,66,,0.19
2015-09-03,kisumu,7.2,23.1,70,,0.19
2015-09-04,kisumu,3.4,23.1,68,,0.19
2015-09-05,kisumu,2.0,23.2,67,,0.19
2015-09-06,kisumu,0.3,23.7,63,,0.19
2015-09-07,kisumu,0.8,23.7,64,,0.19
2015-09-08,kisumu,0.1,24.1,62,,0.18
2015-09-09,kisumu,0.0,24.2,62,,0.18
2015-09-10,kisumu,4.0,24.6,63,,0.16
2015-09-11,kisumu,0.1,24.3,60,,0.13
2015-09-12,kisumu,2.1,24.0,67,,0.12
2015-09-13,kisumu,2.0,24.0,63,,0.12
2015-09-14,kisumu,0.1,24.9,56,,0.12
2015-09-15,kisumu,2.2,24.5,61,,0.12
2015-09-16,kisumu,12.3,23.3,72,,0.12
2015-09-17,kisumu,1.0,23.7,66,,0.12
2015-09-18,kisumu,0.9,24.3,64,,0.12
2015-09-19,kisumu,0.0,25.0,56,,0.12
2015-09-20,kisumu,0.0,25.8,51,,0.12
2015-09-21,kisumu,0.0,24.6,60,,0.12
2015-09-22,kisumu,2.2,23.9,64,,0.11
2015-09-23,kisumu,0.7,24.3,58,,0.11
2015-09-24,kisumu,2.2,24.7,56,,0.11
2015-09-25,kisumu,2.7,24.1,61,,0.11
2015-09-26,kisumu,2.5,24.3,62,,0.11
2015-09-27,kisumu,8.1,23.6,69,,0.11
2015-09-28,kisumu,2.1,24.1,67,,0.11
2015-09-29,kisumu,0.4,24.9,62,,0.11
2015-09-30,kisumu,1.2,25.0,60,,0.11
2015-10-01,kisumu,2.5,24.6,62,,0.11
2015-10-02,kisumu,10.6,23.8,70,,0.1
2015-10-03,kisumu,0.3,24.4,65,,0.11
2015-10-04,kisumu,3.8,25.1,61,,0.11
2015-10-05,kisumu,0.2,25.5,57,,0.11
2015-10-06,kisumu,0.3,24.7,62,,0.11
2015-10-07,kisumu,8.9,23.8,66,,0.1
2015-10-08,kisumu,0.3,24.4,60,,0.1
2015-10-09,kisumu,9.2,24.2,64,,0.1
2015-10-10,kisumu,6.0,24.4,68,,0.11
2015-10-11,kisumu,9.7,23.3,74,,0.11
2015-10-12,kisumu,0.6,24.4,66,,0.12
2015-10-13,kisumu,11.1,23.8,69,,0.12
2015-10-14,kisumu,3.5,23.8,69,,0.12
2015-10-15,kisumu,8.2,23.9,71,,0.12
2015-10-16,kisumu,3.6,24.0,69,,0.12
2015-10-17,kisumu,3.4,24.2,65,,0.12
2015-10-18,kisumu,15.0,22.8,76,,0.12
2015-10-19,kisumu,8.4,22.8,76,,0.12
2015-10-20,kisumu,4.6,23.2,73,,0.14
2015-10-21,kisumu,4.6,24.2,67,,0.14
2015-10-22,kisumu,21.3,22.8,77,,0.14
2015-10-23,kisumu,21.9,22.0,82,,0.15
2015-10-24,kisumu,3.4,22.5,75,,0.17
2015-10-25,kisumu,16.5,22.6,75,,0.19
2015-10-26,kisumu,5.6,21.6,80,,0.19
2015-10-27,kisumu,3.2,23.0,72,,0.19
2015-10-28,kisumu,4.8,23.6,69,,0.18
2015-10-29,kisumu,22.6,21.7,82,,0.17
2015-10-30,kisumu,19.7,20.9,86,,0.18
2015-10-31,kisumu,7.3,21.7,78,,0.21
2015-11-01,kisumu,25.5,21.9,81,,0.23
2015-11-02,kisumu,1.7,22.4,73,,0.27
2015-11-03,kisumu,8.2,21.9,79,,0.28
2015-11-04,kisumu,16.4,21.4,83,,0.34
2015-11-05,kisumu,9.0,21.5,80,,0.37
2015-11-06,kisumu,3.8,21.9,76,,0.37
2015-11-07,kisumu,14.9,21.8,79,,0.34
2015-11-08,kisumu,13.4,21.9,80,,0.32
2015-11-09,kisumu,13.5,21.7,81,,0.31
2015-11-10,kisumu,9.3,21.5,80,,0.33
2015-11-11,kisumu,15.7,20.5,85,,0.34
2015-11-12,kisumu,6.7,21.6,77,,0.37
2015-11-13,kisumu,3.5,23.0,70,,0.38
2015-11-14,kisumu,19.7,22.3,79,,0.39
2015-11-15,kisumu,21.7,22.3,77,,0.41
2015-11-16,kisumu,30.9,21.2,84,,0.49
2015-11-17,kisumu,12.9,20.8,82,,0.63
2015-11-18,kisumu,13.1,21.9,76,,0.8
2015-11-19,kisumu,8.1,21.8,80,,0.91
2015-11-20,kisumu,11.6,22.7,76,,0.93
2015-11-21,kisumu,26.6,21.4,84,,0.94
2015-11-22,kisumu,11.9,22.5,76,,0.98
2015-11-23,kisumu,1.4,22.9,70,,1.06
2015-11-24,kisumu,8.0,22.7,74,,1.09
2015-11-25,kisumu,18.7,21.9,78,,1.05
2015-11-26,kisumu,5.8,21.7,76,,1.08
2015-11-27,kisumu,11.9,20.6,85,,1.16
2015-11-28,kisumu,5.3,22.0,79,,1.23
2015-11-29,kisumu,16.4,21.8,80,,1.28
2015-11-30,kisumu,17.5,21.8,80,,1.32
2015-12-01,kisumu,2.6,22.1,77,,1.42
2015-12-02,kisumu,6.7,21.7,77,,1.52
2015-12-03,kisumu,14.0,21.4,83,,1.52
2015-12-04,kisumu,15.5,21.4,82,,1.54
2015-12-05,kisumu,2.2,21.5,79,,1.67
2015-12-06,kisumu,7.7,21.6,80,,1.74
2015-12-07,kisumu,1.0,22.2,75,,1.72
2015-12-08,kisumu,10.0,22.2,78,,1.7
2015-12-09,kisumu,2.0,22.1,77,,1.69
2015-12-10,kisumu,11.3,22.0,80,,1.69
2015-12-11,kisumu,3.9,22.0,79,,1.67
2015-12-12,kisumu,17.6,21.6,83,,1.64
2015-12-13,kisumu,13.9,21.0,85,,1.62
2015-12-14,kisumu,5.3,20.9,83,,1.73
2015-12-15,kisumu,3.0,21.0,78,,1.79
2015-12-16,kisumu,3.8,21.0,77,,1.75
2015-12-17,kisumu,23.8,20.9,83,,1.7
2015-12-18,kisumu,1.7,22.0,75,,1.71
2015-12-19,kisumu,11.4,22.2,76,,1.81
2015-12-20,kisumu,7.6,22.0,77,,1.79
2015-12-21,kisumu,20.5,21.0,82,,1.76
2015-12-22,kisumu,0.9,22.2,75,,1.77
2015-12-23,kisumu,0.0,23.3,69,,1.76
2015-12-24,kisumu,6.2,23.3,70,,1.7
2015-12-25,kisumu,12.8,22.2,75,,1.64
2015-12-26,kisumu,5.7,22.8,71,,1.59
2015-12-27,kisumu,4.8,22.2,77,,1.54
2015-12-28,kisumu,0.1,23.3,72,,1.5
2015-12-29,kisumu,0.5,24.2,68,,1.46
2015-12-30,kisumu,2.2,23.9,68,,1.39
2015-12-31,kisumu,0.4,24.1,65,,1.32
2016-01-01,kisumu,0.0,24.4,65,,1.26
2016-01-02,kisumu,0.0,24.7,63,,1.19
2016-01-03,kisumu,0.9,24.6,65,,1.12
2016-01-04,kisumu,3.0,24.9,63,,1.06
2016-01-05,kisumu,0.0,25.4,58,,1.01
2016-01-06,kisumu,0.1,25.0,62,,0.96
2016-01-07,kisumu,0.7,24.5,66,,0.92
2016-01-08,kisumu,1.2,25.2,64,,0.88
2016-01-09,kisumu,3.9,25.0,65,,0.85
2016-01-10,kisumu,13.5,23.5,70,,0.81
2016-01-11,kisumu,9.0,23.3,72,,0.78
2016-01-12,kisumu,6.4,23.2,72,,0.8
2016-01-13,kisumu,4.5,23.6,72,,0.8
2016-01-14,kisumu,8.0,23.1,75,,0.8
2016-01-15,kisumu,9.4,23.0,74,,0.78
2016-01-16,kisumu,0.8,23.4,70,,0.78
2016-01-17,kisumu,8.6,23.3,72,,0.78
2016-01-18,kisumu,16.9,22.2,80,,0.78
2016-01-19,kisumu,8.9,21.5,82,,0.8
2016-01-20,kisumu,11.9,22.7,76,,0.85
2016-01-21,kisumu,16.9,22.8,75,,0.85
2016-01-22,kisumu,12.4,22.9,77,,0.85
2016-01-23,kisumu,6.9,22.8,80,,0.89
2016-01-24,kisumu,2.6,22.5,78,,0.91
2016-01-25,kisumu,1.0,23.2,70,,0.89
2016-01-26,kisumu,0.0,22.9,71,,0.86
2016-01-27,kisumu,0.0,23.4,66,,0.81
2016-01-28,kisumu,0.0,23.5,62,,0.75
2016-01-29,kisumu,0.0,23.8,60,,0.72
2016-01-30,kisumu,4.8,23.0,65,,0.69
2016-01-31,kisumu,0.3,23.7,64,,0.66
2016-02-01,kisumu,0.3,24.1,64,,0.64
2016-02-02,kisumu,0.0,24.3,64,,0.63
2016-02-03,kisumu,0.0,24.4,59,,0.59
2016-02-04,kisumu,0.0,24.4,57,,0.58
2016-02-05,kisumu,0.0,25.8,48,,0.56
2016-02-06,kisumu,0.0,24.9,50,,0.53
2016-02-07,kisumu,0.1,25.0,58,,0.52
2016-02-08,kisumu,2.1,24.1,66,,0.5
2016-02-09,kisumu,1.6,23.8,70,,0.49
2016-02-10,kisumu,0.0,24.4,63,,0.49
2016-02-11,kisumu,0.8,24.2,62,,0.47
2016-02-12,kisumu,2.5,24.3,64,,0.44
2016-02-13,kisumu,0.0,25.0,61,,0.41
2016-02-14,kisumu,0.0,24.7,62,,0.41
2016-02-15,kisumu,0.0,25.9,53,,0.39
2016-02-16,kisumu,0.0,26.3,48,,0.39
2016-02-17,kisumu,0.0,26.0,51,,0.39
2016-02-18,kisumu,0.0,26.7,54,,0.37
2016-02-19,kisumu,4.1,26.1,60,,0.37
2016-02-20,kisumu,0.0,26.4,58,,0.37
2016-02-21,kisumu,3.0,25.7,65,,0.36
2016-02-22,kisumu,0.0,25.6,65,,0.36
2016-02-23,kisumu,0.0,26.9,49,,0.36
2016-02-24,kisumu,0.2,26.9,57,,0.34
2016-02-25,kisumu,0.4,26.4,58,,0.34
2016-02-26,kisumu,0.5,26.2,58,,0.34
2016-02-27,kisumu,13.1,25.2,68,,0.31
2016-02-28,kisumu,0.0,26.1,55,,0.28
2016-02-29,kisumu,0.1,27.2,50,,0.28
2016-03-01,kisumu,0.7,26.7,57,,0.28
2016-03-02,kisumu,5.0,26.9,60,,0.28
2016-03-03,kisumu,1.8,25.7,66,,0.28
2016-03-04,kisumu,0.0,26.9,57,,0.26
2016-03-05,kisumu,0.5,26.8,55,,0.26
2016-03-06,kisumu,0.9,27.3,55,,0.26
2016-03-07,kisumu,4.7,26.8,60,,0.26
2016-03-08,kisumu,15.9,23.3,78,,0.26
2016-03-09,kisumu,19.9,22.3,81,,0.28
2016-03-10,kisumu,1.4,25.0,67,,0.3
2016-03-11,kisumu,0.0,25.3,67,,0.31
2016-03-12,kisumu,2.1,25.5,65,,0.3
2016-03-13,kisumu,0.0,26.0,54,,0.28
2016-03-14,kisumu,0.0,26.2,53,,0.28
2016-03-15,kisumu,0.0,26.7,49,,0.28
2016-03-16,kisumu,0.0,26.3,55,,0.25
2016-03-17,kisumu,0.9,25.2,66,,0.25
2016-03-18,kisumu,1.0,24.5,70,,0.25
2016-03-19,kisumu,0.2,25.9,63,,0.25
2016-03-20,kisumu,0.0,26.5,62,,0.25
2016-03-21,kisumu,0.0,26.3,59,,0.25
2016-03-22,kisumu,7.9,24.8,74,,0.25
2016-03-23,kisumu,5.4,24.2,73,,0.25
2016-03-24,kisumu,1.4,25.1,67,,0.22
2016-03-25,kisumu,0.0,26.1,63,,0.22
2016-03-26,kisumu,0.0,26.7,59,,0.22
2016-03-27,kisumu,0.3,26.3,57,,0.22
2016-03-28,kisumu,0.0,26.0,61,,0.22
2016-03-29,kisumu,0.2,26.1,64,,0.22
2016-03-30,kisumu,1.5,26.3,65,,0.22
2016-03-31,kisumu,0.5,25.7,67,,0.22
2016-04-01,kisumu,15.8,23.0,80,,0.22
2016-04-02,kisumu,15.3,21.8,82,,0.22
2016-04-03,kisumu,12.7,22.4,81,,0.25
2016-04-04,kisumu,11.7,21.2,88,,0.25
2016-04-05,kisumu,1.1,23.3,73,,0.31
2016-04-06,kisumu,1.0,24.6,67,,0.28
2016-04-07,kisumu,8.6,24.4,71,,0.28
2016-04-08,kisumu,5.1,23.7,77,,0.28
2016-04-09,kisumu,5.2,23.4,76,,0.28
2016-04-10,kisumu,3.8,23.6,73,,0.25
2016-04-11,kisumu,1.7,24.5,71,,0.25
2016-04-12,kisumu,10.0,24.1,75,,0.25
2016-04-13,kisumu,14.4,23.6,79,,0.25
2016-04-14,kisumu,6.4,22.8,81,,0.25
2016-04-15,kisumu,2.4,24.0,73,,0.25
2016-04-16,kisumu,12.1,23.7,76,,0.25
2016-04-17,kisumu,20.4,22.0,84,,0.25
2016-04-18,kisumu,14.1,22.0,84,,0.28
2016-04-19,kisumu,32.8,21.4,87,,0.31
2016-04-20,kisumu,6.3,22.5,77,,0.41
2016-04-21,kisumu,2.0,23.4,73,,0.47
2016-04-22,kisumu,7.9,23.7,77,,0.47
2016-04-23,kisumu,6.0,23.3,78,,0.44
2016-04-24,kisumu,11.7,22.6,82,,0.37
2016-04-25,kisumu,5.9,22.8,80,,0.37
2016-04-26,kisumu,8.3,22.3,81,,0.34
2016-04-27,kisumu,12.1,22.3,83,,0.41
2016-04-28,kisumu,9.6,22.0,84,,0.47
2016-04-29,kisumu,11.0,22.1,83,,0.53
2016-04-30,kisumu,5.3,22.8,78,,0.56
2016-05-01,kisumu,9.3,20.8,88,,0.53
2016-05-02,kisumu,1.4,22.5,76,,0.56
2016-05-03,kisumu,9.7,22.7,79,,0.59
2016-05-04,kisumu,1.4,22.9,78,,0.59
2016-05-05,kisumu,20.2,22.3,82,,0.56
2016-05-06,kisumu,27.4,21.6,86,,0.59
2016-05-07,kisumu,13.5,22.0,82,,0.75
2016-05-08,kisumu,5.7,22.6,79,,0.94
2016-05-09,kisumu,7.3,22.6,79,,0.97
2016-05-10,kisumu,25.5,21.6,86,,0.94
2016-05-11,kisumu,43.2,22.0,81,,1.25
2016-05-12,kisumu,4.8,22.4,78,,2.06
2016-05-13,kisumu,6.5,22.8,78,,2.72
2016-05-14,kisumu,5.9,23.2,74,,2.78
2016-05-15,kisumu,13.8,22.9,78,,2.78
2016-05-16,kisumu,7.3,22.3,81,,2.75
2016-05-17,kisumu,2.1,22.3,78,,2.75
2016-05-18,kisumu,3.9,23.0,73,,2.69
2016-05-19,kisumu,1.3,22.6,75,,2.6
2016-05-20,kisumu,2.2,22.1,81,,2.47
2016-05-21,kisumu,0.5,22.7,77,,2.4
2016-05-22,kisumu,14.1,22.3,82,,2.31
2016-05-23,kisumu,4.8,22.6,77,,2.22
2016-05-24,kisumu,6.6,22.3,79,,2.25
2016-05-25,kisumu,2.7,22.1,78,,2.22
2016-05-26,kisumu,0.8,22.5,76,,2.16
2016-05-27,kisumu,0.1,23.3,71,,2.06
2016-05-28,kisumu,0.3,23.5,68,,1.97
2016-05-29,kisumu,1.0,22.6,73,,1.88
2016-05-30,kisumu,0.5,22.5,75,,1.78
2016-05-31,kisumu,2.1,22.6,74,,1.65
2016-06-01,kisumu,0.4,23.4,69,,1.56
2016-06-02,kisumu,0.0,23.8,66,,1.47
2016-06-03,kisumu,0.8,23.3,70,,1.38
2016-06-04,kisumu,1.7,22.7,73,,1.28
2016-06-05,kisumu,1.3,23.0,73,,1.19
2016-06-06,kisumu,0.7,23.0,71,,1.12
2016-06-07,kisumu,0.2,23.5,66,,1.06
2016-06-08,kisumu,1.3,23.8,66,,1.0
2016-06-09,kisumu,3.3,22.6,73,,0.94
2016-06-10,kisumu,0.3,23.3,69,,0.91
2016-06-11,kisumu,8.5,22.7,75,,0.85
2016-06-12,kisumu,0.9,23.0,71,,0.81
2016-06-13,kisumu,2.5,22.8,74,,0.81
2016-06-14,kisumu,3.7,22.3,74,,0.78
2016-06-15,kisumu,2.6,22.1,74,,0.75
2016-06-16,kisumu,3.7,21.9,75,,0.72
2016-06-17,kisumu,5.2,21.3,75,,0.69
2016-06-18,kisumu,8.9,20.9,77,,0.67
2016-06-19,kisumu,0.0,22.0,67,,0.66
2016-06-20,kisumu,7.4,21.9,73,,0.64
2016-06-21,kisumu,17.9,20.3,83,,0.63
2016-06-22,kisumu,10.6,20.4,81,,0.66
2016-06-23,kisumu,1.1,21.5,72,,0.7
2016-06-24,kisumu,2.0,21.9,72,,0.72
2016-06-25,kisumu,0.3,22.3,72,,0.67
2016-06-26,kisumu,0.1,22.5,68,,0.63
2016-06-27,kisumu,0.0,22.7,65,,0.61
2016-06-28,kisumu,0.0,22.6,67,,0.58
2016-06-29,kisumu,0.4,22.8,67,,0.56
2016-06-30,kisumu,0.0,23.2,64,,0.55
2016-07-01,kisumu,0.4,23.0,65,,0.52
2016-07-02,kisumu,0.0,23.0,67,,0.5
2016-07-03,kisumu,0.1,23.3,68,,0.49
2016-07-04,kisumu,1.7,22.2,73,,0.45
2016-07-05,kisumu,0.7,22.5,69,,0.42
2016-07-06,kisumu,1.1,23.1,66,,0.41
2016-07-07,kisumu,0.8,22.8,66,,0.41
2016-07-08,kisumu,0.8,22.2,70,,0.39
2016-07-09,kisumu,2.1,22.4,69,,0.39
2016-07-10,kisumu,5.2,22.9,69,,0.37
2016-07-11,kisumu,13.0,21.4,78,,0.39
2016-07-12,kisumu,3.9,21.1,76,,0.42
2016-07-13,kisumu,0.5,21.8,72,,0.42
2016-07-14,kisumu,12.5,20.4,81,,0.42
2016-07-15,kisumu,0.0,21.7,71,,0.42
2016-07-16,kisumu,2.5,22.4,70,,0.41
2016-07-17,kisumu,2.0,21.8,72,,0.41
2016-07-18,kisumu,1.6,21.8,71,,0.41
2016-07-19,kisumu,0.0,22.7,66,,0.39
2016-07-20,kisumu,1.9,22.7,68,,0.39
2016-07-21,kisumu,3.3,22.5,70,,0.37
2016-07-22,kisumu,4.8,22.2,68,,0.37
2016-07-23,kisumu,1.7,21.9,71,,0.34
2016-07-24,kisumu,0.1,22.0,68,,0.33
2016-07-25,kisumu,0.0,23.3,64,,0.31
2016-07-26,kisumu,1.5,23.1,63,,0.31
2016-07-27,kisumu,3.4,22.7,66,,0.31
2016-07-28,kisumu,8.7,21.3,78,,0.3
2016-07-29,kisumu,0.0,22.2,69,,0.33
2016-07-30,kisumu,0.2,22.3,67,,0.34
2016-07-31,kisumu,0.1,22.5,66,,0.34
2016-08-01,kisumu,0.2,22.4,69,,0.33
2016-08-02,kisumu,0.0,23.4,61,,0.31
2016-08-03,kisumu,1.5,22.6,63,,0.31
2016-08-04,kisumu,0.7,21.8,67,,0.3
2016-08-05,kisumu,3.3,23.0,65,,0.3
2016-08-06,kisumu,10.3,22.4,70,,0.28
2016-08-07,kisumu,18.8,21.6,75,,0.3
2016-08-08,kisumu,6.6,21.4,76,,0.3
2016-08-09,kisumu,1.0,23.0,66,,0.31
2016-08-10,kisumu,0.0,22.8,63,,0.31
2016-08-11,kisumu,6.9,23.2,63,,0.3
2016-08-12,kisumu,6.0,22.9,65,,0.3
2016-08-13,kisumu,2.8,23.1,64,,0.3
2016-08-14,kisumu,0.4,22.9,65,,0.3
2016-08-15,kisumu,0.1,23.5,62,,0.28
2016-08-16,kisumu,0.2,23.8,58,,0.28
2016-08-17,kisumu,0.0,23.2,56,,0.28
2016-08-18,kisumu,0.0,24.1,54,,0.26
2016-08-19,kisumu,0.5,23.9,61,,0.26
2016-08-20,kisumu,0.2,23.9,58,,0.26
2016-08-21,kisumu,0.0,24.3,59,,0.26
2016-08-22,kisumu,1.3,24.6,57,,0.25
2016-08-23,kisumu,0.2,24.2,60,,0.25
2016-08-24,kisumu,1.1,24.6,54,,0.25
2016-08-25,kisumu,2.1,23.1,64,,0.25
2016-08-26,kisumu,1.0,24.1,54,,0.25
2016-08-27,kisumu,1.2,23.9,59,,0.24
2016-08-28,kisumu,1.2,24.0,57,,0.24
2016-08-29,kisumu,0.1,24.0,56,,0.24
2016-08-30,kisumu,0.1,24.0,56,,0.23
2016-08-31,kisumu,2.2,23.2,63,,0.23
2016-09-01,kisumu,0.3,23.6,58,,0.23
2016-09-02,kisumu,0.3,23.9,52,,0.23
2016-09-03,kisumu,0.1,24.2,55,,0.23
2016-09-04,kisumu,1.9,23.3,63,,0.23
2016-09-05,kisumu,0.0,23.8,60,,0.23
2016-09-06,kisumu,0.2,24.4,56,,0.23
2016-09-07,kisumu,0.2,24.5,57,,0.23
2016-09-08,kisumu,1.1,23.5,66,,0.23
2016-09-09,kisumu,0.0,24.5,56,,0.23
2016-09-10,kisumu,0.8,24.7,53,,0.23
2016-09-11,kisumu,0.0,24.7,51,,0.22
2016-09-12,kisumu,1.2,24.3,58,,0.22
2016-09-13,kisumu,0.3,24.9,55,,0.21
2016-09-14,kisumu,4.9,24.0,64,,0.21
2016-09-15,kisumu,5.8,23.2,68,,0.21
2016-09-16,kisumu,2.7,23.7,63,,0.22
2016-09-17,kisumu,1.2,23.4,65,,0.23
2016-09-18,kisumu,4.2,23.5,64,,0.23
2016-09-19,kisumu,5.0,24.0,62,,0.22
2016-09-20,kisumu,0.0,24.5,56,,0.22
2016-09-21,kisumu,4.3,23.7,64,,0.22
2016-09-22,kisumu,9.7,23.7,63,,0.23
2016-09-23,kisumu,0.7,23.7,63,,0.23
2016-09-24,kisumu,4.8,23.5,69,,0.23
2016-09-25,kisumu,2.0,23.8,66,,0.23
2016-09-26,kisumu,8.5,22.2,76,,0.22
2016-09-27,kisumu,9.3,21.3,82,,0.25
2016-09-28,kisumu,1.2,22.2,71,,0.3
2016-09-29,kisumu,3.6,22.9,73,,0.31
2016-09-30,kisumu,4.8,23.8,67,,0.3
2016-10-01,kisumu,5.3,24.1,65,,0.28
2016-10-02,kisumu,3.6,23.6,66,,0.26
2016-10-03,kisumu,20.2,21.1,83,,0.26
2016-10-04,kisumu,11.2,22.0,75,,0.27
2016-10-05,kisumu,9.3,21.5,81,,0.29
2016-10-06,kisumu,7.2,22.4,78,,0.3
2016-10-07,kisumu,4.3,23.8,70,,0.3
2016-10-08,kisumu,2.6,23.9,68,,0.28
2016-10-09,kisumu,1.5,24.3,64,,0.26
2016-10-10,kisumu,0.9,24.7,62,,0.25
2016-10-11,kisumu,0.0,24.1,60,,0.24
2016-10-12,kisumu,0.0,24.7,59,,0.23
2016-10-13,kisumu,4.5,24.5,64,,0.22
2016-10-14,kisumu,0.6,24.7,58,,0.21
2016-10-15,kisumu,0.0,24.7,60,,0.21
2016-10-16,kisumu,1.3,25.0,60,,0.2
2016-10-17,kisumu,0.0,25.5,56,,0.19
2016-10-18,kisumu,4.2,24.9,60,,0.18
2016-10-19,kisumu,0.0,25.1,59,,0.15
2016-10-20,kisumu,7.9,24.1,67,,0.14
2016-10-21,kisumu,5.0,24.5,62,,0.14
2016-10-22,kisumu,4.2,24.2,62,,0.13
2016-10-23,kisumu,0.9,24.2,58,,0.14
2016-10-24,kisumu,1.9,24.1,61,,0.14
2016-10-25,kisumu,5.5,24.4,60,,0.14
2016-10-26,kisumu,0.0,25.1,58,,0.13
2016-10-27,kisumu,0.4,24.0,63,,0.13
2016-10-28,kisumu,0.9,23.5,64,,0.13
2016-10-29,kisumu,0.8,24.8,58,,0.13
2016-10-30,kisumu,1.4,24.8,61,,0.13
2016-10-31,kisumu,0.0,25.2,56,,0.12
2016-11-01,kisumu,2.3,24.8,57,,0.12
2016-11-02,kisumu,1.7,23.8,61,,0.12
2016-11-03,kisumu,15.9,23.8,66,,0.12
2016-11-04,kisumu,18.5,22.9,74,,0.13
2016-11-05,kisumu,10.6,22.9,69,,0.14
2016-11-06,kisumu,4.3,23.7,66,,0.16
2016-11-07,kisumu,1.1,23.3,69,,0.16
2016-11-08,kisumu,7.7,23.0,71,,0.16
2016-11-09,kisumu,10.3,23.4,72,,0.16
2016-11-10,kisumu,5.2,23.4,66,,0.16
2016-11-11,kisumu,1.3,24.3,62,,0.16
2016-11-12,kisumu,0.2,24.6,59,,0.16
2016-11-13,kisumu,0.0,24.2,60,,0.15
2016-11-14,kisumu,0.3,24.3,61,,0.14
2016-11-15,kisumu,0.0,24.4,60,,0.13
2016-11-16,kisumu,1.1,24.4,58,,0.13
2016-11-17,kisumu,18.0,23.5,68,,0.12
2016-11-18,kisumu,19.6,23.2,70,,0.13
2016-11-19,kisumu,8.0,23.0,70,,0.15
2016-11-20,kisumu,0.3,24.2,63,,0.16
2016-11-21,kisumu,2.5,25.2,58,,0.16
2016-11-22,kisumu,10.8,24.0,66,,0.16
2016-11-23,kisumu,9.9,22.1,77,,0.16
2016-11-24,kisumu,7.4,22.7,70,,0.16
2016-11-25,kisumu,4.0,22.9,68,,0.17
2016-11-26,kisumu,5.3,23.1,69,,0.17
2016-11-27,kisumu,9.3,23.3,71,,0.17
2016-11-28,kisumu,1.5,23.9,67,,0.19
2016-11-29,kisumu,5.3,24.1,67,,0.2
2016-11-30,kisumu,0.0,24.1,65,,0.2
2016-12-01,kisumu,2.0,23.7,67,,0.2
2016-12-02,kisumu,8.6,23.0,71,,0.19
2016-12-03,kisumu,13.8,23.3,67,,0.19
2016-12-04,kisumu,3.0,24.0,63,,0.19
2016-12-05,kisumu,0.0,24.7,51,,0.19
2016-12-06,kisumu,0.2,25.2,52,,0.19
2016-12-07,kisumu,0.5,24.0,61,,0.19
2016-12-08,kisumu,0.9,23.5,62,,0.17
2016-12-09,kisumu,0.0,23.9,61,,0.16
2016-12-10,kisumu,1.7,23.6,63,,0.14
2016-12-11,kisumu,1.0,24.8,56,,0.12
2016-12-12,kisumu,13.9,23.5,68,,0.12
2016-12-13,kisumu,0.0,24.3,58,,0.12
2016-12-14,kisumu,0.0,25.1,51,,0.12
2016-12-15,kisumu,0.8,24.0,59,,0.12
2016-12-16,kisumu,0.5,23.4,64,,0.11
2016-12-17,kisumu,0.0,24.4,57,,0.11
2016-12-18,kisumu,0.0,25.0,53,,0.11
2016-12-19,kisumu,0.0,25.7,45,,0.11
2016-12-20,kisumu,0.0,26.0,40,,0.11
2016-12-21,kisumu,0.0,26.4,42,,0.11
2016-12-22,kisumu,0.6,26.2,46,,0.11
2016-12-23,kisumu,0.0,26.6,43,,0.11
2016-12-24,kisumu,0.2,26.1,45,,0.09
2016-12-25,kisumu,0.0,26.7,43,,0.09
2016-12-26,kisumu,0.3,27.3,42,,0.09
2016-12-27,kisumu,2.0,26.1,51,,0.09
2016-12-28,kisumu,5.4,25.3,62,,0.09
2016-12-29,kisumu,10.9,24.6,63,,0.09
2016-12-30,kisumu,3.8,24.2,62,,0.11
2016-12-31,kisumu,5.1,24.5,64,,0.11
2017-01-01,kisumu,7.0,24.0,67,,0.11
2017-01-02,kisumu,3.1,23.2,70,,0.11
2017-01-03,kisumu,0.0,23.7,61,,0.09
2017-01-04,kisumu,0.0,25.0,58,,0.09
2017-01-05,kisumu,0.0,25.3,47,,0.09
2017-01-06,kisumu,0.0,25.3,43,,0.09
2017-01-07,kisumu,0.0,25.1,42,,0.09
2017-01-08,kisumu,0.0,25.2,48,,0.09
2017-01-09,kisumu,0.0,25.4,46,,0.09
2017-01-10,kisumu,0.0,25.0,43,,0.09
2017-01-11,kisumu,0.0,25.2,46,,0.08
2017-01-12,kisumu,0.0,25.5,39,,0.09
2017-01-13,kisumu,0.0,24.6,43,,0.09
2017-01-14,kisumu,0.0,25.0,52,,0.09
2017-01-15,kisumu,0.5,25.5,51,,0.09
2017-01-16,kisumu,0.0,25.9,47,,0.06
2017-01-17,kisumu,0.0,25.2,39,,0.06
2017-01-18,kisumu,0.0,25.8,38,,0.06
2017-01-19,kisumu,0.0,26.2,38,,0.06
2017-01-20,kisumu,0.0,26.0,43,,0.06
2017-01-21,kisumu,0.0,26.1,50,,0.06
2017-01-22,kisumu,0.0,25.8,49,,0.06
2017-01-23,kisumu,0.0,26.2,48,,0.03
2017-01-24,kisumu,0.0,26.2,38,,0.03
2017-01-25,kisumu,0.0,25.7,41,,0.03
2017-01-26,kisumu,0.0,25.3,48,,0.03
2017-01-27,kisumu,0.0,24.7,52,,0.03
2017-01-28,kisumu,0.9,24.7,55,,0.03
2017-01-29,kisumu,4.4,23.4,67,,0.03
2017-01-30,kisumu,2.2,23.3,67,,0.03
2017-01-31,kisumu,0.9,23.3,67,,0.03
2017-02-01,kisumu,0.8,24.1,64,,0.06
2017-02-02,kisumu,0.4,24.5,60,,0.06
2017-02-03,kisumu,7.0,23.8,66,,0.06
2017-02-04,kisumu,1.4,22.5,73,,0.06
2017-02-05,kisumu,0.0,24.4,58,,0.06
2017-02-06,kisumu,0.0,24.7,51,,0.03
2017-02-07,kisumu,0.0,25.7,53,,0.03
2017-02-08,kisumu,0.0,25.5,46,,0.03
2017-02-09,kisumu,0.0,25.4,43,,0.03
2017-02-10,kisumu,0.0,25.2,45,,0.03
2017-02-11,kisumu,0.0,25.9,51,,0.03
2017-02-12,kisumu,0.0,26.4,50,,0.03
2017-02-13,kisumu,0.0,26.4,50,,0.03
2017-02-14,kisumu,3.0,25.6,57,,0.03
2017-02-15,kisumu,0.1,26.2,55,,0.03
2017-02-16,kisumu,1.0,26.1,52,,0.03
2017-02-17,kisumu,1.2,23.2,71,,0.03
2017-02-18,kisumu,3.0,23.3,70,,0.03
2017-02-19,kisumu,5.0,23.3,72,,0.03
2017-02-20,kisumu,1.1,23.3,71,,0.03
2017-02-21,kisumu,5.2,22.6,74,,0.03
2017-02-22,kisumu,7.9,22.3,73,,0.03
2017-02-23,kisumu,0.2,23.8,61,,0.03
2017-02-24,kisumu,1.3,23.5,67,,0.03
2017-02-25,kisumu,14.2,22.2,78,,0.03
2017-02-26,kisumu,0.2,23.2,68,,0.03
2017-02-27,kisumu,8.9,21.6,78,,0.03
2017-02-28,kisumu,2.3,22.3,73,,0.03
2017-03-01,kisumu,1.1,22.7,71,,0.03
2017-03-02,kisumu,0.0,23.0,68,,0.03
2017-03-03,kisumu,2.2,23.0,73,,0.03
2017-03-04,kisumu,1.1,22.9,69,,0.03
2017-03-05,kisumu,0.0,23.4,67,,0.03
2017-03-06,kisumu,0.0,24.3,66,,0.03
2017-03-07,kisumu,0.0,24.2,67,,0.03
2017-03-08,kisumu,8.1,24.7,60,,0.03
2017-03-09,kisumu,1.4,22.9,75,,0.03
2017-03-10,kisumu,0.0,23.9,70,,0.03
2017-03-11,kisumu,0.0,24.8,64,,0.03
2017-03-12,kisumu,0.0,25.0,63,,0.03
2017-03-13,kisumu,0.0,25.3,51,,0.03
2017-03-14,kisumu,0.1,25.3,57,,0.03
2017-03-15,kisumu,0.8,25.4,61,,0.03
2017-03-16,kisumu,12.0,22.9,74,,0.03
2017-03-17,kisumu,16.6,22.2,75,,0.03
2017-03-18,kisumu,0.0,24.1,65,,0.06
2017-03-19,kisumu,0.3,24.8,70,,0.06
2017-03-20,kisumu,0.6,24.0,74,,0.06
2017-03-21,kisumu,0.3,24.2,70,,0.06
2017-03-22,kisumu,0.1,24.4,70,,0.06
2017-03-23,kisumu,2.0,24.0,73,,0.03
2017-03-24,kisumu,3.4,23.9,72,,0.03
2017-03-25,kisumu,2.3,22.6,79,,0.03
2017-03-26,kisumu,1.9,23.0,74,,0.03
2017-03-27,kisumu,1.6,24.3,64,,0.03
2017-03-28,kisumu,2.6,24.4,69,,0.03
2017-03-29,kisumu,0.5,25.0,66,,0.03
2017-03-30,kisumu,12.1,23.3,75,,0.06
2017-03-31,kisumu,0.5,23.0,75,,0.06
2017-04-01,kisumu,0.1,24.0,69,,0.06
2017-04-02,kisumu,0.2,24.6,61,,0.06
2017-04-03,kisumu,0.0,25.0,56,,0.03
2017-04-04,kisumu,0.0,25.2,61,,0.03
2017-04-05,kisumu,0.1,25.2,61,,0.03
2017-04-06,kisumu,1.7,24.5,67,,0.03
2017-04-07,kisumu,14.4,23.1,78,,0.03
2017-04-08,kisumu,2.5,22.7,78,,0.03
2017-04-09,kisumu,0.0,23.7,67,,0.06
2017-04-10,kisumu,0.0,24.3,67,,0.06
2017-04-11,kisumu,4.9,24.6,67,,0.06
2017-04-12,kisumu,0.1,25.2,65,,0.06
2017-04-13,kisumu,0.0,25.8,60,,0.06
2017-04-14,kisumu,0.0,25.6,55,,0.03
2017-04-15,kisumu,0.0,25.0,66,,0.03
2017-04-16,kisumu,12.8,23.9,71,,0.03
2017-04-17,kisumu,24.3,22.2,82,,0.03
2017-04-18,kisumu,8.0,22.3,79,,0.06
2017-04-19,kisumu,0.5,23.4,71,,0.06
2017-04-20,kisumu,10.5,23.2,76,,0.09
2017-04-21,kisumu,0.4,23.5,74,,0.09
2017-04-22,kisumu,4.4,23.4,76,,0.09
2017-04-23,kisumu,5.8,23.0,79,,0.09
2017-04-24,kisumu,5.2,22.4,78,,0.09
2017-04-25,kisumu,1.9,23.1,70,,0.09
2017-04-26,kisumu,0.7,23.5,70,,0.06
2017-04-27,kisumu,1.9,23.5,74,,0.06
2017-04-28,kisumu,0.6,23.3,72,,0.06
2017-04-29,kisumu,2.4,22.0,79,,0.09
2017-04-30,kisumu,1.3,22.2,79,,0.09
2017-05-01,kisumu,0.0,22.4,73,,0.12
2017-05-02,kisumu,2.5,22.5,72,,0.12
2017-05-03,kisumu,0.0,22.5,74,,0.12
2017-05-04,kisumu,5.1,22.6,75,,0.12
2017-05-05,kisumu,9.4,22.7,79,,0.12
2017-05-06,kisumu,2.7,22.8,75,,0.12
2017-05-07,kisumu,6.6,22.4,80,,0.12
2017-05-08,kisumu,7.7,22.7,78,,0.16
2017-05-09,kisumu,1.0,22.8,75,,0.16
2017-05-10,kisumu,0.1,22.9,73,,0.16
2017-05-11,kisumu,1.3,23.0,75,,0.16
2017-05-12,kisumu,2.1,22.8,78,,0.16
2017-05-13,kisumu,0.8,23.0,74,,0.12
2017-05-14,kisumu,0.0,23.2,69,,0.12
2017-05-15,kisumu,2.3,22.8,72,,0.12
2017-05-16,kisumu,1.0,23.0,73,,0.12
2017-05-17,kisumu,0.7,22.5,74,,0.09
2017-05-18,kisumu,0.0,22.6,74,,0.09
2017-05-19,kisumu,0.4,22.8,71,,0.09
2017-05-20,kisumu,0.2,23.5,68,,0.09
2017-05-21,kisumu,1.0,23.4,72,,0.06
2017-05-22,kisumu,0.0,23.7,67,,0.06
2017-05-23,kisumu,1.7,23.6,65,,0.06
2017-05-24,kisumu,0.1,23.8,67,,0.06
2017-05-25,kisumu,0.0,23.6,69,,0.06
2017-05-26,kisumu,0.1,23.8,65,,0.06
2017-05-27,kisumu,0.8,23.9,65,,0.03
2017-05-28,kisumu,2.5,22.7,70,,0.03
2017-05-29,kisumu,1.4,23.5,65,,0.03
2017-05-30,kisumu,3.6,22.2,79,,0.06
2017-05-31,kisumu,0.2,23.3,70,,0.06
2017-06-01,kisumu,0.3,23.2,66,,0.06
2017-06-02,kisumu,0.7,23.4,66,,0.06
2017-06-03,kisumu,0.8,23.4,69,,0.06
2017-06-04,kisumu,0.5,23.1,71,,0.06
2017-06-05,kisumu,0.0,23.9,66,,0.03
2017-06-06,kisumu,1.0,24.0,65,,0.03
2017-06-07,kisumu,0.5,24.5,63,,0.03
2017-06-08,kisumu,2.5,24.2,66,,0.03
2017-06-09,kisumu,0.5,24.4,64,,0.03
2017-06-10,kisumu,0.3,24.3,65,,0.03
2017-06-11,kisumu,0.3,24.4,63,,0.03
2017-06-12,kisumu,0.0,24.2,64,,0.03
2017-06-13,kisumu,0.8,23.9,67,,0.03
2017-06-14,kisumu,2.8,23.5,63,,0.03
2017-06-15,kisumu,1.0,23.5,63,,0.03
2017-06-16,kisumu,2.2,23.6,63,,0.03
2017-06-17,kisumu,2.3,23.3,67,,0.03
2017-06-18,kisumu,0.3,23.0,67,,0.03
2017-06-19,kisumu,1.0,22.9,65,,0.03
2017-06-20,kisumu,0.0,23.5,60,,0.03
2017-06-21,kisumu,0.3,23.7,58,,0.03
2017-06-22,kisumu,0.7,23.2,64,,0.03
2017-06-23,kisumu,0.0,23.5,67,,0.03
2017-06-24,kisumu,0.0,24.1,61,,0.02
2017-06-25,kisumu,0.1,23.1,69,,0.02
2017-06-26,kisumu,0.0,23.6,63,,0.02
2017-06-27,kisumu,0.1,23.7,64,,0.02
2017-06-28,kisumu,2.3,22.7,69,,0.02
2017-06-29,kisumu,2.9,22.0,75,,0.02
2017-06-30,kisumu,0.0,22.4,68,,0.02
2017-07-01,kisumu,7.8,22.8,65,,0.02
2017-07-02,kisumu,0.0,23.7,59,,0.02
2017-07-03,kisumu,4.6,22.6,68,,0.02
2017-07-04,kisumu,0.0,22.8,67,,0.02
2017-07-05,kisumu,9.0,22.1,72,,0.02
2017-07-06,kisumu,2.1,21.9,75,,0.02
2017-07-07,kisumu,0.0,22.2,65,,0.02
2017-07-08,kisumu,0.0,22.5,66,,0.02
2017-07-09,kisumu,1.3,22.2,67,,0.02
2017-07-10,kisumu,0.0,22.8,58,,0.02
2017-07-11,kisumu,0.0,23.4,54,,0.02
2017-07-12,kisumu,1.7,22.0,71,,0.02
2017-07-13,kisumu,0.0,22.3,67,,0.02
2017-07-14,kisumu,0.0,22.9,66,,0.02
2017-07-15,kisumu,0.7,22.9,68,,0.02
2017-07-16,kisumu,4.1,22.7,69,,0.02
2017-07-17,kisumu,1.7,23.2,66,,0.02
2017-07-18,kisumu,0.0,23.7,65,,0.03
2017-07-19,kisumu,0.6,22.9,63,,0.03
2017-07-20,kisumu,0.0,23.3,62,,0.03
2017-07-21,kisumu,0.0,23.6,59,,0.03
2017-07-22,kisumu,6.5,23.1,64,,0.03
2017-07-23,kisumu,10.7,21.8,80,,0.03
2017-07-24,kisumu,4.6,21.7,75,,0.03
2017-07-25,kisumu,0.8,21.5,74,,0.03
2017-07-26,kisumu,10.7,21.1,78,,0.03
2017-07-27,kisumu,0.0,22.8,67,,0.03
2017-07-28,kisumu,1.2,22.8,67,,0.03
2017-07-29,kisumu,1.1,22.4,68,,0.03
2017-07-30,kisumu,0.3,23.0,65,,0.03
2017-07-31,kisumu,0.7,23.1,63,,0.03
2017-08-01,kisumu,1.8,22.5,67,,0.03
2017-08-02,kisumu,0.5,21.3,72,,0.03
2017-08-03,kisumu,0.0,23.4,58,,0.03
2017-08-04,kisumu,0.4,22.9,65,,0.03
2017-08-05,kisumu,2.0,22.7,68,,0.03
2017-08-06,kisumu,1.1,23.0,64,,0.03
2017-08-07,kisumu,2.6,22.2,71,,0.03
2017-08-08,kisumu,0.5,21.8,72,,0.03
2017-08-09,kisumu,0.7,22.6,69,,0.03
2017-08-10,kisumu,7.7,22.1,72,,0.05
2017-08-11,kisumu,4.3,22.3,70,,0.05
2017-08-12,kisumu,2.5,22.5,70,,0.05
2017-08-13,kisumu,0.5,22.7,66,,0.05
2017-08-14,kisumu,0.2,22.9,63,,0.05
2017-08-15,kisumu,0.8,22.9,68,,0.05
2017-08-16,kisumu,2.1,22.6,73,,0.03
2017-08-17,kisumu,0.8,22.8,70,,0.03
2017-08-18,kisumu,1.9,23.0,67,,0.03
2017-08-19,kisumu,1.9,23.4,67,,0.03
2017-08-20,kisumu,0.0,23.7,63,,0.03
2017-08-21,kisumu,0.3,23.4,64,,0.03
2017-08-22,kisumu,5.8,22.8,67,,0.03
2017-08-23,kisumu,3.6,22.6,70,,0.03
2017-08-24,kisumu,0.3,22.6,67,,0.04
2017-08-25,kisumu,0.2,23.4,64,,0.04
2017-08-26,kisumu,0.2,23.1,66,,0.04
2017-08-27,kisumu,1.0,23.2,71,,0.05
2017-08-28,kisumu,0.0,23.6,62,,0.06
2017-08-29,kisumu,5.0,22.7,71,,0.07
2017-08-30,kisumu,10.6,21.9,78,,0.07
2017-08-31,kisumu,6.7,21.9,75,,0.08
2017-09-01,kisumu,1.9,21.7,75,,0.07
2017-09-02,kisumu,1.4,22.5,69,,0.08
2017-09-03,kisumu,1.9,22.4,69,,0.08
2017-09-04,kisumu,17.2,20.7,83,,0.08
2017-09-05,kisumu,0.0,21.9,70,,0.1
2017-09-06,kisumu,3.4,21.9,70,,0.1
2017-09-07,kisumu,0.9,21.5,75,,0.09
2017-09-08,kisumu,1.0,22.3,68,,0.09
2017-09-09,kisumu,0.1,22.9,65,,0.08
2017-09-10,kisumu,4.7,21.9,74,,0.07
2017-09-11,kisumu,0.4,23.0,67,,0.07
2017-09-12,kisumu,0.4,22.8,69,,0.07
2017-09-13,kisumu,6.5,22.8,71,,0.07
2017-09-14,kisumu,6.7,21.8,78,,0.08
2017-09-15,kisumu,4.1,21.7,77,,0.1
2017-09-16,kisumu,5.2,22.9,69,,0.11
2017-09-17,kisumu,4.4,22.5,72,,0.1
2017-09-18,kisumu,7.0,22.9,74,,0.1
2017-09-19,kisumu,3.2,23.0,69,,0.09
2017-09-20,kisumu,1.9,23.4,64,,0.09
2017-09-21,kisumu,0.2,23.2,70,,0.08
2017-09-22,kisumu,0.3,23.0,67,,0.07
2017-09-23,kisumu,0.0,23.6,64,,0.07
2017-09-24,kisumu,0.8,23.5,62,,0.07
2017-09-25,kisumu,0.5,23.4,62,,0.07
2017-09-26,kisumu,5.4,23.1,71,,0.06
2017-09-27,kisumu,0.0,23.0,73,,0.06
2017-09-28,kisumu,2.1,23.6,74,,0.05
2017-09-29,kisumu,9.4,23.0,73,,0.06
2017-09-30,kisumu,0.0,23.0,71,,0.06
2017-10-01,kisumu,0.2,23.6,64,,0.06
2017-10-02,kisumu,0.1,23.9,62,,0.06
2017-10-03,kisumu,0.6,24.0,60,,0.06
2017-10-04,kisumu,0.0,24.4,53,,0.05
2017-10-05,kisumu,2.4,24.1,60,,0.05
2017-10-06,kisumu,0.0,24.5,60,,0.05
2017-10-07,kisumu,2.1,24.6,60,,0.04
2017-10-08,kisumu,0.0,24.7,53,,0.04
2017-10-09,kisumu,5.4,24.6,57,,0.04
2017-10-10,kisumu,3.3,22.9,74,,0.04
2017-10-11,kisumu,11.3,21.9,82,,0.05
2017-10-12,kisumu,3.8,21.9,80,,0.07
2017-10-13,kisumu,9.8,21.7,80,,0.09
2017-10-14,kisumu,8.7,22.3,70,,0.09
2017-10-15,kisumu,4.5,23.3,67,,0.08
2017-10-16,kisumu,0.7,23.1,71,,0.07
2017-10-17,kisumu,1.7,23.6,70,,0.06
2017-10-18,kisumu,2.5,23.4,73,,0.05
2017-10-19,kisumu,5.1,22.2,79,,0.09
2017-10-20,kisumu,3.4,21.5,80,,0.12
2017-10-21,kisumu,4.1,21.9,80,,0.19
2017-10-22,kisumu,0.0,23.1,74,,0.23
2017-10-23,kisumu,2.7,23.1,67,,0.22
2017-10-24,kisumu,3.0,23.0,70,,0.19
2017-10-25,kisumu,2.7,22.8,76,,0.16
2017-10-26,kisumu,0.1,22.5,76,,0.13
2017-10-27,kisumu,0.9,23.4,69,,0.16
2017-10-28,kisumu,1.7,23.3,72,,0.17
2017-10-29,kisumu,3.2,23.2,71,,0.16
2017-10-30,kisumu,5.0,23.4,71,,0.14
2017-10-31,kisumu,0.7,23.1,65,,0.12
2017-11-01,kisumu,0.9,23.7,66,,0.11
2017-11-02,kisumu,0.1,24.1,59,,0.09
2017-11-03,kisumu,2.7,24.0,67,,0.09
2017-11-04,kisumu,6.4,22.1,79,,0.09
2017-11-05,kisumu,24.0,20.2,86,,0.12
2017-11-06,kisumu,1.6,21.4,77,,0.25
2017-11-07,kisumu,8.6,20.7,86,,0.34
2017-11-08,kisumu,3.1,21.6,79,,0.37
2017-11-09,kisumu,1.4,21.9,78,,0.36
2017-11-10,kisumu,0.9,22.1,77,,0.38
2017-11-11,kisumu,0.4,22.0,72,,0.41
2017-11-12,kisumu,0.4,21.7,77,,0.43
2017-11-13,kisumu,4.4,22.3,73,,0.45
2017-11-14,kisumu,0.0,22.1,72,,0.49
2017-11-15,kisumu,0.0,22.7,66,,0.49
2017-11-16,kisumu,1.6,23.6,68,,0.46
2017-11-17,kisumu,2.7,23.1,67,,0.41
2017-11-18,kisumu,0.2,23.3,67,,0.37
2017-11-19,kisumu,2.0,23.4,63,,0.34
2017-11-20,kisumu,0.1,22.8,60,,0.31
2017-11-21,kisumu,0.9,23.2,66,,0.26
2017-11-22,kisumu,0.1,23.7,66,,0.23
2017-11-23,kisumu,2.0,23.5,66,,0.2
2017-11-24,kisumu,8.9,22.4,71,,0.19
2017-11-25,kisumu,6.2,21.8,78,,0.22
2017-11-26,kisumu,1.7,21.7,77,,0.25
2017-11-27,kisumu,0.0,23.0,64,,0.3
2017-11-28,kisumu,0.0,23.2,62,,0.3
2017-11-29,kisumu,1.4,22.8,72,,0.28
2017-11-30,kisumu,1.8,22.6,72,,0.28
2017-12-01,kisumu,0.0,22.6,74,,0.3
2017-12-02,kisumu,0.0,23.1,70,,0.28
2017-12-03,kisumu,1.7,23.3,73,,0.28
2017-12-04,kisumu,0.0,23.8,63,,0.26
2017-12-05,kisumu,0.0,23.5,65,,0.25
2017-12-06,kisumu,2.5,24.0,62,,0.23
2017-12-07,kisumu,0.0,24.3,64,,0.22
2017-12-08,kisumu,3.1,24.2,70,,0.22
2017-12-09,kisumu,7.4,23.3,75,,0.22
2017-12-10,kisumu,6.0,22.9,73,,0.2
2017-12-11,kisumu,0.0,23.4,66,,0.19
2017-12-12,kisumu,0.8,23.3,64,,0.17
2017-12-13,kisumu,0.0,23.9,56,,0.16
2017-12-14,kisumu,0.2,24.4,57,,0.14
2017-12-15,kisumu,0.0,24.6,58,,0.12
2017-12-16,kisumu,1.4,24.1,65,,0.12
2017-12-17,kisumu,0.0,24.6,62,,0.12
2017-12-18,kisumu,0.5,23.7,65,,0.12
2017-12-19,kisumu,0.0,24.1,60,,0.12
2017-12-20,kisumu,0.0,24.7,55,,0.12
2017-12-21,kisumu,0.0,23.9,57,,0.11
2017-12-22,kisumu,1.3,24.1,62,,0.11
2017-12-23,kisumu,0.0,24.5,48,,0.11
2017-12-24,kisumu,0.0,25.6,42,,0.11
2017-12-25,kisumu,1.1,24.2,56,,0.09
2017-12-26,kisumu,0.0,24.3,57,,0.09
2017-12-27,kisumu,0.0,24.2,57,,0.09
2017-12-28,kisumu,0.0,24.5,59,,0.09
2017-12-29,kisumu,0.1,24.7,59,,0.09
2017-12-30,kisumu,0.3,24.4,60,,0.08
2017-12-31,kisumu,10.6,23.1,69,,0.08
2018-01-01,kisumu,11.8,22.2,75,,0.08
2018-01-02,kisumu,0.6,22.6,69,,0.08
2018-01-03,kisumu,7.1,23.0,70,,0.08
2018-01-04,kisumu,2.2,21.3,75,,0.09
2018-01-05,kisumu,1.3,22.1,71,,0.09
2018-01-06,kisumu,0.6,22.6,68,,0.09
2018-01-07,kisumu,2.1,22.9,64,,0.09
2018-01-08,kisumu,0.0,23.4,61,,0.08
2018-01-09,kisumu,0.0,23.3,60,,0.08
2018-01-10,kisumu,0.5,23.0,63,,0.08
2018-01-11,kisumu,2.5,23.2,61,,0.08
2018-01-12,kisumu,4.5,23.2,63,,0.08
2018-01-13,kisumu,6.4,22.2,71,,0.08
2018-01-14,kisumu,0.9,22.6,71,,0.05
2018-01-15,kisumu,1.4,23.1,71,,0.03
2018-01-16,kisumu,0.0,23.0,69,,0.03
2018-01-17,kisumu,0.5,23.5,62,,0.03
2018-01-18,kisumu,0.0,23.1,63,,0.03
2018-01-19,kisumu,0.6,23.3,65,,0.03
2018-01-20,kisumu,1.3,22.9,65,,0.03
2018-01-21,kisumu,0.0,22.9,63,,0.02
2018-01-22,kisumu,0.0,23.5,59,,0.02
2018-01-23,kisumu,0.0,23.3,61,,0.02
2018-01-24,kisumu,1.2,23.3,63,,0.02
2018-01-25,kisumu,2.5,22.0,71,,0.02
2018-01-26,kisumu,4.1,22.0,71,,0.02
2018-01-27,kisumu,0.0,23.1,66,,0.03
2018-01-28,kisumu,0.0,23.7,67,,0.03
2018-01-29,kisumu,0.9,23.9,67,,0.03
2018-01-30,kisumu,0.1,24.3,64,,0.03
2018-01-31,kisumu,0.0,24.4,59,,0.03
2018-02-01,kisumu,0.0,25.0,58,,0.03
2018-02-02,kisumu,0.0,25.2,62,,0.03
2018-02-03,kisumu,0.0,24.8,56,,0.03
2018-02-04,kisumu,0.0,25.4,43,,0.03
2018-02-05,kisumu,0.0,26.6,46,,0.03
2018-02-06,kisumu,0.0,26.0,49,,0.03
2018-02-07,kisumu,0.0,26.1,52,,0.03
2018-02-08,kisumu,0.0,26.1,48,,0.03
2018-02-09,kisumu,0.0,25.3,50,,0.03
2018-02-10,kisumu,0.0,26.4,49,,0.03
2018-02-11,kisumu,0.0,26.2,50,,0.03
2018-02-12,kisumu,0.0,26.5,47,,0.03
2018-02-13,kisumu,0.0,25.8,54,,0.03
2018-02-14,kisumu,0.0,26.6,41,,0.03
2018-02-15,kisumu,0.0,27.4,37,,0.03
2018-02-16,kisumu,0.0,27.1,43,,0.03
2018-02-17,kisumu,0.1,27.3,41,,0.03
2018-02-18,kisumu,0.1,26.6,49,,0.03
2018-02-19,kisumu,1.5,25.5,53,,0.03
2018-02-20,kisumu,2.5,24.6,65,,0.03
2018-02-21,kisumu,4.2,23.2,74,,0.03
2018-02-22,kisumu,0.1,23.9,68,,0.03
2018-02-23,kisumu,6.1,24.0,70,,0.03
2018-02-24,kisumu,1.0,23.4,74,,0.03
2018-02-25,kisumu,12.4,23.3,73,,0.03
2018-02-26,kisumu,0.8,23.9,68,,0.03
2018-02-27,kisumu,3.2,23.3,74,,0.03
2018-02-28,kisumu,14.5,22.4,78,,0.03
2018-03-01,kisumu,11.9,21.2,84,,0.03
2018-03-02,kisumu,15.4,20.5,84,,0.06
2018-03-03,kisumu,5.4,21.3,82,,0.12
2018-03-04,kisumu,3.5,20.9,82,,0.12
2018-03-05,kisumu,2.7,22.2,70,,0.16
2018-03-06,kisumu,3.0,21.9,69,,0.12
2018-03-07,kisumu,0.3,22.5,68,,0.12
2018-03-08,kisumu,0.3,23.3,66,,0.12
2018-03-09,kisumu,0.1,23.8,65,,0.09
2018-03-10,kisumu,18.4,22.7,75,,0.09
2018-03-11,kisumu,8.2,22.7,74,,0.06
2018-03-12,kisumu,0.7,23.0,72,,0.09
2018-03-13,kisumu,10.4,21.2,82,,0.09
2018-03-14,kisumu,5.9,23.0,72,,0.12
2018-03-15,kisumu,10.3,21.3,81,,0.09
2018-03-16,kisumu,8.8,21.1,82,,0.12
2018-03-17,kisumu,0.2,22.1,74,,0.16
2018-03-18,kisumu,14.1,22.4,76,,0.16
2018-03-19,kisumu,9.9,21.0,85,,0.19
2018-03-20,kisumu,3.0,21.5,80,,0.19
2018-03-21,kisumu,0.2,21.7,80,,0.25
2018-03-22,kisumu,0.0,22.1,72,,0.25
2018-03-23,kisumu,0.0,22.8,71,,0.25
2018-03-24,kisumu,0.2,22.7,70,,0.22
2018-03-25,kisumu,1.8,22.2,77,,0.16
2018-03-26,kisumu,1.4,22.6,73,,0.16
2018-03-27,kisumu,0.6,23.1,70,,0.16
2018-03-28,kisumu,5.6,22.8,78,,0.16
2018-03-29,kisumu,13.5,21.8,83,,0.19
2018-03-30,kisumu,1.9,22.3,77,,0.25
2018-03-31,kisumu,3.2,22.8,75,,0.25
2018-04-01,kisumu,2.0,22.3,76,,0.25
2018-04-02,kisumu,0.0,22.7,76,,0.22
2018-04-03,kisumu,25.6,22.4,81,,0.19
2018-04-04,kisumu,37.1,20.7,88,,0.22
2018-04-05,kisumu,11.2,20.9,83,,0.41
2018-04-06,kisumu,4.7,22.0,75,,0.59
2018-04-07,kisumu,5.0,21.4,80,,0.72
2018-04-08,kisumu,11.4,20.5,85,,0.78
2018-04-09,kisumu,9.1,20.6,83,,0.81
2018-04-10,kisumu,0.4,21.5,77,,0.87
2018-04-11,kisumu,5.9,22.0,77,,0.91
2018-04-12,kisumu,15.2,21.4,82,,0.91
2018-04-13,kisumu,10.6,21.3,80,,0.91
2018-04-14,kisumu,12.3,20.1,87,,0.97
2018-04-15,kisumu,0.2,21.2,78,,1.16
2018-04-16,kisumu,6.5,20.2,81,,1.31
2018-04-17,kisumu,6.2,20.1,81,,1.28
2018-04-18,kisumu,0.2,21.4,69,,1.22
2018-04-19,kisumu,0.1,21.5,74,,1.22
2018-04-20,kisumu,3.1,21.9,76,,1.22
2018-04-21,kisumu,6.4,21.7,80,,1.25
2018-04-22,kisumu,21.8,20.3,87,,1.25
2018-04-23,kisumu,9.5,21.3,81,,1.31
2018-04-24,kisumu,11.9,20.9,87,,1.5
2018-04-25,kisumu,5.6,21.4,82,,1.53
2018-04-26,kisumu,15.5,21.3,83,,1.47
2018-04-27,kisumu,1.7,21.2,82,,1.5
2018-04-28,kisumu,13.7,21.8,82,,1.53
2018-04-29,kisumu,12.7,21.9,80,,1.59
2018-04-30,kisumu,12.2,21.4,83,,1.62
2018-05-01,kisumu,5.4,21.4,83,,1.69
2018-05-02,kisumu,16.4,20.7,83,,1.78
2018-05-03,kisumu,2.3,21.9,75,,1.88
2018-05-04,kisumu,0.0,22.2,77,,1.81
2018-05-05,kisumu,7.2,22.2,76,,1.75
2018-05-06,kisumu,1.4,22.3,80,,1.72
2018-05-07,kisumu,20.3,21.3,86,,1.72
2018-05-08,kisumu,1.2,21.7,81,,1.75
2018-05-09,kisumu,0.1,22.3,76,,1.84
2018-05-10,kisumu,4.2,22.1,77,,1.81
2018-05-11,kisumu,3.9,21.7,80,,1.75
2018-05-12,kisumu,0.2,22.0,75,,1.75
2018-05-13,kisumu,1.9,22.2,76,,1.81
2018-05-14,kisumu,2.7,22.3,77,,1.81
2018-05-15,kisumu,18.2,21.6,81,,1.75
2018-05-16,kisumu,13.1,20.4,86,,1.75
2018-05-17,kisumu,0.0,21.6,76,,1.75
2018-05-18,kisumu,0.4,22.1,75,,1.78
2018-05-19,kisumu,26.1,20.4,87,,1.72
2018-05-20,kisumu,1.7,21.7,75,,1.69
2018-05-21,kisumu,19.1,21.2,82,,1.72
2018-05-22,kisumu,29.1,20.3,87,,1.88
2018-05-23,kisumu,3.0,21.1,81,,2.37
2018-05-24,kisumu,0.1,21.6,76,,2.97
2018-05-25,kisumu,0.1,21.7,77,,2.97
2018-05-26,kisumu,2.7,21.7,81,,2.78
2018-05-27,kisumu,1.4,21.8,78,,2.66
2018-05-28,kisumu,1.0,22.3,75,,2.56
2018-05-29,kisumu,2.6,21.7,79,,2.47
2018-05-30,kisumu,11.7,21.7,76,,2.37
2018-05-31,kisumu,1.8,21.7,78,,2.31
2018-06-01,kisumu,1.5,22.0,78,,2.28
2018-06-02,kisumu,7.1,21.6,81,,2.22
2018-06-03,kisumu,0.0,21.6,78,,2.13
2018-06-04,kisumu,6.5,21.1,83,,2.06
2018-06-05,kisumu,9.3,19.7,90,,2.0
2018-06-06,kisumu,0.8,20.3,83,,2.0
2018-06-07,kisumu,3.4,21.1,79,,2.09
2018-06-08,kisumu,2.5,21.0,80,,2.06
2018-06-09,kisumu,0.0,21.7,73,,2.0
2018-06-10,kisumu,0.1,21.9,72,,1.94
2018-06-11,kisumu,0.2,22.1,72,,1.84
2018-06-12,kisumu,0.0,21.4,74,,1.78
2018-06-13,kisumu,0.0,21.6,75,,1.69
2018-06-14,kisumu,0.4,21.1,76,,1.59
2018-06-15,kisumu,0.0,21.8,69,,1.53
2018-06-16,kisumu,0.0,22.3,69,,1.47
2018-06-17,kisumu,0.0,22.5,68,,1.4
2018-06-18,kisumu,0.0,22.3,71,,1.31
2018-06-19,kisumu,7.5,20.3,83,,1.28
2018-06-20,kisumu,10.0,19.8,86,,1.25
2018-06-21,kisumu,2.4,20.2,79,,1.22
2018-06-22,kisumu,0.1,20.5,77,,1.19
2018-06-23,kisumu,0.3,20.3,80,,1.12
2018-06-24,kisumu,0.5,21.3,75,,1.09
2018-06-25,kisumu,0.2,21.1,74,,1.03
2018-06-26,kisumu,1.7,20.6,81,,1.0
2018-06-27,kisumu,0.1,20.7,78,,0.97
2018-06-28,kisumu,0.0,20.9,76,,0.94
2018-06-29,kisumu,1.5,21.5,67,,0.91
2018-06-30,kisumu,0.8,21.2,74,,0.87
2018-07-01,kisumu,2.2,20.8,79,,0.85
2018-07-02,kisumu,2.4,20.6,79,,0.81
2018-07-03,kisumu,0.4,21.1,76,,0.78
2018-07-04,kisumu,1.2,20.6,77,,0.77
2018-07-05,kisumu,0.7,20.9,74,,0.73
2018-07-06,kisumu,0.1,21.0,69,,0.7
2018-07-07,kisumu,0.2,20.8,70,,0.69
2018-07-08,kisumu,0.4,20.6,71,,0.66
2018-07-09,kisumu,3.1,20.9,73,,0.64
2018-07-10,kisumu,0.4,20.5,74,,0.63
2018-07-11,kisumu,1.0,20.5,74,,0.61
2018-07-12,kisumu,0.1,21.0,71,,0.58
2018-07-13,kisumu,0.0,21.3,71,,0.56
2018-07-14,kisumu,1.0,21.0,76,,0.55
2018-07-15,kisumu,0.2,21.6,68,,0.53
2018-07-16,kisumu,0.0,21.4,64,,0.52
2018-07-17,kisumu,0.0,21.0,65,,0.5
2018-07-18,kisumu,0.7,22.0,62,,0.5
2018-07-19,kisumu,0.0,22.5,63,,0.49
2018-07-20,kisumu,1.5,21.9,69,,0.49
2018-07-21,kisumu,0.0,22.3,67,,0.47
2018-07-22,kisumu,0.5,22.2,64,,0.47
2018-07-23,kisumu,1.0,21.8,66,,0.45
2018-07-24,kisumu,0.6,21.6,70,,0.45
2018-07-25,kisumu,1.3,21.7,67,,0.45
2018-07-26,kisumu,5.1,20.2,79,,0.42
2018-07-27,kisumu,0.9,20.5,74,,0.39
2018-07-28,kisumu,3.1,20.9,74,,0.39
2018-07-29,kisumu,2.2,20.6,76,,0.39
2018-07-30,kisumu,0.3,21.1,74,,0.37
2018-07-31,kisumu,2.0,21.7,74,,0.39
2018-08-01,kisumu,4.7,21.0,79,,0.39
2018-08-02,kisumu,0.2,21.7,73,,0.39
2018-08-03,kisumu,1.2,21.1,78,,0.37
2018-08-04,kisumu,0.3,22.2,65,,0.37
2018-08-05,kisumu,0.1,21.8,67,,0.37
2018-08-06,kisumu,0.5,21.3,73,,0.36
2018-08-07,kisumu,0.1,21.7,66,,0.36
2018-08-08,kisumu,0.0,21.6,62,,0.36
2018-08-09,kisumu,0.0,22.5,58,,0.36
2018-08-10,kisumu,0.1,22.4,59,,0.34
2018-08-11,kisumu,0.3,22.8,60,,0.34
2018-08-12,kisumu,0.0,22.8,59,,0.34
2018-08-13,kisumu,0.0,22.4,62,,0.33
2018-08-14,kisumu,0.0,22.0,67,,0.33
2018-08-15,kisumu,0.0,23.1,56,,0.33
2018-08-16,kisumu,2.8,22.8,58,,0.33
2018-08-17,kisumu,0.6,22.4,63,,0.31
2018-08-18,kisumu,1.4,22.8,63,,0.31
2018-08-19,kisumu,6.8,23.3,63,,0.31
2018-08-20,kisumu,1.8,22.2,73,,0.31
2018-08-21,kisumu,0.6,21.5,76,,0.31
2018-08-22,kisumu,4.8,21.9,77,,0.33
2018-08-23,kisumu,14.1,21.3,79,,0.33
2018-08-24,kisumu,5.4,20.6,84,,0.34
2018-08-25,kisumu,0.8,20.9,78,,0.36
2018-08-26,kisumu,3.2,20.8,80,,0.37
2018-08-27,kisumu,7.4,20.2,85,,0.39
2018-08-28,kisumu,4.3,21.5,76,,0.39
2018-08-29,kisumu,11.9,20.4,85,,0.39
2018-08-30,kisumu,4.7,21.4,79,,0.41
2018-08-31,kisumu,0.0,21.9,71,,0.41
2018-09-01,kisumu,3.0,21.7,75,,0.39
2018-09-02,kisumu,0.3,21.7,73,,0.39
2018-09-03,kisumu,1.4,21.5,77,,0.37
2018-09-04,kisumu,0.3,20.8,81,,0.37
2018-09-05,kisumu,1.5,21.8,71,,0.37
2018-09-06,kisumu,0.0,22.4,63,,0.36
2018-09-07,kisumu,0.0,22.9,56,,0.34
2018-09-08,kisumu,0.0,22.4,63,,0.34
2018-09-09,kisumu,0.0,22.8,64,,0.33
2018-09-10,kisumu,0.0,22.8,62,,0.33
2018-09-11,kisumu,0.1,23.4,66,,0.31
2018-09-12,kisumu,6.0,21.6,79,,0.31
2018-09-13,kisumu,1.4,21.8,75,,0.31
2018-09-14,kisumu,0.6,21.6,72,,0.31
2018-09-15,kisumu,0.0,23.5,60,,0.3
2018-09-16,kisumu,0.7,23.0,67,,0.26
2018-09-17,kisumu,0.0,22.7,70,,0.25
2018-09-18,kisumu,0.2,23.8,61,,0.23
2018-09-19,kisumu,1.8,22.7,73,,0.23
2018-09-20,kisumu,0.1,23.1,70,,0.23
2018-09-21,kisumu,0.0,23.5,64,,0.23
2018-09-22,kisumu,0.1,24.0,60,,0.22
2018-09-23,kisumu,0.5,23.5,67,,0.22
2018-09-24,kisumu,0.0,23.8,54,,0.22
2018-09-25,kisumu,5.8,24.0,59,,0.22
2018-09-26,kisumu,0.1,24.6,58,,0.22
2018-09-27,kisumu,0.8,24.7,49,,0.22
2018-09-28,kisumu,0.0,24.6,54,,0.21
2018-09-29,kisumu,0.0,24.2,63,,0.22
2018-09-30,kisumu,0.0,24.7,59,,0.23
2018-10-01,kisumu,1.2,24.8,53,,0.22
2018-10-02,kisumu,1.0,24.3,57,,0.22
2018-10-03,kisumu,0.1,24.7,58,,0.21
2018-10-04,kisumu,0.0,23.5,67,,0.21
2018-10-05,kisumu,0.0,24.9,57,,0.2
2018-10-06,kisumu,0.6,24.7,65,,0.2
2018-10-07,kisumu,4.5,23.8,67,,0.2
2018-10-08,kisumu,5.2,23.0,70,,0.2
2018-10-09,kisumu,1.2,22.8,68,,0.19
2018-10-10,kisumu,1.8,22.5,70,,0.2
2018-10-11,kisumu,2.8,22.6,77,,0.22
2018-10-12,kisumu,1.3,22.9,72,,0.23
2018-10-13,kisumu,5.4,23.4,69,,0.26
2018-10-14,kisumu,8.3,22.0,81,,0.31
2018-10-15,kisumu,3.6,22.3,76,,0.34
2018-10-16,kisumu,0.1,23.1,68,,0.36
2018-10-17,kisumu,1.1,23.5,64,,0.34
2018-10-18,kisumu,1.5,22.6,76,,0.31
2018-10-19,kisumu,12.4,21.0,85,,0.3
2018-10-20,kisumu,0.7,21.8,77,,0.31
2018-10-21,kisumu,6.9,23.5,66,,0.31
2018-10-22,kisumu,0.4,23.6,55,,0.3
2018-10-23,kisumu,0.2,23.1,58,,0.27
2018-10-24,kisumu,0.0,23.4,62,,0.26
2018-10-25,kisumu,0.7,22.6,65,,0.25
2018-10-26,kisumu,0.4,22.5,69,,0.24
2018-10-27,kisumu,5.3,22.4,77,,0.23
2018-10-28,kisumu,1.3,22.6,77,,0.25
2018-10-29,kisumu,0.5,23.0,72,,0.28
2018-10-30,kisumu,8.4,22.3,78,,0.3
2018-10-31,kisumu,0.6,22.5,76,,0.31
2018-11-01,kisumu,4.5,22.6,75,,0.31
2018-11-02,kisumu,22.7,22.7,78,,0.32
2018-11-03,kisumu,8.2,22.3,82,,0.34
2018-11-04,kisumu,1.1,22.6,78,,0.34
2018-11-05,kisumu,2.3,22.9,75,,0.34
2018-11-06,kisumu,3.0,23.0,72,,0.33
2018-11-07,kisumu,0.3,24.3,64,,0.31
2018-11-08,kisumu,0.2,23.6,67,,0.3
2018-11-09,kisumu,0.1,23.1,67,,0.28
2018-11-10,kisumu,5.8,22.8,75,,0.27
2018-11-11,kisumu,9.7,22.5,78,,0.27
2018-11-12,kisumu,0.1,23.9,68,,0.27
2018-11-13,kisumu,5.2,23.3,73,,0.27
2018-11-14,kisumu,0.1,23.7,71,,0.28
2018-11-15,kisumu,0.1,24.2,68,,0.27
2018-11-16,kisumu,1.3,23.6,72,,0.27
2018-11-17,kisumu,1.0,23.8,69,,0.26
2018-11-18,kisumu,11.1,22.2,80,,0.28
2018-11-19,kisumu,0.0,23.1,70,,0.29
2018-11-20,kisumu,0.1,23.6,68,,0.29
2018-11-21,kisumu,2.6,23.4,70,,0.27
2018-11-22,kisumu,5.4,23.5,72,,0.26
2018-11-23,kisumu,1.1,23.3,74,,0.26
2018-11-24,kisumu,0.5,23.6,66,,0.25
2018-11-25,kisumu,0.3,24.2,69,,0.25
2018-11-26,kisumu,0.2,24.1,66,,0.23
2018-11-27,kisumu,0.0,24.0,57,,0.23
2018-11-28,kisumu,0.0,25.0,54,,0.23
2018-11-29,kisumu,1.9,25.2,56,,0.22
2018-11-30,kisumu,0.4,24.8,54,,0.23
2018-12-01,kisumu,0.0,24.3,54,,0.25
2018-12-02,kisumu,2.0,23.6,66,,0.25
2018-12-03,kisumu,6.8,22.5,74,,0.23
2018-12-04,kisumu,5.3,22.7,76,,0.25
2018-12-05,kisumu,10.6,22.3,78,,0.26
2018-12-06,kisumu,0.6,22.9,74,,0.26
2018-12-07,kisumu,0.8,24.4,65,,0.26
2018-12-08,kisumu,12.9,22.2,79,,0.26
2018-12-09,kisumu,18.5,21.1,83,,0.28
2018-12-10,kisumu,58.5,20.8,86,,0.36
2018-12-11,kisumu,6.2,20.7,81,,0.44
2018-12-12,kisumu,1.7,21.3,80,,0.49
2018-12-13,kisumu,10.2,21.2,82,,0.49
2018-12-14,kisumu,0.1,22.0,75,,0.5
2018-12-15,kisumu,0.0,21.9,80,,0.53
2018-12-16,kisumu,2.2,22.0,77,,0.53
2018-12-17,kisumu,0.2,22.3,74,,0.53
2018-12-18,kisumu,0.0,22.8,70,,0.5
2018-12-19,kisumu,3.3,21.4,77,,0.47
2018-12-20,kisumu,0.3,22.2,70,,0.42
2018-12-21,kisumu,0.0,22.3,74,,0.41
2018-12-22,kisumu,12.1,22.1,77,,0.39
2018-12-23,kisumu,9.4,21.6,80,,0.41
2018-12-24,kisumu,1.8,21.9,78,,0.5
2018-12-25,kisumu,0.0,22.5,69,,0.59
2018-12-26,kisumu,0.0,22.8,66,,0.61
2018-12-27,kisumu,0.0,23.3,59,,0.56
2018-12-28,kisumu,0.9,22.4,66,,0.5
2018-12-29,kisumu,0.3,23.1,68,,0.45
2018-12-30,kisumu,0.1,22.7,73,,0.42
2018-12-31,kisumu,1.4,22.7,74,,0.39
2019-01-01,kisumu,1.0,22.8,68,,0.37
2019-01-02,kisumu,0.0,23.0,67,,0.37
2019-01-03,kisumu,0.0,23.4,60,,0.34
2019-01-04,kisumu,3.1,23.8,63,,0.34
2019-01-05,kisumu,0.0,23.6,63,,0.34
2019-01-06,kisumu,0.0,23.9,57,,0.34
2019-01-07,kisumu,0.0,23.4,62,,0.31
2019-01-08,kisumu,0.2,22.8,62,,0.31
2019-01-09,kisumu,7.7,23.6,65,,0.31
2019-01-10,kisumu,0.0,24.8,52,,0.31
2019-01-11,kisumu,0.0,25.1,53,,0.31
2019-01-12,kisumu,0.0,25.3,44,,0.28
2019-01-13,kisumu,0.0,24.9,49,,0.25
2019-01-14,kisumu,0.0,24.8,57,,0.22
2019-01-15,kisumu,2.1,23.3,69,,0.22
2019-01-16,kisumu,13.0,21.4,79,,0.22
2019-01-17,kisumu,3.0,22.1,76,,0.22
2019-01-18,kisumu,4.5,22.2,80,,0.25
2019-01-19,kisumu,11.3,21.8,80,,0.25
2019-01-20,kisumu,1.2,22.5,72,,0.25
2019-01-21,kisumu,7.6,21.1,81,,0.25
2019-01-22,kisumu,0.0,22.5,67,,0.25
2019-01-23,kisumu,0.0,23.4,70,,0.25
2019-01-24,kisumu,0.5,23.7,65,,0.25
2019-01-25,kisumu,0.1,23.9,62,,0.22
2019-01-26,kisumu,0.0,24.1,65,,0.22
2019-01-27,kisumu,0.0,24.2,62,,0.22
2019-01-28,kisumu,0.0,25.0,55,,0.22
2019-01-29,kisumu,0.0,24.8,52,,0.22
2019-01-30,kisumu,0.0,24.4,58,,0.22
2019-01-31,kisumu,0.0,24.7,58,,0.19
2019-02-01,kisumu,0.0,25.8,51,,0.19
2019-02-02,kisumu,0.0,26.0,37,,0.19
2019-02-03,kisumu,0.0,25.2,42,,0.19
2019-02-04,kisumu,0.0,26.6,47,,0.19
2019-02-05,kisumu,0.0,25.7,54,,0.19
2019-02-06,kisumu,0.0,24.6,58,,0.19
2019-02-07,kisumu,0.1,24.9,61,,0.19
2019-02-08,kisumu,0.0,25.6,61,,0.19
2019-02-09,kisumu,1.9,26.2,62,,0.19
2019-02-10,kisumu,0.3,26.6,53,,0.19
2019-02-11,kisumu,2.9,25.0,58,,0.16
2019-02-12,kisumu,0.0,25.7,53,,0.16
2019-02-13,kisumu,0.0,26.3,45,,0.16
2019-02-14,kisumu,0.0,27.5,38,,0.16
2019-02-15,kisumu,0.6,25.4,55,,0.12
2019-02-16,kisumu,0.0,25.1,59,,0.12
2019-02-17,kisumu,0.0,25.8,56,,0.09
2019-02-18,kisumu,0.0,24.8,62,,0.09
2019-02-19,kisumu,0.1,25.1,61,,0.09
2019-02-20,kisumu,1.3,25.4,62,,0.09
2019-02-21,kisumu,0.5,24.6,66,,0.09
2019-02-22,kisumu,4.4,23.7,74,,0.09
2019-02-23,kisumu,27.4,21.3,82,,0.09
2019-02-24,kisumu,6.1,21.6,80,,0.12
2019-02-25,kisumu,0.0,22.2,73,,0.12
2019-02-26,kisumu,0.0,23.5,59,,0.12
2019-02-27,kisumu,0.0,24.2,57,,0.12
2019-02-28,kisumu,0.0,25.4,43,,0.12
2019-03-01,kisumu,0.6,24.7,59,,0.12
2019-03-02,kisumu,7.5,22.7,75,,0.12
2019-03-03,kisumu,0.0,22.7,72,,0.12
2019-03-04,kisumu,9.6,22.9,72,,0.12
2019-03-05,kisumu,0.1,23.4,69,,0.12
2019-03-06,kisumu,3.8,23.2,69,,0.12
2019-03-07,kisumu,2.5,22.2,77,,0.12
2019-03-08,kisumu,2.0,23.3,72,,0.12
2019-03-09,kisumu,0.0,23.9,61,,0.09
2019-03-10,kisumu,0.1,24.2,61,,0.09
2019-03-11,kisumu,0.1,24.5,63,,0.09
2019-03-12,kisumu,0.0,24.8,56,,0.09
2019-03-13,kisumu,0.1,24.8,61,,0.09
2019-03-14,kisumu,0.0,25.1,62,,0.09
2019-03-15,kisumu,0.0,25.7,60,,0.09
2019-03-16,kisumu,0.0,25.8,53,,0.09
2019-03-17,kisumu,0.5,25.3,60,,0.09
2019-03-18,kisumu,0.0,26.0,52,,0.09
2019-03-19,kisumu,0.0,25.8,58,,0.09
2019-03-20,kisumu,0.0,26.4,55,,0.09
2019-03-21,kisumu,0.0,26.2,54,,0.09
2019-03-22,kisumu,0.0,26.8,50,,0.09
2019-03-23,kisumu,0.0,26.6,56,,0.06
2019-03-24,kisumu,0.3,27.0,43,,0.06
2019-03-25,kisumu,0.4,25.4,56,,0.06
2019-03-26,kisumu,2.9,24.6,62,,0.06
2019-03-27,kisumu,2.7,24.2,66,,0.06
2019-03-28,kisumu,5.5,23.3,77,,0.06
2019-03-29,kisumu,1.8,23.6,76,,0.06
2019-03-30,kisumu,5.5,23.7,76,,0.06
2019-03-31,kisumu,1.3,23.9,72,,0.03
2019-04-01,kisumu,4.5,24.1,74,,0.03
2019-04-02,kisumu,3.0,23.8,74,,0.03
2019-04-03,kisumu,1.0,24.0,73,,0.03
2019-04-04,kisumu,13.0,24.4,67,,0.03
2019-04-05,kisumu,0.1,24.2,69,,0.03
2019-04-06,kisumu,0.0,26.0,56,,0.03
2019-04-07,kisumu,0.0,25.9,57,,0.03
2019-04-08,kisumu,1.0,25.6,64,,0.03
2019-04-09,kisumu,7.9,24.5,67,,0.03
2019-04-10,kisumu,9.2,23.0,77,,0.03
2019-04-11,kisumu,0.5,23.5,73,,0.03
2019-04-12,kisumu,4.8,24.1,72,,0.03
2019-04-13,kisumu,1.6,23.7,73,,0.03
2019-04-14,kisumu,13.2,23.8,74,,0.03
2019-04-15,kisumu,7.5,23.4,76,,0.03
2019-04-16,kisumu,0.2,23.6,73,,0.03
2019-04-17,kisumu,1.1,23.8,72,,0.03
2019-04-18,kisumu,0.5,24.7,64,,0.03
2019-04-19,kisumu,0.0,25.8,59,,0.03
2019-04-20,kisumu,5.2,24.8,69,,0.03
2019-04-21,kisumu,5.7,24.4,70,,0.03
2019-04-22,kisumu,19.7,22.3,84,,0.03
2019-04-23,kisumu,68.2,21.3,83,,0.06
2019-04-24,kisumu,0.1,23.8,67,,0.09
2019-04-25,kisumu,5.5,23.1,78,,0.06
2019-04-26,kisumu,33.6,21.9,86,,0.09
2019-04-27,kisumu,21.6,21.4,86,,0.22
2019-04-28,kisumu,0.0,23.0,74,,0.28
2019-04-29,kisumu,0.2,23.6,74,,0.25
2019-04-30,kisumu,1.7,23.1,77,,0.22
2019-05-01,kisumu,0.5,23.0,74,,0.19
2019-05-02,kisumu,0.3,23.1,78,,0.19
2019-05-03,kisumu,7.0,22.9,79,,0.16
2019-05-04,kisumu,4.5,23.5,75,,0.16
2019-05-05,kisumu,0.7,23.4,78,,0.12
2019-05-06,kisumu,0.3,23.5,74,,0.12
2019-05-07,kisumu,2.4,23.8,73,,0.12
2019-05-08,kisumu,4.3,22.3,82,,0.12
2019-05-09,kisumu,11.7,22.2,82,,0.12
2019-05-10,kisumu,7.2,22.6,81,,0.22
2019-05-11,kisumu,20.9,23.0,80,,0.25
2019-05-12,kisumu,6.5,22.5,84,,0.25
2019-05-13,kisumu,5.2,22.4,81,,0.25
2019-05-14,kisumu,2.3,22.8,81,,0.25
2019-05-15,kisumu,2.6,22.8,79,,0.22
2019-05-16,kisumu,1.6,23.1,79,,0.22
2019-05-17,kisumu,2.0,23.1,77,,0.19
2019-05-18,kisumu,8.9,22.2,81,,0.19
2019-05-19,kisumu,18.9,21.8,83,,0.19
2019-05-20,kisumu,3.0,21.4,82,,0.19
2019-05-21,kisumu,9.1,22.4,80,,0.25
2019-05-22,kisumu,3.5,22.7,79,,0.28
2019-05-23,kisumu,19.5,21.9,84,,0.28
2019-05-24,kisumu,14.8,21.5,86,,0.31
2019-05-25,kisumu,9.3,22.1,79,,0.34
2019-05-26,kisumu,2.2,22.0,81,,0.37
2019-05-27,kisumu,3.1,22.0,82,,0.44
2019-05-28,kisumu,11.8,21.5,85,,0.47
2019-05-29,kisumu,1.3,21.9,80,,0.47
2019-05-30,kisumu,3.2,21.6,83,,0.47
2019-05-31,kisumu,0.8,22.1,78,,0.47
2019-06-01,kisumu,3.4,21.6,82,,0.44
2019-06-02,kisumu,7.1,21.8,78,,0.44
2019-06-03,kisumu,9.1,21.2,85,,0.41
2019-06-04,kisumu,3.1,21.4,84,,0.41
2019-06-05,kisumu,3.4,21.3,83,,0.44
2019-06-06,kisumu,10.9,21.9,83,,0.47
2019-06-07,kisumu,18.6,21.4,84,,0.47
2019-06-08,kisumu,12.2,21.4,82,,0.47
2019-06-09,kisumu,2.1,20.8,83,,0.47
2019-06-10,kisumu,1.2,21.8,77,,0.44
2019-06-11,kisumu,3.4,20.9,83,,0.41
2019-06-12,kisumu,5.1,21.3,83,,0.37
2019-06-13,kisumu,0.2,21.7,78,,0.37
2019-06-14,kisumu,0.5,21.9,75,,0.41
2019-06-15,kisumu,3.9,21.4,83,,0.37
2019-06-16,kisumu,6.3,21.3,87,,0.37
2019-06-17,kisumu,2.3,22.0,76,,0.34
2019-06-18,kisumu,16.2,21.5,78,,0.31
2019-06-19,kisumu,7.3,21.7,78,,0.31
2019-06-20,kisumu,0.2,22.2,73,,0.31
2019-06-21,kisumu,1.4,21.8,80,,0.31
2019-06-22,kisumu,7.7,21.1,84,,0.28
2019-06-23,kisumu,1.5,20.6,86,,0.31
2019-06-24,kisumu,5.9,21.6,80,,0.28
2019-06-25,kisumu,11.2,21.3,82,,0.28
2019-06-26,kisumu,18.8,20.7,87,,0.22
2019-06-27,kisumu,3.8,20.8,87,,0.25
2019-06-28,kisumu,5.5,20.8,84,,0.28
2019-06-29,kisumu,1.0,21.4,81,,0.34
2019-06-30,kisumu,4.3,21.2,82,,0.34
2019-07-01,kisumu,0.0,21.4,70,,0.31
2019-07-02,kisumu,0.0,22.6,71,,0.31
2019-07-03,kisumu,0.2,22.1,71,,0.28
2019-07-04,kisumu,1.0,21.4,79,,0.28
2019-07-05,kisumu,1.0,21.8,75,,0.25
2019-07-06,kisumu,3.8,21.8,75,,0.25
2019-07-07,kisumu,0.7,22.2,76,,0.25
2019-07-08,kisumu,0.0,21.8,76,,0.23
2019-07-09,kisumu,1.5,21.9,78,,0.23
2019-07-10,kisumu,0.2,21.7,79,,0.2
2019-07-11,kisumu,0.0,22.5,73,,0.19
2019-07-12,kisumu,2.7,21.2,79,,0.2
2019-07-13,kisumu,6.5,20.2,85,,0.22
2019-07-14,kisumu,0.0,21.7,71,,0.25
2019-07-15,kisumu,3.3,21.5,74,,0.3
2019-07-16,kisumu,2.6,21.2,76,,0.3
2019-07-17,kisumu,0.4,21.3,74,,0.3
2019-07-18,kisumu,0.0,21.7,71,,0.3
2019-07-19,kisumu,2.8,20.8,83,,0.28
2019-07-20,kisumu,0.0,21.4,73,,0.26
2019-07-21,kisumu,0.8,21.9,72,,0.25
2019-07-22,kisumu,3.1,21.1,78,,0.25
2019-07-23,kisumu,4.0,20.5,83,,0.25
2019-07-24,kisumu,0.1,21.5,79,,0.26
2019-07-25,kisumu,0.0,22.8,66,,0.26
2019-07-26,kisumu,0.0,22.0,70,,0.25
2019-07-27,kisumu,0.3,22.5,68,,0.25
2019-07-28,kisumu,0.9,21.8,75,,0.23
2019-07-29,kisumu,0.0,22.7,67,,0.23
2019-07-30,kisumu,0.1,21.8,71,,0.22
2019-07-31,kisumu,5.1,21.1,81,,0.22
2019-08-01,kisumu,0.0,21.5,75,,0.22
2019-08-02,kisumu,0.9,22.3,69,,0.22
2019-08-03,kisumu,0.0,22.1,74,,0.22
2019-08-04,kisumu,0.0,22.3,71,,0.22
2019-08-05,kisumu,0.1,21.9,73,,0.2
2019-08-06,kisumu,0.1,22.4,69,,0.2
2019-08-07,kisumu,0.0,23.4,62,,0.19
2019-08-08,kisumu,0.0,22.7,66,,0.16
2019-08-09,kisumu,4.6,22.3,76,,0.16
2019-08-10,kisumu,5.1,21.7,74,,0.16
2019-08-11,kisumu,0.7,22.0,71,,0.17
2019-08-12,kisumu,0.4,22.2,71,,0.19
2019-08-13,kisumu,0.0,22.7,64,,0.17
2019-08-14,kisumu,0.7,22.9,64,,0.16
2019-08-15,kisumu,1.3,22.6,68,,0.14
2019-08-16,kisumu,4.1,21.7,76,,0.14
2019-08-17,kisumu,0.0,21.5,74,,0.14
2019-08-18,kisumu,4.5,21.9,74,,0.14
2019-08-19,kisumu,0.1,22.8,68,,0.16
2019-08-20,kisumu,1.4,22.5,71,,0.19
2019-08-21,kisumu,1.5,21.5,76,,0.2
2019-08-22,kisumu,0.0,21.9,70,,0.2
2019-08-23,kisumu,0.4,22.2,69,,0.19
2019-08-24,kisumu,0.3,23.2,66,,0.17
2019-08-25,kisumu,0.2,23.3,64,,0.14
2019-08-26,kisumu,0.2,22.4,75,,0.14
2019-08-27,kisumu,2.7,21.5,79,,0.14
2019-08-28,kisumu,4.0,21.1,80,,0.14
2019-08-29,kisumu,2.3,21.8,77,,0.14
2019-08-30,kisumu,1.9,22.2,75,,0.14
2019-08-31,kisumu,17.7,20.6,89,,0.14
2019-09-01,kisumu,1.3,21.5,76,,0.17
2019-09-02,kisumu,4.4,21.6,76,,0.19
2019-09-03,kisumu,0.8,22.0,75,,0.2
2019-09-04,kisumu,0.0,22.5,77,,0.22
2019-09-05,kisumu,3.5,22.7,73,,0.19
2019-09-06,kisumu,0.3,22.9,69,,0.19
2019-09-07,kisumu,1.0,22.4,72,,0.2
2019-09-08,kisumu,0.4,21.6,73,,0.22
2019-09-09,kisumu,0.0,21.9,69,,0.22
2019-09-10,kisumu,0.1,22.9,64,,0.21
2019-09-11,kisumu,0.9,22.6,69,,0.19
2019-09-12,kisumu,3.4,22.3,78,,0.16
2019-09-13,kisumu,0.0,22.6,71,,0.15
2019-09-14,kisumu,0.9,23.0,74,,0.15
2019-09-15,kisumu,0.2,23.4,67,,0.15
2019-09-16,kisumu,0.0,24.4,63,,0.16
2019-09-17,kisumu,0.0,24.1,63,,0.18
2019-09-18,kisumu,0.3,23.3,65,,0.16
2019-09-19,kisumu,0.0,24.7,61,,0.14
2019-09-20,kisumu,1.7,24.0,66,,0.13
2019-09-21,kisumu,0.0,23.5,59,,0.13
2019-09-22,kisumu,1.1,23.4,65,,0.13
2019-09-23,kisumu,0.2,23.6,65,,0.12
2019-09-24,kisumu,2.8,23.4,67,,0.12
2019-09-25,kisumu,10.4,22.7,72,,0.12
2019-09-26,kisumu,6.2,22.9,71,,0.13
2019-09-27,kisumu,10.7,21.2,83,,0.16
2019-09-28,kisumu,0.2,22.4,75,,0.24
2019-09-29,kisumu,0.5,23.2,70,,0.31
2019-09-30,kisumu,5.0,22.7,77,,0.33
2019-10-01,kisumu,4.7,22.1,79,,0.31
2019-10-02,kisumu,1.6,21.6,83,,0.29
2019-10-03,kisumu,0.6,22.7,75,,0.27
2019-10-04,kisumu,0.8,22.9,69,,0.26
2019-10-05,kisumu,2.4,21.4,81,,0.25
2019-10-06,kisumu,14.5,21.2,84,,0.26
2019-10-07,kisumu,11.9,22.6,76,,0.3
2019-10-08,kisumu,0.8,22.9,70,,0.31
2019-10-09,kisumu,4.0,22.7,71,,0.32
2019-10-10,kisumu,0.3,22.6,76,,0.34
2019-10-11,kisumu,16.0,22.9,77,,0.36
2019-10-12,kisumu,12.6,22.0,81,,0.37
2019-10-13,kisumu,17.7,21.5,84,,0.41
2019-10-14,kisumu,16.1,21.2,84,,0.46
2019-10-15,kisumu,1.4,22.4,76,,0.51
2019-10-16,kisumu,19.1,22.4,80,,0.52
2019-10-17,kisumu,21.0,21.1,85,,0.52
2019-10-18,kisumu,15.6,20.8,86,,0.66
2019-10-19,kisumu,1.6,21.5,77,,0.92
2019-10-20,kisumu,4.1,21.6,83,,1.12
2019-10-21,kisumu,4.3,21.7,83,,1.13
2019-10-22,kisumu,1.5,21.8,81,,1.07
2019-10-23,kisumu,2.4,22.3,81,,1.06
2019-10-24,kisumu,2.8,21.6,82,,1.09
2019-10-25,kisumu,2.6,22.8,71,,1.13
2019-10-26,kisumu,10.0,21.6,85,,1.11
2019-10-27,kisumu,5.9,22.0,80,,1.11
2019-10-28,kisumu,12.6,21.2,86,,1.19
2019-10-29,kisumu,18.3,20.6,87,,1.31
2019-10-30,kisumu,0.3,21.3,79,,1.39
2019-10-31,kisumu,0.7,21.8,81,,1.46
2019-11-01,kisumu,5.4,21.8,80,,1.5
2019-11-02,kisumu,0.8,22.3,79,,1.48
2019-11-03,kisumu,2.1,22.1,75,,1.44
2019-11-04,kisumu,0.1,22.6,70,,1.4
2019-11-05,kisumu,0.9,22.6,66,,1.45
2019-11-06,kisumu,1.9,22.4,73,,1.44
2019-11-07,kisumu,5.0,22.3,78,,1.37
2019-11-08,kisumu,0.3,22.5,73,,1.32
2019-11-09,kisumu,1.7,22.4,77,,1.28
2019-11-10,kisumu,0.6,22.9,77,,1.23
2019-11-11,kisumu,18.2,22.4,84,,1.18
2019-11-12,kisumu,6.4,22.4,84,,1.16
2019-11-13,kisumu,1.5,22.0,83,,1.18
2019-11-14,kisumu,7.9,21.7,83,,1.26
2019-11-15,kisumu,0.0,22.3,77,,1.4
2019-11-16,kisumu,0.0,23.3,67,,1.51
2019-11-17,kisumu,0.4,23.2,67,,1.48
2019-11-18,kisumu,12.1,21.9,80,,1.39
2019-11-19,kisumu,0.0,22.3,78,,1.35
2019-11-20,kisumu,12.1,21.3,86,,1.4
2019-11-21,kisumu,3.3,21.6,83,,1.48
2019-11-22,kisumu,25.9,22.0,84,,1.5
2019-11-23,kisumu,35.6,20.2,91,,1.47
2019-11-24,kisumu,9.9,20.2,87,,1.69
2019-11-25,kisumu,13.9,19.7,85,,2.24
2019-11-26,kisumu,1.7,21.3,77,,2.58
2019-11-27,kisumu,4.6,21.7,73,,2.6
2019-11-28,kisumu,4.5,21.7,85,,2.5
2019-11-29,kisumu,6.6,21.8,80,,2.56
2019-11-30,kisumu,4.8,21.8,79,,2.73
2019-12-01,kisumu,0.3,21.6,81,,2.72
2019-12-02,kisumu,5.9,21.7,84,,2.62
2019-12-03,kisumu,2.2,21.2,83,,2.58
2019-12-04,kisumu,6.1,21.1,84,,2.66
2019-12-05,kisumu,0.5,21.7,79,,2.81
2019-12-06,kisumu,9.7,21.9,80,,3.14
2019-12-07,kisumu,10.3,21.2,86,,3.22
2019-12-08,kisumu,15.6,20.8,88,,3.22
2019-12-09,kisumu,8.0,20.9,87,,3.21
2019-12-10,kisumu,3.7,20.9,85,,3.27
2019-12-11,kisumu,8.7,21.2,82,,3.44
2019-12-12,kisumu,11.4,20.4,86,,3.7
2019-12-13,kisumu,3.7,20.7,83,,3.91
2019-12-14,kisumu,5.3,20.7,85,,3.95
2019-12-15,kisumu,0.4,20.9,79,,4.0
2019-12-16,kisumu,2.7,21.3,82,,4.05
2019-12-17,kisumu,13.1,21.7,81,,4.01
2019-12-18,kisumu,0.0,21.9,75,,3.97
2019-12-19,kisumu,0.0,22.0,65,,3.84
2019-12-20,kisumu,0.0,21.6,66,,3.67
2019-12-21,kisumu,5.2,22.3,75,,3.5
2019-12-22,kisumu,0.5,21.8,81,,3.36
2019-12-23,kisumu,2.3,21.7,79,,3.25
2019-12-24,kisumu,0.9,21.9,78,,3.25
2019-12-25,kisumu,17.4,21.6,85,,3.19
2019-12-26,kisumu,13.1,20.6,88,,3.11
2019-12-27,kisumu,3.6,21.5,82,,3.07
2019-12-28,kisumu,11.8,21.0,85,,3.05
2019-12-29,kisumu,2.0,21.8,77,,2.98
2019-12-30,kisumu,0.0,22.4,71,,2.94
2019-12-31,kisumu,0.2,21.8,74,,2.85
2020-01-01,kisumu,0.0,22.1,66,,2.72
2020-01-02,kisumu,0.0,22.4,62,,2.61
2020-01-03,kisumu,0.0,22.5,64,,2.5
2020-01-04,kisumu,0.1,22.5,64,,2.34
2020-01-05,kisumu,0.4,22.1,78,,2.24
2020-01-06,kisumu,12.4,20.9,85,,2.13
2020-01-07,kisumu,0.9,22.1,76,,2.09
2020-01-08,kisumu,0.6,22.1,78,,2.03
2020-01-09,kisumu,0.2,22.1,75,,2.0
2020-01-10,kisumu,2.0,21.8,81,,1.94
2020-01-11,kisumu,0.1,21.9,80,,1.9
2020-01-12,kisumu,13.3,20.6,85,,1.88
2020-01-13,kisumu,1.2,20.8,79,,1.81
2020-01-14,kisumu,0.2,21.6,78,,1.81
2020-01-15,kisumu,0.0,23.4,67,,1.81
2020-01-16,kisumu,0.1,23.2,69,,1.75
2020-01-17,kisumu,0.0,24.1,67,,1.69
2020-01-18,kisumu,0.1,23.5,72,,1.62
2020-01-19,kisumu,3.9,22.8,79,,1.56
2020-01-20,kisumu,0.0,22.8,73,,1.5
2020-01-21,kisumu,0.1,22.7,72,,1.44
2020-01-22,kisumu,0.0,23.0,70,,1.38
2020-01-23,kisumu,0.1,23.5,70,,1.31
2020-01-24,kisumu,0.0,23.5,66,,1.25
2020-01-25,kisumu,0.8,23.5,75,,1.2
2020-01-26,kisumu,7.8,22.5,82,,1.17
2020-01-27,kisumu,12.7,21.9,85,,1.16
2020-01-28,kisumu,20.4,21.2,87,,1.22
2020-01-29,kisumu,28.4,20.7,87,,1.34
2020-01-30,kisumu,4.1,21.6,81,,1.48
2020-01-31,kisumu,9.2,20.9,83,,1.7
2020-02-01,kisumu,3.4,20.5,86,,1.8
2020-02-02,kisumu,0.5,21.6,75,,1.75
2020-02-03,kisumu,8.2,21.5,80,,1.72
2020-02-04,kisumu,1.3,21.4,82,,1.7
2020-02-05,kisumu,7.4,21.4,84,,1.78
2020-02-06,kisumu,7.5,21.1,85,,1.78
2020-02-07,kisumu,0.0,22.0,74,,1.89
2020-02-08,kisumu,0.0,23.1,69,,2.14
2020-02-09,kisumu,0.0,22.7,57,,2.13
2020-02-10,kisumu,0.0,22.4,59,,1.99
2020-02-11,kisumu,0.0,23.1,63,,1.88
2020-02-12,kisumu,0.1,23.6,64,,1.78
2020-02-13,kisumu,1.3,23.1,74,,1.69
2020-02-14,kisumu,3.3,22.7,78,,1.64
2020-02-15,kisumu,2.3,22.4,77,,1.64
2020-02-16,kisumu,0.0,22.9,73,,1.59
2020-02-17,kisumu,0.0,24.0,68,,1.52
2020-02-18,kisumu,0.4,23.6,71,,1.45
2020-02-19,kisumu,0.0,23.2,72,,1.44
2020-02-20,kisumu,0.1,23.5,71,,1.4
2020-02-21,kisumu,0.0,24.1,67,,1.38
2020-02-22,kisumu,0.0,24.1,67,,1.34
2020-02-23,kisumu,0.4,25.3,61,,1.31
2020-02-24,kisumu,0.4,25.1,63,,1.28
2020-02-25,kisumu,4.8,23.6,77,,1.23
2020-02-26,kisumu,9.0,23.6,74,,1.19
2020-02-27,kisumu,1.6,23.3,79,,1.16
2020-02-28,kisumu,10.0,22.8,79,,1.14
2020-02-29,kisumu,1.5,23.2,76,,1.17
2020-03-01,kisumu,17.0,23.0,80,,1.2
2020-03-02,kisumu,0.7,22.4,80,,1.2
2020-03-03,kisumu,6.6,22.7,78,,1.28
2020-03-04,kisumu,14.9,21.6,84,,1.4
2020-03-05,kisumu,0.0,23.1,70,,1.53
2020-03-06,kisumu,0.0,23.5,69,,1.62
2020-03-07,kisumu,1.9,24.4,70,,1.56
2020-03-08,kisumu,15.4,23.7,76,,1.5
2020-03-09,kisumu,23.2,22.2,86,,1.59
2020-03-10,kisumu,0.3,22.9,77,,1.94
2020-03-11,kisumu,7.0,23.3,77,,2.09
2020-03-12,kisumu,7.3,22.8,82,,2.09
2020-03-13,kisumu,21.0,22.1,84,,2.03
2020-03-14,kisumu,0.4,22.7,81,,1.97
2020-03-15,kisumu,4.1,23.3,79,,1.97
2020-03-16,kisumu,19.5,22.8,82,,1.97
2020-03-17,kisumu,15.8,22.8,83,,1.97
2020-03-18,kisumu,26.1,22.2,83,,2.03
2020-03-19,kisumu,8.2,22.4,80,,2.16
2020-03-20,kisumu,5.2,22.7,80,,2.25
2020-03-21,kisumu,0.0,22.9,77,,2.25
2020-03-22,kisumu,2.2,22.9,78,,2.22
2020-03-23,kisumu,2.0,22.2,83,,2.16
2020-03-24,kisumu,4.7,22.6,78,,2.13
2020-03-25,kisumu,12.4,21.9,86,,2.13
2020-03-26,kisumu,9.4,21.9,82,,2.18
2020-03-27,kisumu,6.1,21.9,78,,2.37
2020-03-28,kisumu,10.5,21.1,84,,2.4
2020-03-29,kisumu,0.4,21.7,75,,2.44
2020-03-30,kisumu,3.1,22.5,77,,2.56
2020-03-31,kisumu,0.5,22.2,79,,2.53
2020-04-01,kisumu,0.7,22.7,78,,2.56
2020-04-02,kisumu,0.0,23.4,70,,2.47
2020-04-03,kisumu,0.1,23.4,70,,2.34
2020-04-04,kisumu,0.0,23.1,74,,2.22
2020-04-05,kisumu,1.1,22.9,78,,2.13
2020-04-06,kisumu,3.8,22.5,78,,2.0
2020-04-07,kisumu,0.0,23.7,70,,1.9
2020-04-08,kisumu,0.0,24.1,68,,1.84
2020-04-09,kisumu,0.7,24.7,61,,1.78
2020-04-10,kisumu,3.1,23.6,76,,1.72
2020-04-11,kisumu,2.8,23.9,77,,1.65
2020-04-12,kisumu,1.3,23.0,81,,1.59
2020-04-13,kisumu,15.3,22.1,83,,1.56
2020-04-14,kisumu,17.8,21.7,85,,1.62
2020-04-15,kisumu,7.5,22.8,78,,1.84
2020-04-16,kisumu,3.7,23.5,75,,2.09
2020-04-17,kisumu,9.6,22.7,83,,2.13
2020-04-18,kisumu,5.9,22.1,83,,2.06
2020-04-19,kisumu,5.9,21.2,86,,2.16
2020-04-20,kisumu,8.9,21.0,85,,2.47
2020-04-21,kisumu,3.5,21.2,83,,2.85
2020-04-22,kisumu,15.8,21.6,80,,3.25
2020-04-23,kisumu,13.4,19.9,90,,3.29
2020-04-24,kisumu,2.0,21.2,80,,3.32
2020-04-25,kisumu,0.2,21.8,77,,3.38
2020-04-26,kisumu,0.7,22.4,78,,3.35
2020-04-27,kisumu,7.9,22.0,83,,3.19
2020-04-28,kisumu,12.7,21.7,84,,3.32
2020-04-29,kisumu,5.0,21.1,87,,6.94
2020-04-30,kisumu,0.7,22.2,83,,9.47
2020-05-01,kisumu,4.3,21.8,83,,10.04
2020-05-02,kisumu,13.1,21.6,85,,10.27
2020-05-03,kisumu,10.4,21.6,83,,10.17
2020-05-04,kisumu,0.0,22.5,78,,11.82
2020-05-05,kisumu,1.5,22.0,80,,13.49
2020-05-06,kisumu,0.0,22.5,76,,13.79
2020-05-07,kisumu,4.0,22.1,82,,13.55
2020-05-08,kisumu,12.8,22.0,86,,13.13
2020-05-09,kisumu,14.9,22.0,87,,12.93
2020-05-10,kisumu,20.0,21.8,86,,13.35
2020-05-11,kisumu,19.2,21.9,85,,13.89
2020-05-12,kisumu,8.8,21.6,84,,14.38
2020-05-13,kisumu,1.7,21.9,83,,14.56
2020-05-14,kisumu,0.4,22.5,78,,14.31
2020-05-15,kisumu,9.8,21.5,84,,13.89
2020-05-16,kisumu,2.4,21.9,81,,13.49
2020-05-17,kisumu,0.4,22.4,74,,13.22
2020-05-18,kisumu,4.0,21.8,80,,12.87
2020-05-19,kisumu,4.2,21.2,86,,12.49
2020-05-20,kisumu,0.5,21.9,81,,12.09
2020-05-21,kisumu,7.3,22.4,79,,11.79
2020-05-22,kisumu,1.4,21.8,79,,11.5
2020-05-23,kisumu,0.9,22.0,78,,11.19
2020-05-24,kisumu,7.5,22.0,81,,10.83
2020-05-25,kisumu,0.6,22.3,77,,10.53
2020-05-26,kisumu,0.1,22.0,80,,10.22
2020-05-27,kisumu,0.1,22.7,75,,9.86
2020-05-28,kisumu,0.2,23.1,72,,9.57
2020-05-29,kisumu,4.0,22.7,76,,9.28
2020-05-30,kisumu,1.9,22.7,73,,9.0
2020-05-31,kisumu,0.4,22.1,80,,8.73
2020-06-01,kisumu,0.1,22.2,76,,8.44
2020-06-02,kisumu,0.1,22.4,73,,8.18
2020-06-03,kisumu,0.4,21.9,79,,7.91
2020-06-04,kisumu,2.8,21.5,81,,7.65
2020-06-05,kisumu,2.3,22.4,71,,7.41
2020-06-06,kisumu,7.9,21.9,77,,7.15
2020-06-07,kisumu,0.0,22.7,68,,6.96
2020-06-08,kisumu,4.8,21.2,82,,6.78
2020-06-09,kisumu,1.6,21.7,77,,6.57
2020-06-10,kisumu,9.9,20.3,87,,6.35
2020-06-11,kisumu,8.2,20.9,82,,6.16
2020-06-12,kisumu,8.4,20.7,82,,6.0
2020-06-13,kisumu,9.7,20.6,82,,5.84
2020-06-14,kisumu,5.0,21.2,81,,5.75
2020-06-15,kisumu,6.5,20.8,81,,5.59
2020-06-16,kisumu,0.6,21.4,75,,5.41
2020-06-17,kisumu,0.1,21.6,75,,5.31
2020-06-18,kisumu,2.4,21.5,76,,5.12
2020-06-19,kisumu,5.6,20.7,86,,4.94
2020-06-20,kisumu,0.9,21.1,83,,4.75
2020-06-21,kisumu,2.0,21.3,78,,4.6
2020-06-22,kisumu,0.0,21.2,79,,4.43
2020-06-23,kisumu,0.9,21.3,76,,4.31
2020-06-24,kisumu,0.2,21.8,75,,4.19
2020-06-25,kisumu,0.7,21.8,71,,4.05
2020-06-26,kisumu,0.0,21.0,78,,3.88
2020-06-27,kisumu,1.7,21.7,77,,3.72
2020-06-28,kisumu,0.0,21.6,74,,3.59
2020-06-29,kisumu,0.0,22.2,72,,3.46
2020-06-30,kisumu,0.0,21.9,72,,3.32
2020-07-01,kisumu,1.2,21.5,75,,3.17
2020-07-02,kisumu,0.0,21.7,70,,3.05
2020-07-03,kisumu,1.9,21.8,73,,2.92
2020-07-04,kisumu,0.9,21.6,77,,2.81
2020-07-05,kisumu,1.6,21.2,80,,2.71
2020-07-06,kisumu,4.1,21.1,83,,2.61
2020-07-07,kisumu,0.8,21.2,76,,2.55
2020-07-08,kisumu,0.6,21.3,76,,2.48
2020-07-09,kisumu,0.4,22.4,69,,2.4
2020-07-10,kisumu,4.4,21.9,77,,2.34
2020-07-11,kisumu,4.3,21.0,86,,2.27
2020-07-12,kisumu,0.4,21.2,76,,2.21
2020-07-13,kisumu,1.3,20.5,81,,2.18
2020-07-14,kisumu,0.9,20.9,78,,2.14
2020-07-15,kisumu,0.4,21.3,76,,2.09
2020-07-16,kisumu,7.8,20.4,82,,2.05
2020-07-17,kisumu,0.3,20.9,77,,2.0
2020-07-18,kisumu,0.7,21.2,69,,1.95
2020-07-19,kisumu,0.4,21.3,67,,1.92
2020-07-20,kisumu,1.4,21.6,72,,1.88
2020-07-21,kisumu,6.9,20.7,82,,1.84
2020-07-22,kisumu,0.3,21.5,73,,1.81
2020-07-23,kisumu,0.1,20.9,76,,1.78
2020-07-24,kisumu,0.9,21.0,77,,1.77
2020-07-25,kisumu,0.2,21.7,72,,1.72
2020-07-26,kisumu,0.0,22.2,65,,1.7
2020-07-27,kisumu,0.0,21.6,66,,1.67
2020-07-28,kisumu,3.2,21.2,75,,1.62
2020-07-29,kisumu,0.9,22.2,73,,1.59
2020-07-30,kisumu,0.7,22.0,70,,1.56
2020-07-31,kisumu,0.0,23.0,65,,1.53
2020-08-01,kisumu,0.0,22.6,68,,1.52
2020-08-02,kisumu,0.0,22.5,64,,1.48
2020-08-03,kisumu,0.3,22.1,67,,1.45
2020-08-04,kisumu,0.1,22.2,68,,1.39
2020-08-05,kisumu,0.0,22.6,64,,1.36
2020-08-06,kisumu,0.0,22.6,66,,1.34
2020-08-07,kisumu,13.1,22.4,70,,1.33
2020-08-08,kisumu,2.7,22.2,73,,1.33
2020-08-09,kisumu,0.6,21.8,69,,1.31
2020-08-10,kisumu,0.0,22.4,63,,1.3
2020-08-11,kisumu,0.0,22.3,65,,1.28
2020-08-12,kisumu,2.5,22.3,71,,1.26
2020-08-13,kisumu,0.9,22.2,74,,1.25
2020-08-14,kisumu,16.5,21.7,81,,1.23
2020-08-15,kisumu,1.0,22.0,79,,1.23
2020-08-16,kisumu,0.7,22.7,72,,1.23
2020-08-17,kisumu,0.0,22.6,72,,1.22
2020-08-18,kisumu,0.2,22.9,71,,1.22
2020-08-19,kisumu,2.1,23.1,71,,1.2
2020-08-20,kisumu,11.9,22.4,76,,1.19
2020-08-21,kisumu,0.7,22.3,76,,1.19
2020-08-22,kisumu,4.7,22.1,72,,1.19
2020-08-23,kisumu,0.8,22.1,75,,1.18
2020-08-24,kisumu,4.5,21.4,78,,1.16
2020-08-25,kisumu,0.5,21.8,73,,1.16
2020-08-26,kisumu,0.0,22.6,68,,1.16
2020-08-27,kisumu,0.2,23.0,62,,1.15
2020-08-28,kisumu,0.4,22.7,67,,1.13
2020-08-29,kisumu,3.1,22.5,67,,1.12
2020-08-30,kisumu,3.7,21.7,76,,1.07
2020-08-31,kisumu,0.5,21.8,73,,1.0
2020-09-01,kisumu,0.0,23.1,66,,0.99
2020-09-02,kisumu,0.0,23.6,53,,0.98
2020-09-03,kisumu,0.6,22.6,67,,0.97
2020-09-04,kisumu,1.0,22.5,71,,0.96
2020-09-05,kisumu,0.0,23.4,62,,0.95
2020-09-06,kisumu,14.3,22.5,67,,0.95
2020-09-07,kisumu,13.4,20.7,80,,0.95
2020-09-08,kisumu,3.9,21.7,77,,0.95
2020-09-09,kisumu,0.2,21.5,76,,0.96
2020-09-10,kisumu,0.0,22.5,70,,0.95
2020-09-11,kisumu,1.6,22.2,72,,0.94
2020-09-12,kisumu,1.0,21.9,78,,0.93
2020-09-13,kisumu,0.0,22.5,67,,0.94
2020-09-14,kisumu,0.0,22.4,67,,0.95
2020-09-15,kisumu,1.8,23.0,67,,0.93
2020-09-16,kisumu,0.8,23.0,68,,0.91
2020-09-17,kisumu,0.3,24.2,60,,0.9
2020-09-18,kisumu,0.0,24.5,55,,0.88
2020-09-19,kisumu,3.5,23.1,68,,0.87
2020-09-20,kisumu,0.8,23.1,67,,0.87
2020-09-21,kisumu,4.1,22.3,79,,0.86
2020-09-22,kisumu,2.3,22.3,75,,0.88
2020-09-23,kisumu,0.0,23.0,67,,0.89
2020-09-24,kisumu,0.8,22.7,69,,0.87
2020-09-25,kisumu,5.2,21.7,76,,0.86
2020-09-26,kisumu,6.5,21.7,79,,0.87
2020-09-27,kisumu,1.7,22.0,74,,0.87
2020-09-28,kisumu,12.5,22.4,79,,0.86
2020-09-29,kisumu,5.0,22.2,79,,0.85
2020-09-30,kisumu,6.8,21.6,80,,0.85
2020-10-01,kisumu,9.2,21.8,79,,0.85
2020-10-02,kisumu,1.5,23.0,70,,0.85
2020-10-03,kisumu,0.6,23.7,66,,0.83
2020-10-04,kisumu,2.6,23.2,68,,0.82
2020-10-05,kisumu,0.0,23.2,68,,0.8
2020-10-06,kisumu,0.1,23.6,63,,0.79
2020-10-07,kisumu,0.0,23.7,59,,0.78
2020-10-08,kisumu,0.2,23.9,63,,0.77
2020-10-09,kisumu,1.3,24.1,61,,0.77
2020-10-10,kisumu,3.9,22.4,75,,0.76
2020-10-11,kisumu,0.3,22.8,72,,0.73
2020-10-12,kisumu,5.2,22.9,70,,0.7
2020-10-13,kisumu,4.5,21.8,82,,0.69
2020-10-14,kisumu,3.1,22.5,75,,0.69
2020-10-15,kisumu,0.4,22.9,72,,0.69
2020-10-16,kisumu,0.0,23.2,69,,0.69
2020-10-17,kisumu,11.4,22.2,81,,0.68
2020-10-18,kisumu,2.4,22.3,80,,0.68
2020-10-19,kisumu,1.1,22.7,72,,0.68
2020-10-20,kisumu,1.9,22.8,75,,0.67
2020-10-21,kisumu,5.7,22.0,81,,0.71
2020-10-22,kisumu,0.4,22.5,74,,0.75
2020-10-23,kisumu,0.0,22.6,72,,0.76
2020-10-24,kisumu,1.5,23.2,71,,0.76
2020-10-25,kisumu,2.0,23.0,74,,0.76
2020-10-26,kisumu,9.3,21.7,83,,0.75
2020-10-27,kisumu,2.5,21.6,82,,0.77
2020-10-28,kisumu,0.7,22.6,76,,0.79
2020-10-29,kisumu,13.9,22.4,76,,0.83
2020-10-30,kisumu,20.2,21.9,83,,0.93
2020-10-31,kisumu,1.7,21.8,79,,1.01
2020-11-01,kisumu,0.0,22.6,68,,1.06
2020-11-02,kisumu,0.0,23.3,64,,1.05
2020-11-03,kisumu,0.4,23.2,65,,1.01
2020-11-04,kisumu,2.7,23.5,68,,0.96
2020-11-05,kisumu,9.4,23.4,70,,0.95
2020-11-06,kisumu,6.3,21.9,85,,0.97
2020-11-07,kisumu,4.1,21.5,83,,0.99
2020-11-08,kisumu,5.1,21.4,81,,1.06
2020-11-09,kisumu,6.9,21.8,83,,1.14
2020-11-10,kisumu,13.8,22.2,76,,1.2
2020-11-11,kisumu,17.1,21.1,84,,1.26
2020-11-12,kisumu,2.2,21.2,82,,1.34
2020-11-13,kisumu,3.3,21.9,77,,1.47
2020-11-14,kisumu,10.9,21.5,85,,1.46
2020-11-15,kisumu,3.2,21.2,84,,1.42
2020-11-16,kisumu,2.4,21.2,83,,1.46
2020-11-17,kisumu,1.8,21.7,79,,1.55
2020-11-18,kisumu,3.6,21.6,81,,1.62
2020-11-19,kisumu,0.9,21.9,79,,1.62
2020-11-20,kisumu,3.2,22.2,77,,1.55
2020-11-21,kisumu,2.0,22.7,74,,1.51
2020-11-22,kisumu,4.0,22.2,80,,1.48
2020-11-23,kisumu,0.0,22.9,71,,1.44
2020-11-24,kisumu,3.0,22.3,72,,1.39
2020-11-25,kisumu,9.6,21.1,86,,1.34
2020-11-26,kisumu,0.2,21.9,75,,1.33
2020-11-27,kisumu,1.2,22.5,77,,1.35
2020-11-28,kisumu,4.3,22.0,80,,1.33
2020-11-29,kisumu,5.2,21.3,85,,1.34
2020-11-30,kisumu,0.6,21.5,82,,1.42
2020-12-01,kisumu,1.2,22.2,78,,1.48
2020-12-02,kisumu,4.9,22.1,78,,1.46
2020-12-03,kisumu,0.6,22.3,71,,1.4
2020-12-04,kisumu,1.5,21.7,81,,1.37
2020-12-05,kisumu,0.6,22.0,78,,1.33
2020-12-06,kisumu,0.0,21.9,75,,1.31
2020-12-07,kisumu,0.5,22.4,73,,1.28
2020-12-08,kisumu,2.2,22.5,76,,1.23
2020-12-09,kisumu,0.0,22.0,77,,1.19
2020-12-10,kisumu,3.1,22.5,67,,1.17
2020-12-11,kisumu,3.6,22.1,73,,1.14
2020-12-12,kisumu,0.0,22.3,68,,1.1
2020-12-13,kisumu,0.0,22.7,62,,1.08
2020-12-14,kisumu,0.3,22.9,63,,1.05
2020-12-15,kisumu,0.0,23.1,62,,1.01
2020-12-16,kisumu,0.0,23.4,58,,0.96
2020-12-17,kisumu,0.8,23.7,65,,0.92
2020-12-18,kisumu,1.8,23.1,69,,0.89
2020-12-19,kisumu,0.3,22.3,74,,0.87
2020-12-20,kisumu,0.7,22.1,74,,0.86
2020-12-21,kisumu,0.3,22.6,70,,0.85
2020-12-22,kisumu,2.4,22.4,74,,0.83
2020-12-23,kisumu,0.0,22.4,74,,0.81
2020-12-24,kisumu,1.4,22.4,74,,0.8
2020-12-25,kisumu,0.1,22.8,70,,0.78
2020-12-26,kisumu,1.5,23.2,70,,0.77
2020-12-27,kisumu,4.5,22.7,70,,0.77
2020-12-28,kisumu,0.0,23.0,65,,0.75
2020-12-29,kisumu,0.0,23.5,57,,0.75
2020-12-30,kisumu,0.0,23.9,60,,0.73
2020-12-31,kisumu,8.9,22.2,73,,0.72
2021-01-01,kisumu,4.7,21.5,80,,0.75
2021-01-02,kisumu,10.7,21.6,80,,0.83
2021-01-03,kisumu,0.3,21.9,77,,0.89
2021-01-04,kisumu,0.0,22.1,73,,0.89
2021-01-05,kisumu,0.1,22.4,69,,0.85
2021-01-06,kisumu,0.7,22.4,72,,0.8
2021-01-07,kisumu,0.0,23.0,64,,0.77
2021-01-08,kisumu,0.0,23.3,67,,0.75
2021-01-09,kisumu,9.0,21.3,81,,0.73
2021-01-10,kisumu,5.1,20.5,82,,0.73
2021-01-11,kisumu,0.0,21.3,78,,0.75
2021-01-12,kisumu,5.6,21.3,81,,0.75
2021-01-13,kisumu,0.0,22.2,73,,0.75
2021-01-14,kisumu,0.4,22.6,75,,0.75
2021-01-15,kisumu,5.6,22.1,77,,0.75
2021-01-16,kisumu,3.7,21.2,81,,0.73
2021-01-17,kisumu,0.0,21.7,75,,0.73
2021-01-18,kisumu,0.8,22.2,72,,0.72
2021-01-19,kisumu,1.7,22.1,76,,0.72
2021-01-20,kisumu,1.1,22.5,72,,0.7
2021-01-21,kisumu,0.9,22.4,75,,0.7
2021-01-22,kisumu,0.0,22.4,74,,0.69
2021-01-23,kisumu,1.4,22.9,68,,0.67
2021-01-24,kisumu,0.0,23.0,67,,0.67
2021-01-25,kisumu,0.4,22.4,73,,0.67
2021-01-26,kisumu,0.0,22.8,66,,0.66
2021-01-27,kisumu,0.0,22.9,66,,0.66
2021-01-28,kisumu,0.0,23.1,56,,0.64
2021-01-29,kisumu,0.2,23.7,59,,0.64
2021-01-30,kisumu,0.0,24.0,61,,0.63
2021-01-31,kisumu,0.0,24.1,58,,0.61
2021-02-01,kisumu,0.0,24.9,40,,0.59
2021-02-02,kisumu,0.0,24.2,46,,0.59
2021-02-03,kisumu,0.0,24.7,54,,0.59
2021-02-04,kisumu,0.0,24.6,54,,0.59
2021-02-05,kisumu,0.0,24.4,60,,0.56
2021-02-06,kisumu,6.6,22.7,75,,0.53
2021-02-07,kisumu,8.7,23.0,74,,0.53
2021-02-08,kisumu,0.1,23.7,68,,0.5
2021-02-09,kisumu,5.6,23.4,68,,0.5
2021-02-10,kisumu,8.4,23.5,74,,0.56
2021-02-11,kisumu,15.2,21.4,83,,0.63
2021-02-12,kisumu,9.1,22.9,76,,0.66
2021-02-13,kisumu,1.8,22.3,80,,0.63
2021-02-14,kisumu,0.1,23.5,67,,0.59
2021-02-15,kisumu,0.2,24.2,70,,0.59
2021-02-16,kisumu,2.8,22.8,80,,0.56
2021-02-17,kisumu,0.2,23.1,74,,0.56
2021-02-18,kisumu,10.1,22.6,81,,0.56
2021-02-19,kisumu,2.8,22.2,80,,0.56
2021-02-20,kisumu,3.3,22.2,76,,0.53
2021-02-21,kisumu,0.9,22.6,66,,0.53
2021-02-22,kisumu,16.6,21.3,77,,0.53
2021-02-23,kisumu,1.3,21.9,76,,0.53
2021-02-24,kisumu,1.4,21.7,73,,0.53
2021-02-25,kisumu,0.0,22.2,69,,0.53
2021-02-26,kisumu,0.0,22.8,65,,0.5
2021-02-27,kisumu,0.0,23.2,65,,0.5
2021-02-28,kisumu,0.0,24.1,60,,0.5
2021-03-01,kisumu,0.0,24.5,60,,0.47
2021-03-02,kisumu,0.0,25.5,60,,0.47
2021-03-03,kisumu,0.4,25.0,64,,0.47
2021-03-04,kisumu,8.1,23.8,71,,0.47
2021-03-05,kisumu,2.6,22.9,79,,0.47
2021-03-06,kisumu,1.6,23.7,75,,0.5
2021-03-07,kisumu,0.0,23.3,75,,0.5
2021-03-08,kisumu,4.5,21.8,81,,0.47
2021-03-09,kisumu,0.1,22.1,76,,0.47
2021-03-10,kisumu,0.0,23.1,67,,0.47
2021-03-11,kisumu,0.0,23.8,55,,0.47
2021-03-12,kisumu,0.0,25.0,45,,0.47
2021-03-13,kisumu,0.0,25.3,45,,0.47
2021-03-14,kisumu,0.0,24.6,58,,0.44
2021-03-15,kisumu,0.1,24.7,56,,0.44
2021-03-16,kisumu,0.5,24.3,57,,0.44
2021-03-17,kisumu,2.2,23.7,63,,0.44
2021-03-18,kisumu,1.1,23.0,72,,0.44
2021-03-19,kisumu,0.0,23.8,64,,0.44
2021-03-20,kisumu,0.1,24.3,61,,0.44
2021-03-21,kisumu,1.8,24.2,64,,0.44
2021-03-22,kisumu,2.3,23.6,66,,0.44
2021-03-23,kisumu,0.0,24.0,60,,0.44
2021-03-24,kisumu,0.0,24.5,56,,0.44
2021-03-25,kisumu,0.0,24.3,61,,0.41
2021-03-26,kisumu,0.0,24.2,56,,0.41
2021-03-27,kisumu,0.7,22.5,72,,0.41
2021-03-28,kisumu,0.0,23.4,63,,0.41
2021-03-29,kisumu,5.5,23.5,67,,0.41
2021-03-30,kisumu,4.2,21.8,82,,0.41
2021-03-31,kisumu,15.1,21.5,81,,0.41
2021-04-01,kisumu,0.0,22.1,77,,0.44
2021-04-02,kisumu,12.2,21.5,82,,0.44
2021-04-03,kisumu,10.2,22.1,78,,0.44
2021-04-04,kisumu,6.8,22.2,78,,0.44
2021-04-05,kisumu,3.5,22.0,82,,0.5
2021-04-06,kisumu,4.3,22.2,81,,0.56
2021-04-07,kisumu,3.3,22.5,75,,0.59
2021-04-08,kisumu,0.7,22.6,78,,0.59
2021-04-09,kisumu,7.5,22.9,74,,0.59
2021-04-10,kisumu,5.1,22.2,79,,0.56
2021-04-11,kisumu,9.3,22.2,78,,0.56
2021-04-12,kisumu,8.0,22.4,79,,0.53
2021-04-13,kisumu,15.0,21.6,85,,0.53
2021-04-14,kisumu,4.1,21.9,80,,0.56
2021-04-15,kisumu,4.5,22.2,80,,0.59
2021-04-16,kisumu,2.0,22.8,76,,0.59
2021-04-17,kisumu,2.1,22.9,77,,0.56
2021-04-18,kisumu,1.9,23.0,77,,0.53
2021-04-19,kisumu,8.2,22.5,81,,0.53
2021-04-20,kisumu,15.4,21.8,84,,0.53
2021-04-21,kisumu,2.1,22.1,82,,0.56
2021-04-22,kisumu,0.0,22.2,78,,0.59
2021-04-23,kisumu,0.3,22.8,76,,0.66
2021-04-24,kisumu,3.5,22.4,82,,0.69
2021-04-25,kisumu,9.4,21.3,85,,0.69
2021-04-26,kisumu,4.7,21.7,83,,0.72
2021-04-27,kisumu,0.6,22.8,74,,0.78
2021-04-28,kisumu,1.4,22.9,78,,0.78
2021-04-29,kisumu,3.3,22.5,80,,0.78
2021-04-30,kisumu,2.0,22.2,81,,0.75
2021-05-01,kisumu,8.0,22.2,79,,0.72
2021-05-02,kisumu,4.6,22.5,78,,0.72
2021-05-03,kisumu,11.1,21.6,83,,0.69
2021-05-04,kisumu,2.2,22.1,79,,0.69
2021-05-05,kisumu,22.1,21.4,83,,0.69
2021-05-06,kisumu,10.2,21.2,86,,0.72
2021-05-07,kisumu,11.7,21.0,87,,0.94
2021-05-08,kisumu,9.8,20.1,89,,1.25
2021-05-09,kisumu,21.4,19.9,90,,1.53
2021-05-10,kisumu,7.6,19.5,91,,1.65
2021-05-11,kisumu,8.5,20.1,87,,1.78
2021-05-12,kisumu,9.6,20.1,89,,1.9
2021-05-13,kisumu,0.0,21.6,75,,1.9
2021-05-14,kisumu,6.9,21.9,79,,1.81
2021-05-15,kisumu,4.8,21.6,85,,1.72
2021-05-16,kisumu,0.0,21.6,82,,1.72
2021-05-17,kisumu,1.1,22.2,80,,1.65
2021-05-18,kisumu,1.9,22.3,81,,1.59
2021-05-19,kisumu,1.3,21.6,84,,1.5
2021-05-20,kisumu,2.3,21.8,83,,1.47
2021-05-21,kisumu,1.0,22.1,80,,1.44
2021-05-22,kisumu,2.6,22.1,81,,1.38
2021-05-23,kisumu,3.4,22.0,77,,1.31
2021-05-24,kisumu,9.4,21.7,80,,1.25
2021-05-25,kisumu,4.6,21.9,80,,1.25
2021-05-26,kisumu,4.3,21.9,79,,1.25
2021-05-27,kisumu,0.3,21.8,77,,1.28
2021-05-28,kisumu,0.4,21.8,77,,1.28
2021-05-29,kisumu,0.7,22.2,74,,1.25
2021-05-30,kisumu,5.8,22.3,79,,1.22
2021-05-31,kisumu,0.1,22.7,74,,1.16
2021-06-01,kisumu,0.0,22.0,71,,1.09
2021-06-02,kisumu,0.0,22.0,67,,1.03
2021-06-03,kisumu,2.9,21.8,76,,1.0
2021-06-04,kisumu,0.2,22.6,72,,0.97
2021-06-05,kisumu,0.3,22.8,70,,0.94
2021-06-06,kisumu,0.1,22.5,70,,0.87
2021-06-07,kisumu,0.0,22.3,76,,0.81
2021-06-08,kisumu,0.0,22.3,70,,0.78
2021-06-09,kisumu,0.0,22.3,66,,0.75
2021-06-10,kisumu,0.0,22.3,69,,0.72
2021-06-11,kisumu,0.5,21.9,75,,0.69
2021-06-12,kisumu,3.2,21.8,74,,0.69
2021-06-13,kisumu,0.0,22.3,71,,0.66
2021-06-14,kisumu,0.0,22.5,65,,0.66
2021-06-15,kisumu,1.1,22.7,67,,0.63
2021-06-16,kisumu,6.3,21.5,80,,0.63
2021-06-17,kisumu,14.6,21.2,80,,0.63
2021-06-18,kisumu,34.3,20.7,84,,0.63
2021-06-19,kisumu,4.8,20.7,81,,0.63
2021-06-20,kisumu,0.6,21.0,77,,0.66
2021-06-21,kisumu,1.5,21.2,78,,0.66
2021-06-22,kisumu,0.2,21.4,69,,0.63
2021-06-23,kisumu,0.0,20.9,72,,0.63
2021-06-24,kisumu,0.0,21.2,69,,0.59
2021-06-25,kisumu,0.0,21.8,71,,0.59
2021-06-26,kisumu,0.1,21.9,69,,0.56
2021-06-27,kisumu,0.0,22.2,64,,0.56
2021-06-28,kisumu,0.0,21.9,69,,0.53
2021-06-29,kisumu,0.3,21.0,74,,0.53
2021-06-30,kisumu,0.0,20.5,72,,0.53
2021-07-01,kisumu,0.0,21.6,69,,0.53
2021-07-02,kisumu,0.0,22.0,65,,0.52
2021-07-03,kisumu,0.9,22.0,72,,0.52
2021-07-04,kisumu,1.1,21.8,74,,0.5
2021-07-05,kisumu,0.3,22.4,68,,0.5
2021-07-06,kisumu,0.1,21.9,70,,0.5
2021-07-07,kisumu,0.2,21.6,70,,0.5
2021-07-08,kisumu,1.9,20.9,75,,0.5
2021-07-09,kisumu,4.0,20.6,81,,0.52
2021-07-10,kisumu,0.3,21.4,71,,0.55
2021-07-11,kisumu,0.0,21.9,64,,0.56
2021-07-12,kisumu,0.8,20.6,73,,0.55
2021-07-13,kisumu,1.7,20.6,76,,0.53
2021-07-14,kisumu,1.1,21.9,73,,0.53
2021-07-15,kisumu,0.0,21.6,73,,0.53
2021-07-16,kisumu,0.1,21.9,69,,0.52
2021-07-17,kisumu,0.5,22.1,68,,0.5
2021-07-18,kisumu,0.0,22.4,64,,0.5
2021-07-19,kisumu,0.4,22.4,63,,0.5
2021-07-20,kisumu,0.0,22.6,64,,0.49
2021-07-21,kisumu,0.2,23.5,62,,0.49
2021-07-22,kisumu,0.0,23.1,60,,0.49
2021-07-23,kisumu,0.0,22.5,57,,0.47
2021-07-24,kisumu,0.0,22.9,55,,0.47
2021-07-25,kisumu,0.0,23.1,53,,0.47
2021-07-26,kisumu,0.0,22.4,61,,0.45
2021-07-27,kisumu,0.6,23.2,61,,0.45
2021-07-28,kisumu,2.5,22.7,70,,0.45
2021-07-29,kisumu,7.4,21.3,80,,0.45
2021-07-30,kisumu,2.1,22.7,69,,0.47
2021-07-31,kisumu,0.0,22.9,60,,0.47
2021-08-01,kisumu,0.3,22.4,59,,0.47
2021-08-02,kisumu,0.4,21.9,71,,0.45
2021-08-03,kisumu,1.0,22.7,65,,0.45
2021-08-04,kisumu,0.7,22.5,70,,0.45
2021-08-05,kisumu,0.0,22.3,68,,0.44
2021-08-06,kisumu,0.1,23.4,65,,0.44
2021-08-07,kisumu,0.0,23.1,59,,0.44
2021-08-08,kisumu,9.2,22.6,70,,0.44
2021-08-09,kisumu,2.2,21.1,81,,0.44
2021-08-10,kisumu,0.5,21.0,76,,0.45
2021-08-11,kisumu,2.0,21.4,71,,0.49
2021-08-12,kisumu,4.9,21.5,78,,0.47
2021-08-13,kisumu,1.1,22.1,78,,0.47
2021-08-14,kisumu,4.9,20.8,82,,0.47
2021-08-15,kisumu,0.7,21.1,75,,0.47
2021-08-16,kisumu,0.9,21.6,67,,0.47
2021-08-17,kisumu,0.2,22.1,69,,0.45
2021-08-18,kisumu,0.9,22.4,69,,0.45
2021-08-19,kisumu,0.0,22.6,67,,0.44
2021-08-20,kisumu,0.3,22.8,64,,0.44
2021-08-21,kisumu,0.4,21.8,69,,0.42
2021-08-22,kisumu,0.6,22.6,70,,0.42
2021-08-23,kisumu,0.0,22.9,61,,0.41
2021-08-24,kisumu,0.0,22.7,64,,0.41
2021-08-25,kisumu,0.0,23.6,58,,0.41
2021-08-26,kisumu,0.1,23.9,55,,0.4
2021-08-27,kisumu,0.1,23.8,56,,0.39
2021-08-28,kisumu,0.0,23.8,59,,0.39
2021-08-29,kisumu,0.0,24.7,54,,0.38
2021-08-30,kisumu,0.4,23.1,61,,0.37
2021-08-31,kisumu,2.5,23.2,70,,0.37
2021-09-01,kisumu,5.8,22.3,74,,0.38
2021-09-02,kisumu,3.1,23.0,71,,0.42
2021-09-03,kisumu,1.8,22.7,70,,0.45
2021-09-04,kisumu,0.1,22.6,69,,0.47
2021-09-05,kisumu,0.3,22.5,67,,0.48
2021-09-06,kisumu,0.0,22.5,67,,0.46
2021-09-07,kisumu,0.4,23.0,65,,0.44
2021-09-08,kisumu,8.2,21.9,78,,0.42
2021-09-09,kisumu,0.6,20.8,79,,0.4
2021-09-10,kisumu,0.0,21.9,70,,0.37
2021-09-11,kisumu,1.9,22.1,70,,0.35
2021-09-12,kisumu,2.2,21.4,74,,0.34
2021-09-13,kisumu,0.0,23.1,63,,0.34
2021-09-14,kisumu,0.5,23.2,62,,0.34
2021-09-15,kisumu,1.1,23.1,67,,0.34
2021-09-16,kisumu,6.3,22.5,76,,0.34
2021-09-17,kisumu,5.9,22.0,81,,0.33
2021-09-18,kisumu,9.2,21.6,81,,0.33
2021-09-19,kisumu,0.5,21.6,77,,0.36
2021-09-20,kisumu,0.3,22.9,64,,0.38
2021-09-21,kisumu,8.3,22.6,76,,0.38
2021-09-22,kisumu,2.8,22.4,74,,0.37
2021-09-23,kisumu,0.1,23.5,62,,0.37
2021-09-24,kisumu,3.4,21.6,74,,0.36
2021-09-25,kisumu,1.0,22.1,73,,0.36
2021-09-26,kisumu,1.1,22.0,75,,0.37
2021-09-27,kisumu,2.0,22.8,73,,0.37
2021-09-28,kisumu,0.0,23.5,67,,0.36
2021-09-29,kisumu,0.0,23.6,66,,0.35
2021-09-30,kisumu,0.0,24.2,62,,0.34
2021-10-01,kisumu,8.5,23.3,71,,0.34
2021-10-02,kisumu,2.5,22.1,72,,0.34
2021-10-03,kisumu,4.9,22.1,77,,0.33
2021-10-04,kisumu,0.5,23.2,71,,0.33
2021-10-05,kisumu,0.9,22.8,77,,0.34
2021-10-06,kisumu,2.1,22.8,73,,0.33
2021-10-07,kisumu,1.0,23.4,71,,0.33
2021-10-08,kisumu,0.2,23.7,65,,0.32
2021-10-09,kisumu,0.0,23.6,65,,0.32
2021-10-10,kisumu,0.6,24.6,63,,0.31
2021-10-11,kisumu,1.4,23.6,68,,0.31
2021-10-12,kisumu,1.6,22.6,75,,0.31
2021-10-13,kisumu,4.1,22.5,78,,0.31
2021-10-14,kisumu,1.2,22.6,72,,0.31
2021-10-15,kisumu,0.4,23.5,63,,0.31
2021-10-16,kisumu,0.3,23.8,63,,0.31
2021-10-17,kisumu,7.0,23.1,74,,0.31
2021-10-18,kisumu,1.2,23.6,65,,0.32
2021-10-19,kisumu,0.0,23.1,68,,0.32
2021-10-20,kisumu,0.7,23.0,71,,0.33
2021-10-21,kisumu,8.7,22.8,76,,0.34
2021-10-22,kisumu,6.8,22.6,74,,0.34
2021-10-23,kisumu,1.1,23.0,69,,0.34
2021-10-24,kisumu,0.1,23.7,60,,0.34
2021-10-25,kisumu,0.0,24.3,54,,0.34
2021-10-26,kisumu,2.0,23.2,69,,0.34
2021-10-27,kisumu,0.1,23.5,59,,0.32
2021-10-28,kisumu,0.1,23.3,64,,0.31
2021-10-29,kisumu,0.8,24.4,65,,0.31
2021-10-30,kisumu,1.1,23.2,66,,0.31
2021-10-31,kisumu,0.0,23.9,65,,0.31
2021-11-01,kisumu,0.8,23.9,65,,0.31
2021-11-02,kisumu,4.6,22.0,74,,0.31
2021-11-03,kisumu,0.5,22.6,64,,0.31
2021-11-04,kisumu,0.0,23.4,68,,0.3
2021-11-05,kisumu,1.7,23.3,69,,0.3
2021-11-06,kisumu,0.0,24.0,67,,0.29
2021-11-07,kisumu,14.4,22.6,74,,0.29
2021-11-08,kisumu,0.0,24.2,61,,0.29
2021-11-09,kisumu,0.7,24.5,54,,0.28
2021-11-10,kisumu,1.8,24.3,59,,0.28
2021-11-11,kisumu,0.0,24.4,57,,0.27
2021-11-12,kisumu,0.0,24.6,64,,0.27
2021-11-13,kisumu,0.0,24.8,60,,0.26
2021-11-14,kisumu,0.0,25.2,49,,0.26
2021-11-15,kisumu,0.0,25.0,49,,0.26
2021-11-16,kisumu,4.9,23.2,70,,0.26
2021-11-17,kisumu,0.0,23.6,61,,0.26
2021-11-18,kisumu,0.0,23.5,63,,0.26
2021-11-19,kisumu,0.2,23.6,68,,0.26
2021-11-20,kisumu,4.4,23.4,68,,0.25
2021-11-21,kisumu,6.8,23.3,65,,0.25
2021-11-22,kisumu,0.8,23.1,66,,0.24
2021-11-23,kisumu,0.0,23.4,64,,0.24
2021-11-24,kisumu,0.4,23.7,65,,0.24
2021-11-25,kisumu,24.7,22.2,77,,0.24
2021-11-26,kisumu,7.5,21.9,79,,0.25
2021-11-27,kisumu,5.2,21.5,77,,0.26
2021-11-28,kisumu,1.6,22.3,71,,0.26
2021-11-29,kisumu,0.0,22.5,74,,0.26
2021-11-30,kisumu,0.4,23.1,68,,0.31
2021-12-01,kisumu,5.5,23.2,67,,0.34
2021-12-02,kisumu,0.2,22.9,68,,0.34
2021-12-03,kisumu,0.0,23.4,67,,0.33
2021-12-04,kisumu,0.3,22.7,65,,0.33
2021-12-05,kisumu,0.1,23.2,61,,0.33
2021-12-06,kisumu,0.1,23.5,59,,0.33
2021-12-07,kisumu,0.0,23.8,62,,0.31
2021-12-08,kisumu,0.8,23.7,68,,0.3
2021-12-09,kisumu,1.8,23.6,68,,0.3
2021-12-10,kisumu,0.7,23.9,68,,0.28
2021-12-11,kisumu,0.0,24.7,54,,0.26
2021-12-12,kisumu,0.0,24.5,44,,0.26
2021-12-13,kisumu,0.2,24.3,56,,0.25
2021-12-14,kisumu,4.7,24.3,64,,0.25
2021-12-15,kisumu,0.1,24.0,64,,0.25
2021-12-16,kisumu,0.0,24.1,68,,0.23
2021-12-17,kisumu,0.0,24.0,56,,0.23
2021-12-18,kisumu,0.0,23.9,61,,0.23
2021-12-19,kisumu,12.4,22.6,75,,0.23
2021-12-20,kisumu,1.3,22.2,77,,0.23
2021-12-21,kisumu,0.1,23.3,65,,0.25
2021-12-22,kisumu,1.4,23.8,63,,0.25
2021-12-23,kisumu,0.4,23.8,69,,0.25
2021-12-24,kisumu,6.6,23.3,72,,0.25
2021-12-25,kisumu,1.1,22.9,73,,0.25
2021-12-26,kisumu,24.1,22.2,76,,0.25
2021-12-27,kisumu,0.0,22.8,71,,0.25
2021-12-28,kisumu,0.0,22.5,67,,0.25
2021-12-29,kisumu,8.1,23.2,71,,0.25
2021-12-30,kisumu,3.0,22.7,73,,0.25
2021-12-31,kisumu,4.8,22.0,75,,0.25
2022-01-01,kisumu,3.6,21.4,78,,0.25
2022-01-02,kisumu,0.0,22.3,72,,0.25
2022-01-03,kisumu,0.7,22.4,76,,0.23
2022-01-04,kisumu,0.3,22.2,75,,0.23
2022-01-05,kisumu,0.0,22.6,69,,0.23
2022-01-06,kisumu,0.0,22.6,64,,0.22
2022-01-07,kisumu,0.0,24.1,59,,0.22
2022-01-08,kisumu,0.0,24.5,48,,0.22
2022-01-09,kisumu,0.0,24.8,46,,0.22
2022-01-10,kisumu,0.0,25.4,40,,0.22
2022-01-11,kisumu,0.0,25.5,46,,0.19
2022-01-12,kisumu,0.0,26.0,32,,0.19
2022-01-13,kisumu,0.0,25.5,34,,0.19
2022-01-14,kisumu,0.0,24.0,41,,0.19
2022-01-15,kisumu,1.3,22.7,68,,0.19
2022-01-16,kisumu,3.9,22.3,70,,0.19
2022-01-17,kisumu,64.8,19.2,87,,0.2
2022-01-18,kisumu,11.0,18.9,85,,0.45
2022-01-19,kisumu,4.7,20.4,81,,0.56
2022-01-20,kisumu,0.0,20.8,76,,0.52
2022-01-21,kisumu,0.1,21.2,77,,0.44
2022-01-22,kisumu,0.0,21.5,73,,0.39
2022-01-23,kisumu,1.4,21.5,73,,0.34
2022-01-24,kisumu,0.0,22.1,70,,0.31
2022-01-25,kisumu,0.0,22.7,63,,0.28
2022-01-26,kisumu,0.0,23.5,54,,0.26
2022-01-27,kisumu,0.0,23.5,55,,0.25
2022-01-28,kisumu,0.0,23.6,62,,0.23
2022-01-29,kisumu,0.1,23.7,64,,0.22
2022-01-30,kisumu,5.6,23.2,68,,0.22
2022-01-31,kisumu,1.3,21.0,82,,0.22
2022-02-01,kisumu,5.8,21.6,78,,0.22
2022-02-02,kisumu,0.7,22.5,75,,0.23
2022-02-03,kisumu,0.4,22.2,79,,0.23
2022-02-04,kisumu,0.3,22.1,74,,0.23
2022-02-05,kisumu,4.5,21.1,78,,0.25
2022-02-06,kisumu,1.0,21.3,73,,0.25
2022-02-07,kisumu,5.0,21.1,78,,0.25
2022-02-08,kisumu,0.0,22.2,69,,0.23
2022-02-09,kisumu,2.5,22.2,77,,0.23
2022-02-10,kisumu,0.0,22.6,68,,0.23
2022-02-11,kisumu,0.2,22.9,68,,0.22
2022-02-12,kisumu,6.4,22.2,76,,0.22
2022-02-13,kisumu,0.0,22.6,70,,0.2
2022-02-14,kisumu,0.1,22.5,72,,0.2
2022-02-15,kisumu,0.0,22.5,71,,0.2
2022-02-16,kisumu,0.0,22.5,73,,0.19
2022-02-17,kisumu,0.8,22.8,69,,0.17
2022-02-18,kisumu,3.5,22.5,70,,0.14
2022-02-19,kisumu,2.2,22.8,72,,0.14
2022-02-20,kisumu,8.2,22.8,73,,0.12
2022-02-21,kisumu,4.6,21.2,80,,0.16
2022-02-22,kisumu,1.9,22.3,70,,0.19
2022-02-23,kisumu,3.1,22.4,70,,0.25
2022-02-24,kisumu,14.7,21.2,79,,0.25
2022-02-25,kisumu,9.3,21.6,73,,0.25
2022-02-26,kisumu,0.1,22.1,76,,0.25
2022-02-27,kisumu,0.0,22.9,70,,0.25
2022-02-28,kisumu,0.0,23.3,69,,0.22
2022-03-01,kisumu,4.1,23.0,72,,0.22
2022-03-02,kisumu,0.0,23.9,62,,0.22
2022-03-03,kisumu,1.4,22.8,62,,0.19
2022-03-04,kisumu,0.0,24.4,56,,0.19
2022-03-05,kisumu,0.0,24.6,51,,0.16
2022-03-06,kisumu,0.0,24.2,58,,0.12
2022-03-07,kisumu,0.0,24.7,58,,0.12
2022-03-08,kisumu,0.0,24.9,62,,0.12
2022-03-09,kisumu,0.6,24.5,62,,0.12
2022-03-10,kisumu,0.0,24.9,61,,0.12
2022-03-11,kisumu,0.0,24.8,58,,0.12
2022-03-12,kisumu,0.0,25.5,57,,0.12
2022-03-13,kisumu,0.2,24.1,68,,0.12
2022-03-14,kisumu,0.0,23.8,63,,0.12
2022-03-15,kisumu,0.0,23.7,64,,0.12
2022-03-16,kisumu,1.0,24.2,65,,0.12
2022-03-17,kisumu,6.9,22.3,75,,0.12
2022-03-18,kisumu,0.0,22.6,69,,0.12
2022-03-19,kisumu,0.0,23.4,66,,0.12
2022-03-20,kisumu,0.0,24.3,60,,0.12
2022-03-21,kisumu,0.4,24.5,65,,0.12
2022-03-22,kisumu,3.7,23.0,75,,0.12
2022-03-23,kisumu,0.3,22.6,76,,0.12
2022-03-24,kisumu,3.9,22.7,75,,0.12
2022-03-25,kisumu,0.0,23.4,69,,0.12
2022-03-26,kisumu,0.8,22.6,74,,0.12
2022-03-27,kisumu,2.3,22.8,76,,0.12
2022-03-28,kisumu,10.0,22.7,76,,0.12
2022-03-29,kisumu,9.1,22.6,74,,0.12
2022-03-30,kisumu,0.1,22.1,80,,0.16
2022-03-31,kisumu,0.0,22.7,72,,0.19
2022-04-01,kisumu,2.5,23.2,67,,0.19
2022-04-02,kisumu,0.0,24.0,61,,0.19
2022-04-03,kisumu,0.0,23.6,54,,0.16
2022-04-04,kisumu,0.0,23.7,61,,0.16
2022-04-05,kisumu,0.5,23.7,70,,0.12
2022-04-06,kisumu,0.0,24.4,65,,0.12
2022-04-07,kisumu,0.4,23.6,63,,0.12
2022-04-08,kisumu,0.0,23.6,65,,0.12
2022-04-09,kisumu,0.0,25.2,56,,0.12
2022-04-10,kisumu,3.8,25.0,59,,0.12
2022-04-11,kisumu,0.0,24.7,56,,0.12
2022-04-12,kisumu,0.7,23.9,66,,0.12
2022-04-13,kisumu,1.9,24.3,66,,0.12
2022-04-14,kisumu,4.7,24.5,65,,0.12
2022-04-15,kisumu,2.6,22.9,77,,0.12
2022-04-16,kisumu,2.4,21.9,80,,0.12
2022-04-17,kisumu,0.8,22.1,77,,0.19
2022-04-18,kisumu,0.0,22.8,73,,0.19
2022-04-19,kisumu,3.6,23.0,73,,0.19
2022-04-20,kisumu,7.7,21.5,84,,0.19
2022-04-21,kisumu,2.9,21.3,82,,0.22
2022-04-22,kisumu,5.1,21.7,82,,0.31
2022-04-23,kisumu,9.5,21.9,79,,0.37
2022-04-24,kisumu,12.9,21.5,83,,0.44
2022-04-25,kisumu,8.0,21.3,83,,0.44
2022-04-26,kisumu,26.8,20.7,84,,0.5
2022-04-27,kisumu,10.5,21.4,80,,0.63
2022-04-28,kisumu,9.7,21.1,84,,0.72
2022-04-29,kisumu,3.4,21.6,82,,0.81
2022-04-30,kisumu,1.7,21.5,80,,0.97
2022-05-01,kisumu,10.7,21.2,81,,1.16
2022-05-02,kisumu,7.8,21.4,80,,1.19
2022-05-03,kisumu,2.3,21.4,80,,1.22
2022-05-04,kisumu,1.5,21.3,82,,1.25
2022-05-05,kisumu,0.4,22.3,75,,1.31
2022-05-06,kisumu,9.0,21.1,81,,1.4
2022-05-07,kisumu,6.4,21.7,78,,1.44
2022-05-08,kisumu,1.0,21.8,74,,1.47
2022-05-09,kisumu,0.7,22.2,74,,1.47
2022-05-10,kisumu,0.0,23.1,69,,1.47
2022-05-11,kisumu,4.2,22.8,76,,1.44
2022-05-12,kisumu,0.1,22.6,72,,1.38
2022-05-13,kisumu,0.3,23.0,70,,1.31
2022-05-14,kisumu,0.8,23.5,72,,1.28
2022-05-15,kisumu,0.1,22.9,73,,1.25
2022-05-16,kisumu,1.0,22.6,72,,1.22
2022-05-17,kisumu,2.8,22.1,76,,1.16
2022-05-18,kisumu,2.4,21.8,78,,1.12
2022-05-19,kisumu,0.0,22.2,76,,1.06
2022-05-20,kisumu,15.2,21.8,74,,1.06
2022-05-21,kisumu,0.0,22.5,74,,1.03
2022-05-22,kisumu,4.0,22.3,76,,1.0
2022-05-23,kisumu,7.6,22.2,76,,0.97
2022-05-24,kisumu,0.0,22.8,66,,0.94
2022-05-25,kisumu,4.3,20.9,82,,0.91
2022-05-26,kisumu,0.4,21.7,74,,0.87
2022-05-27,kisumu,14.7,21.1,83,,0.85
2022-05-28,kisumu,6.1,20.6,82,,0.85
2022-05-29,kisumu,12.5,20.1,84,,0.81
2022-05-30,kisumu,6.1,20.2,82,,0.85
2022-05-31,kisumu,0.5,21.3,74,,0.87
2022-06-01,kisumu,0.7,21.6,75,,0.87
2022-06-02,kisumu,0.0,21.8,69,,0.85
2022-06-03,kisumu,0.0,21.4,70,,0.78
2022-06-04,kisumu,0.0,21.5,65,,0.75
2022-06-05,kisumu,0.1,21.8,71,,0.69
2022-06-06,kisumu,0.0,21.9,67,,0.63
2022-06-07,kisumu,0.5,21.5,70,,0.59
2022-06-08,kisumu,1.9,19.9,80,,0.56
2022-06-09,kisumu,0.3,21.0,73,,0.53
2022-06-10,kisumu,0.2,21.4,75,,0.53
2022-06-11,kisumu,0.0,21.6,75,,0.5
2022-06-12,kisumu,0.3,21.8,71,,0.5
2022-06-13,kisumu,1.3,22.2,70,,0.47
2022-06-14,kisumu,0.2,21.9,70,,0.47
2022-06-15,kisumu,1.0,22.0,72,,0.44
2022-06-16,kisumu,0.1,22.8,65,,0.44
2022-06-17,kisumu,0.0,22.6,59,,0.41
2022-06-18,kisumu,1.6,21.8,67,,0.41
2022-06-19,kisumu,12.8,20.9,72,,0.37
2022-06-20,kisumu,0.1,20.2,80,,0.37
2022-06-21,kisumu,0.0,21.3,66,,0.37
2022-06-22,kisumu,0.5,21.7,65,,0.34
2022-06-23,kisumu,0.7,22.0,67,,0.34
2022-06-24,kisumu,5.2,21.6,74,,0.31
2022-06-25,kisumu,9.0,20.4,79,,0.31
2022-06-26,kisumu,0.8,20.7,77,,0.31
2022-06-27,kisumu,0.0,22.0,65,,0.3
2022-06-28,kisumu,0.2,21.3,69,,0.3
2022-06-29,kisumu,0.6,20.3,75,,0.3
2022-06-30,kisumu,0.2,21.4,67,,0.3
2022-07-01,kisumu,0.9,22.0,69,,0.3
2022-07-02,kisumu,7.4,20.6,77,,0.28
2022-07-03,kisumu,0.1,21.4,68,,0.28
2022-07-04,kisumu,0.0,21.2,65,,0.28
2022-07-05,kisumu,0.0,21.1,66,,0.28
2022-07-06,kisumu,0.0,21.8,60,,0.28
2022-07-07,kisumu,0.0,22.6,56,,0.26
2022-07-08,kisumu,0.0,22.3,62,,0.26
2022-07-09,kisumu,0.6,22.6,60,,0.26
2022-07-10,kisumu,0.0,22.4,60,,0.26
2022-07-11,kisumu,0.6,22.9,63,,0.25
2022-07-12,kisumu,1.2,22.9,64,,0.25
2022-07-13,kisumu,0.0,22.6,62,,0.25
2022-07-14,kisumu,0.0,22.3,69,,0.25
2022-07-15,kisumu,8.7,22.6,70,,0.23
2022-07-16,kisumu,0.1,22.4,67,,0.23
2022-07-17,kisumu,0.6,22.1,65,,0.23
2022-07-18,kisumu,5.5,20.9,76,,0.23
2022-07-19,kisumu,3.5,21.1,75,,0.25
2022-07-20,kisumu,0.3,21.1,70,,0.25
2022-07-21,kisumu,0.1,21.0,70,,0.25
2022-07-22,kisumu,0.0,22.1,66,,0.25
2022-07-23,kisumu,0.0,21.6,68,,0.25
2022-07-24,kisumu,0.0,21.7,66,,0.23
2022-07-25,kisumu,0.0,22.8,62,,0.23
2022-07-26,kisumu,0.0,23.2,61,,0.23
2022-07-27,kisumu,0.0,23.3,59,,0.23
2022-07-28,kisumu,12.0,21.3,76,,0.23
2022-07-29,kisumu,14.4,20.8,81,,0.23
2022-07-30,kisumu,13.0,20.7,79,,0.25
2022-07-31,kisumu,7.8,20.0,83,,0.26
2022-08-01,kisumu,16.1,19.8,82,,0.36
2022-08-02,kisumu,10.9,18.3,91,,0.36
2022-08-03,kisumu,0.0,19.5,72,,0.41
2022-08-04,kisumu,0.0,21.3,67,,0.63
2022-08-05,kisumu,0.1,21.4,70,,0.72
2022-08-06,kisumu,0.1,21.8,71,,0.67
2022-08-07,kisumu,0.0,21.8,67,,0.58
2022-08-08,kisumu,0.0,22.3,64,,0.49
2022-08-09,kisumu,0.0,22.3,63,,0.44
2022-08-10,kisumu,0.0,23.0,62,,0.41
2022-08-11,kisumu,0.0,23.3,63,,0.37
2022-08-12,kisumu,0.9,22.3,69,,0.34
2022-08-13,kisumu,12.8,20.7,85,,0.33
2022-08-14,kisumu,3.5,21.5,78,,0.31
2022-08-15,kisumu,15.1,19.9,88,,0.33
2022-08-16,kisumu,3.1,20.3,83,,0.34
2022-08-17,kisumu,5.4,20.5,76,,0.37
2022-08-18,kisumu,9.7,20.5,79,,0.37
2022-08-19,kisumu,0.0,21.3,68,,0.39
2022-08-20,kisumu,3.6,20.5,77,,0.39
2022-08-21,kisumu,0.0,21.8,71,,0.37
2022-08-22,kisumu,0.0,23.0,63,,0.36
2022-08-23,kisumu,2.9,21.3,79,,0.34
2022-08-24,kisumu,0.0,21.4,66,,0.33
2022-08-25,kisumu,0.8,21.7,71,,0.33
2022-08-26,kisumu,3.0,20.9,74,,0.31
2022-08-27,kisumu,0.2,21.0,73,,0.31
2022-08-28,kisumu,2.2,20.6,77,,0.33
2022-08-29,kisumu,1.7,21.0,79,,0.33
2022-08-30,kisumu,3.6,20.6,78,,0.34
2022-08-31,kisumu,4.1,21.3,74,,0.34
2022-09-01,kisumu,0.5,21.1,77,,0.34
2022-09-02,kisumu,8.9,20.6,78,,0.34
2022-09-03,kisumu,2.7,20.1,81,,0.34
2022-09-04,kisumu,1.8,20.6,79,,0.34
2022-09-05,kisumu,5.4,20.4,82,,0.35
2022-09-06,kisumu,0.9,20.8,80,,0.37
2022-09-07,kisumu,13.0,20.8,78,,0.39
2022-09-08,kisumu,0.0,21.7,73,,0.37
2022-09-09,kisumu,4.8,21.4,73,,0.43
2022-09-10,kisumu,8.0,20.5,81,,0.48
2022-09-11,kisumu,0.0,21.5,74,,0.49
2022-09-12,kisumu,0.3,21.7,74,,0.47
2022-09-13,kisumu,8.8,20.6,82,,0.47
2022-09-14,kisumu,2.6,21.1,78,,0.45
2022-09-15,kisumu,1.2,21.2,73,,0.43
2022-09-16,kisumu,0.2,21.9,69,,0.41
2022-09-17,kisumu,0.0,21.6,71,,0.41
2022-09-18,kisumu,0.1,22.5,68,,0.41
2022-09-19,kisumu,0.0,22.3,71,,0.4
2022-09-20,kisumu,0.0,23.3,63,,0.38
2022-09-21,kisumu,0.0,22.7,60,,0.37
2022-09-22,kisumu,3.2,22.6,64,,0.35
2022-09-23,kisumu,3.6,21.6,73,,0.34
2022-09-24,kisumu,0.1,22.5,65,,0.34
2022-09-25,kisumu,1.8,21.6,72,,0.34
2022-09-26,kisumu,0.0,22.8,63,,0.35
2022-09-27,kisumu,0.0,23.3,54,,0.35
2022-09-28,kisumu,0.0,23.0,52,,0.35
2022-09-29,kisumu,0.2,22.2,66,,0.34
2022-09-30,kisumu,0.6,22.5,68,,0.34
2022-10-01,kisumu,4.9,22.4,70,,0.33
2022-10-02,kisumu,0.4,23.5,64,,0.32
2022-10-03,kisumu,0.0,22.8,66,,0.32
2022-10-04,kisumu,2.5,23.3,66,,0.32
2022-10-05,kisumu,0.1,21.9,71,,0.31
2022-10-06,kisumu,0.8,22.2,70,,0.31
2022-10-07,kisumu,0.5,22.9,63,,0.31
2022-10-08,kisumu,6.9,22.0,71,,0.31
2022-10-09,kisumu,0.2,21.8,78,,0.31
2022-10-10,kisumu,0.0,22.7,66,,0.31
2022-10-11,kisumu,0.2,22.6,69,,0.33
2022-10-12,kisumu,0.0,22.7,67,,0.33
2022-10-13,kisumu,0.0,23.7,60,,0.32
2022-10-14,kisumu,9.2,23.1,66,,0.32
2022-10-15,kisumu,4.6,22.6,68,,0.31
2022-10-16,kisumu,7.0,21.8,70,,0.31
2022-10-17,kisumu,12.1,21.7,78,,0.31
2022-10-18,kisumu,3.2,22.4,74,,0.31
2022-10-19,kisumu,1.5,22.5,72,,0.31
2022-10-20,kisumu,0.0,23.3,67,,0.31
2022-10-21,kisumu,0.3,23.7,65,,0.31
2022-10-22,kisumu,0.0,23.9,66,,0.31
2022-10-23,kisumu,0.0,23.9,60,,0.31
2022-10-24,kisumu,0.0,24.4,54,,0.31
2022-10-25,kisumu,0.0,24.9,60,,0.31
2022-10-26,kisumu,0.0,25.3,58,,0.3
2022-10-27,kisumu,0.0,24.6,63,,0.29
2022-10-28,kisumu,0.2,24.5,62,,0.28
2022-10-29,kisumu,0.3,24.5,60,,0.28
2022-10-30,kisumu,2.0,24.3,67,,0.27
2022-10-31,kisumu,0.7,24.0,65,,0.28
2022-11-01,kisumu,0.2,23.7,61,,0.29
2022-11-02,kisumu,2.7,23.1,70,,0.28
2022-11-03,kisumu,4.0,22.8,71,,0.28
2022-11-04,kisumu,2.1,21.4,79,,0.27
2022-11-05,kisumu,1.3,22.1,70,,0.28
2022-11-06,kisumu,0.9,22.7,68,,0.28
2022-11-07,kisumu,0.8,22.5,75,,0.29
2022-11-08,kisumu,0.6,22.3,76,,0.31
2022-11-09,kisumu,0.4,23.2,69,,0.31
2022-11-10,kisumu,26.6,21.3,79,,0.31
2022-11-11,kisumu,0.7,21.9,76,,0.31
2022-11-12,kisumu,2.3,22.0,77,,0.31
2022-11-13,kisumu,15.4,20.9,83,,0.31
2022-11-14,kisumu,3.2,21.2,82,,0.32
2022-11-15,kisumu,5.0,21.4,78,,0.34
2022-11-16,kisumu,10.9,20.6,87,,0.34
2022-11-17,kisumu,1.9,20.9,84,,0.37
2022-11-18,kisumu,4.1,21.1,82,,0.43
2022-11-19,kisumu,10.4,21.2,80,,0.51
2022-11-20,kisumu,11.0,21.1,81,,0.55
2022-11-21,kisumu,1.9,21.6,79,,0.52
2022-11-22,kisumu,13.0,21.2,83,,0.51
2022-11-23,kisumu,14.4,20.4,86,,0.52
2022-11-24,kisumu,1.3,21.4,81,,0.54
2022-11-25,kisumu,0.0,22.2,69,,0.6
2022-11-26,kisumu,0.0,22.0,70,,0.66
2022-11-27,kisumu,0.0,22.2,71,,0.66
2022-11-28,kisumu,0.0,22.0,75,,0.62
2022-11-29,kisumu,0.0,21.8,78,,0.57
2022-11-30,kisumu,0.2,22.4,73,,0.53
2022-12-01,kisumu,0.2,22.1,74,,0.53
2022-12-02,kisumu,1.1,21.8,74,,0.56
2022-12-03,kisumu,0.0,22.8,66,,0.58
2022-12-04,kisumu,7.2,22.0,74,,0.56
2022-12-05,kisumu,0.0,22.0,69,,0.54
2022-12-06,kisumu,3.3,22.1,74,,0.52
2022-12-07,kisumu,0.0,22.3,72,,0.52
2022-12-08,kisumu,3.0,22.5,74,,0.52
2022-12-09,kisumu,13.6,21.0,80,,0.51
2022-12-10,kisumu,2.4,21.0,80,,0.5
2022-12-11,kisumu,0.5,21.9,77,,0.52
2022-12-12,kisumu,0.0,22.2,71,,0.6
2022-12-13,kisumu,10.4,21.1,83,,0.68
2022-12-14,kisumu,0.3,21.1,80,,0.72
2022-12-15,kisumu,0.1,21.3,76,,0.75
2022-12-16,kisumu,0.6,21.2,76,,0.79
2022-12-17,kisumu,0.2,21.4,73,,0.77
2022-12-18,kisumu,0.1,22.0,69,,0.72
2022-12-19,kisumu,5.2,21.4,77,,0.67
2022-12-20,kisumu,3.4,22.0,73,,0.63
2022-12-21,kisumu,1.4,22.0,74,,0.59
2022-12-22,kisumu,0.0,21.6,72,,0.57
2022-12-23,kisumu,15.7,21.0,80,,0.56
2022-12-24,kisumu,10.7,20.0,84,,0.56
2022-12-25,kisumu,5.5,20.7,81,,0.56
2022-12-26,kisumu,2.8,21.0,82,,0.58
2022-12-27,kisumu,23.1,19.9,87,,0.59
2022-12-28,kisumu,0.2,21.4,80,,0.6
2022-12-29,kisumu,0.0,22.3,70,,0.6
2022-12-30,kisumu,0.0,22.4,69,,0.61
2022-12-31,kisumu,0.0,22.3,62,,0.6
2023-01-01,kisumu,0.0,22.9,61,,0.55
2023-01-02,kisumu,0.0,22.7,51,,0.52
2023-01-03,kisumu,1.8,21.8,62,,0.5
2023-01-04,kisumu,0.0,23.2,53,,0.49
2023-01-05,kisumu,0.0,22.8,53,,0.47
2023-01-06,kisumu,0.0,22.8,51,,0.47
2023-01-07,kisumu,0.0,23.5,48,,0.45
2023-01-08,kisumu,0.1,22.6,61,,0.45
2023-01-09,kisumu,0.0,22.3,70,,0.44
2023-01-10,kisumu,0.1,22.5,69,,0.44
2023-01-11,kisumu,0.0,22.3,69,,0.42
2023-01-12,kisumu,0.0,22.1,69,,0.42
2023-01-13,kisumu,0.0,22.1,67,,0.42
2023-01-14,kisumu,0.0,22.6,63,,0.41
2023-01-15,kisumu,0.0,22.9,60,,0.41
2023-01-16,kisumu,0.0,22.4,63,,0.41
2023-01-17,kisumu,0.0,23.7,55,,0.39
2023-01-18,kisumu,0.0,23.8,52,,0.39
2023-01-19,kisumu,0.0,23.0,59,,0.39
2023-01-20,kisumu,0.0,23.8,53,,0.37
2023-01-21,kisumu,0.0,24.7,48,,0.37
2023-01-22,kisumu,0.0,23.4,59,,0.36
2023-01-23,kisumu,0.0,22.9,61,,0.36
2023-01-24,kisumu,0.0,23.1,60,,0.36
2023-01-25,kisumu,0.0,23.3,56,,0.34
2023-01-26,kisumu,0.0,23.9,53,,0.34
2023-01-27,kisumu,0.0,24.7,52,,0.34
2023-01-28,kisumu,0.0,23.8,42,,0.34
2023-01-29,kisumu,0.0,24.2,43,,0.33
2023-01-30,kisumu,0.0,24.4,44,,0.33
2023-01-31,kisumu,0.0,24.2,53,,0.33
2023-02-01,kisumu,0.1,23.8,53,,0.33
2023-02-02,kisumu,0.0,23.5,58,,0.3
2023-02-03,kisumu,0.0,23.5,60,,0.26
2023-02-04,kisumu,0.0,23.9,56,,0.26
2023-02-05,kisumu,0.2,24.0,56,,0.26
2023-02-06,kisumu,2.6,23.7,61,,0.25
2023-02-07,kisumu,0.0,23.7,62,,0.25
2023-02-08,kisumu,0.2,23.7,61,,0.25
2023-02-09,kisumu,0.0,23.3,59,,0.25
2023-02-10,kisumu,0.0,23.5,60,,0.25
2023-02-11,kisumu,0.0,24.2,58,,0.25
2023-02-12,kisumu,0.0,24.7,49,,0.23
2023-02-13,kisumu,0.0,25.0,38,,0.23
2023-02-14,kisumu,0.0,25.1,44,,0.23
2023-02-15,kisumu,0.0,25.5,44,,0.23
2023-02-16,kisumu,0.0,24.9,53,,0.23
2023-02-17,kisumu,0.0,24.6,55,,0.22
2023-02-18,kisumu,0.0,24.8,57,,0.22
2023-02-19,kisumu,0.0,25.6,52,,0.22
2023-02-20,kisumu,0.0,26.2,42,,0.22
2023-02-21,kisumu,0.0,26.7,42,,0.22
2023-02-22,kisumu,0.0,26.3,42,,0.22
2023-02-23,kisumu,0.0,25.2,53,,0.22
2023-02-24,kisumu,0.0,25.0,57,,0.22
2023-02-25,kisumu,0.6,24.8,61,,0.22
2023-02-26,kisumu,1.8,24.6,66,,0.22
2023-02-27,kisumu,1.4,25.0,63,,0.19
2023-02-28,kisumu,20.6,22.7,77,,0.22
2023-03-01,kisumu,4.0,23.0,74,,0.25
2023-03-02,kisumu,7.0,22.5,75,,0.28
2023-03-03,kisumu,6.5,21.9,77,,0.28
2023-03-04,kisumu,0.1,22.5,76,,0.28
2023-03-05,kisumu,0.0,23.3,67,,0.25
2023-03-06,kisumu,0.0,24.2,55,,0.25
2023-03-07,kisumu,0.0,24.6,51,,0.25
2023-03-08,kisumu,0.0,24.9,45,,0.22
2023-03-09,kisumu,0.2,24.5,53,,0.22
2023-03-10,kisumu,5.0,23.1,72,,0.22
2023-03-11,kisumu,2.3,23.4,69,,0.22
2023-03-12,kisumu,22.4,21.8,79,,0.22
2023-03-13,kisumu,0.6,22.5,76,,0.22
2023-03-14,kisumu,12.7,21.0,84,,0.22
2023-03-15,kisumu,8.5,20.8,81,,0.22
2023-03-16,kisumu,5.4,21.7,79,,0.25
2023-03-17,kisumu,2.9,22.6,71,,0.25
2023-03-18,kisumu,3.0,21.8,78,,0.28
2023-03-19,kisumu,0.3,21.7,76,,0.28
2023-03-20,kisumu,23.2,20.7,85,,0.25
2023-03-21,kisumu,9.1,20.6,80,,0.34
2023-03-22,kisumu,2.4,21.8,74,,0.41
2023-03-23,kisumu,5.0,22.0,74,,0.47
2023-03-24,kisumu,3.8,20.8,83,,0.44
2023-03-25,kisumu,4.1,20.9,82,,0.47
2023-03-26,kisumu,6.5,21.1,82,,0.47
2023-03-27,kisumu,5.7,21.5,82,,0.47
2023-03-28,kisumu,16.9,20.9,84,,0.47
2023-03-29,kisumu,0.0,21.6,77,,0.53
2023-03-30,kisumu,8.2,22.2,77,,0.56
2023-03-31,kisumu,16.7,21.7,82,,0.56
2023-04-01,kisumu,8.2,21.0,81,,0.53
2023-04-02,kisumu,0.0,21.9,75,,0.63
2023-04-03,kisumu,9.1,21.3,82,,0.69
2023-04-04,kisumu,0.6,21.8,78,,0.72
2023-04-05,kisumu,0.8,22.1,75,,0.78
2023-04-06,kisumu,0.0,22.0,78,,0.85
2023-04-07,kisumu,0.0,22.9,74,,0.81
2023-04-08,kisumu,0.0,23.0,75,,0.75
2023-04-09,kisumu,0.0,23.8,66,,0.69
2023-04-10,kisumu,0.0,23.4,71,,0.63
2023-04-11,kisumu,0.0,23.5,72,,0.59
2023-04-12,kisumu,0.0,23.4,70,,0.56
2023-04-13,kisumu,0.2,23.7,68,,0.53
2023-04-14,kisumu,0.7,23.2,70,,0.5
2023-04-15,kisumu,0.1,23.2,66,,0.47
2023-04-16,kisumu,4.5,22.6,73,,0.47
2023-04-17,kisumu,5.7,22.7,73,,0.47
2023-04-18,kisumu,17.6,22.2,79,,0.5
2023-04-19,kisumu,0.0,22.7,73,,0.56
2023-04-20,kisumu,0.3,23.3,71,,0.59
2023-04-21,kisumu,10.7,23.4,72,,0.56
2023-04-22,kisumu,19.9,21.5,85,,0.53
2023-04-23,kisumu,21.6,21.4,85,,0.56
2023-04-24,kisumu,3.3,22.0,81,,0.66
2023-04-25,kisumu,35.1,21.4,84,,0.75
2023-04-26,kisumu,12.8,22.1,80,,0.97
2023-04-27,kisumu,3.6,21.1,82,,1.53
2023-04-28,kisumu,3.2,22.0,79,,2.13
2023-04-29,kisumu,19.6,21.0,85,,2.37
2023-04-30,kisumu,18.5,20.0,88,,2.72
2023-05-01,kisumu,9.0,20.1,87,,3.25
2023-05-02,kisumu,4.2,21.0,82,,4.0
2023-05-03,kisumu,13.2,21.2,81,,4.13
2023-05-04,kisumu,2.2,20.9,85,,3.97
2023-05-05,kisumu,1.1,21.5,81,,3.84
2023-05-06,kisumu,0.0,22.3,72,,3.79
2023-05-07,kisumu,0.0,22.4,74,,3.66
2023-05-08,kisumu,0.0,22.3,76,,3.5
2023-05-09,kisumu,1.0,22.4,76,,3.35
2023-05-10,kisumu,9.5,22.2,78,,3.22
2023-05-11,kisumu,4.7,21.7,83,,3.09
2023-05-12,kisumu,0.5,22.5,76,,2.97
2023-05-13,kisumu,0.0,22.7,76,,2.87
2023-05-14,kisumu,0.0,23.1,71,,2.75
2023-05-15,kisumu,0.0,23.4,69,,2.66
2023-05-16,kisumu,0.2,23.5,66,,2.53
2023-05-17,kisumu,0.3,23.6,66,,2.4
2023-05-18,kisumu,0.1,23.5,67,,2.31
2023-05-19,kisumu,0.0,23.4,68,,2.18
2023-05-20,kisumu,0.0,23.1,68,,2.09
2023-05-21,kisumu,0.0,22.9,67,,1.97
2023-05-22,kisumu,0.0,23.5,64,,1.88
2023-05-23,kisumu,0.1,23.0,67,,1.75
2023-05-24,kisumu,2.2,23.0,69,,1.65
2023-05-25,kisumu,0.1,23.5,66,,1.59
2023-05-26,kisumu,0.2,23.7,65,,1.5
2023-05-27,kisumu,0.1,23.9,57,,1.44
2023-05-28,kisumu,0.0,24.0,56,,1.38
2023-05-29,kisumu,0.0,23.5,60,,1.31
2023-05-30,kisumu,2.3,22.4,70,,1.25
2023-05-31,kisumu,3.3,21.7,78,,1.19
2023-06-01,kisumu,0.0,22.9,70,,1.16
2023-06-02,kisumu,0.2,22.8,70,,1.12
2023-06-03,kisumu,0.1,23.7,69,,1.09
2023-06-04,kisumu,0.0,24.3,60,,1.03
2023-06-05,kisumu,0.1,23.5,67,,1.0
2023-06-06,kisumu,0.6,23.0,70,,0.94
2023-06-07,kisumu,0.6,22.3,72,,0.91
2023-06-08,kisumu,0.0,22.7,67,,0.87
2023-06-09,kisumu,0.0,23.2,61,,0.81
2023-06-10,kisumu,1.5,22.8,71,,0.78
2023-06-11,kisumu,0.0,22.6,64,,0.75
2023-06-12,kisumu,0.4,22.9,69,,0.75
2023-06-13,kisumu,0.3,22.1,71,,0.72
2023-06-14,kisumu,0.4,21.8,78,,0.7
2023-06-15,kisumu,0.3,21.9,75,,0.69
2023-06-16,kisumu,0.6,23.0,68,,0.69
2023-06-17,kisumu,2.5,22.6,72,,0.67
2023-06-18,kisumu,0.0,22.5,72,,0.66
2023-06-19,kisumu,6.0,22.6,72,,0.64
2023-06-20,kisumu,1.1,22.7,73,,0.64
2023-06-21,kisumu,5.4,21.8,77,,0.63
2023-06-22,kisumu,1.3,22.1,74,,0.61
2023-06-23,kisumu,1.1,21.8,77,,0.61
2023-06-24,kisumu,2.8,20.8,85,,0.59
2023-06-25,kisumu,1.5,21.5,79,,0.58
2023-06-26,kisumu,0.4,22.0,71,,0.58
2023-06-27,kisumu,1.1,21.8,74,,0.56
2023-06-28,kisumu,0.1,22.2,70,,0.55
2023-06-29,kisumu,0.0,23.1,62,,0.53
2023-06-30,kisumu,0.1,22.4,66,,0.53
2023-07-01,kisumu,0.4,21.8,70,,0.52
2023-07-02,kisumu,1.7,21.4,77,,0.5
2023-07-03,kisumu,2.1,21.1,78,,0.5
2023-07-04,kisumu,0.9,21.9,68,,0.5
2023-07-05,kisumu,0.0,21.9,66,,0.49
2023-07-06,kisumu,8.4,21.7,71,,0.49
2023-07-07,kisumu,4.5,20.9,80,,0.49
2023-07-08,kisumu,0.2,21.1,75,,0.49
2023-07-09,kisumu,0.2,20.9,74,,0.47
2023-07-10,kisumu,0.0,22.0,66,,0.44
2023-07-11,kisumu,0.0,22.9,61,,0.42
2023-07-12,kisumu,0.1,22.1,70,,0.42
2023-07-13,kisumu,0.7,22.1,69,,0.41
2023-07-14,kisumu,0.3,21.8,71,,0.41
2023-07-15,kisumu,1.1,22.0,72,,0.41
2023-07-16,kisumu,0.0,22.1,67,,0.39
2023-07-17,kisumu,0.0,22.8,59,,0.39
2023-07-18,kisumu,0.0,23.0,61,,0.36
2023-07-19,kisumu,0.1,22.8,65,,0.33
2023-07-20,kisumu,0.0,23.7,58,,0.33
2023-07-21,kisumu,0.0,24.2,53,,0.33
2023-07-22,kisumu,0.0,23.9,54,,0.31
2023-07-23,kisumu,0.2,23.8,58,,0.31
2023-07-24,kisumu,1.1,22.7,65,,0.31
2023-07-25,kisumu,0.1,23.4,62,,0.31
2023-07-26,kisumu,0.0,24.0,59,,0.31
2023-07-27,kisumu,0.6,22.2,70,,0.3
2023-07-28,kisumu,3.0,22.1,70,,0.3
2023-07-29,kisumu,0.0,23.3,63,,0.31
2023-07-30,kisumu,0.8,23.3,69,,0.31
2023-07-31,kisumu,0.0,23.2,63,,0.3
2023-08-01,kisumu,7.5,22.6,69,,0.3
2023-08-02,kisumu,3.0,21.1,80,,0.3
2023-08-03,kisumu,0.1,21.1,77,,0.3
2023-08-04,kisumu,0.1,22.3,68,,0.3
2023-08-05,kisumu,0.5,22.1,72,,0.28
2023-08-06,kisumu,0.2,22.8,62,,0.28
2023-08-07,kisumu,0.0,23.2,56,,0.28
2023-08-08,kisumu,0.5,22.8,62,,0.3
2023-08-09,kisumu,0.2,23.3,63,,0.28
2023-08-10,kisumu,0.3,22.8,68,,0.27
2023-08-11,kisumu,1.1,22.4,68,,0.27
2023-08-12,kisumu,0.0,23.7,63,,0.27
2023-08-13,kisumu,0.2,23.6,64,,0.27
2023-08-14,kisumu,0.0,23.8,61,,0.27
2023-08-15,kisumu,0.0,23.7,57,,0.26
2023-08-16,kisumu,0.0,24.1,60,,0.26
2023-08-17,kisumu,0.6,24.4,57,,0.26
2023-08-18,kisumu,1.5,23.3,66,,0.26
2023-08-19,kisumu,0.0,23.4,57,,0.26
2023-08-20,kisumu,0.0,24.3,55,,0.25
2023-08-21,kisumu,0.0,24.0,56,,0.25
2023-08-22,kisumu,0.0,24.5,58,,0.25
2023-08-23,kisumu,0.0,25.7,52,,0.24
2023-08-24,kisumu,0.2,24.8,60,,0.24
2023-08-25,kisumu,0.0,24.8,61,,0.24
2023-08-26,kisumu,0.1,24.4,59,,0.24
2023-08-27,kisumu,0.0,25.0,49,,0.23
2023-08-28,kisumu,0.3,24.3,54,,0.23
2023-08-29,kisumu,0.2,22.5,69,,0.23
2023-08-30,kisumu,6.0,22.3,75,,0.23
2023-08-31,kisumu,7.3,22.0,72,,0.23
2023-09-01,kisumu,0.0,23.2,65,,0.23
2023-09-02,kisumu,0.6,23.8,65,,0.23
2023-09-03,kisumu,0.0,23.5,63,,0.23
2023-09-04,kisumu,0.7,23.2,67,,0.23
2023-09-05,kisumu,3.3,22.1,72,,0.22
2023-09-06,kisumu,10.8,21.3,80,,0.22
2023-09-07,kisumu,0.3,21.3,76,,0.22
2023-09-08,kisumu,0.0,22.7,62,,0.25
2023-09-09,kisumu,7.2,22.2,71,,0.26
2023-09-10,kisumu,8.8,21.7,78,,0.23
2023-09-11,kisumu,6.5,21.1,81,,0.24
2023-09-12,kisumu,2.7,21.6,78,,0.25
2023-09-13,kisumu,1.7,22.2,71,,0.26
2023-09-14,kisumu,0.0,22.3,71,,0.27
2023-09-15,kisumu,3.5,22.4,77,,0.27
2023-09-16,kisumu,0.4,21.9,78,,0.25
2023-09-17,kisumu,0.0,22.4,71,,0.26
2023-09-18,kisumu,5.1,22.6,73,,0.37
2023-09-19,kisumu,0.4,21.6,77,,0.34
2023-09-20,kisumu,6.3,22.1,74,,0.27
2023-09-21,kisumu,1.7,22.3,72,,0.27
2023-09-22,kisumu,0.8,22.4,73,,0.28
2023-09-23,kisumu,2.0,22.4,75,,0.29
2023-09-24,kisumu,11.3,21.8,78,,0.31
2023-09-25,kisumu,0.0,22.7,69,,0.28
2023-09-26,kisumu,0.1,23.2,67,,0.27
2023-09-27,kisumu,0.0,23.0,67,,0.27
2023-09-28,kisumu,1.2,23.0,67,,0.26
2023-09-29,kisumu,0.0,23.6,66,,0.26
2023-09-30,kisumu,0.9,24.1,65,,0.24
2023-10-01,kisumu,6.8,22.8,72,,0.24
2023-10-02,kisumu,0.6,23.4,67,,0.26
2023-10-03,kisumu,0.0,24.2,60,,0.26
2023-10-04,kisumu,0.0,23.8,65,,0.25
2023-10-05,kisumu,0.0,24.3,58,,0.23
2023-10-06,kisumu,0.0,24.5,57,,0.23
2023-10-07,kisumu,0.0,24.3,61,,0.22
2023-10-08,kisumu,0.9,24.1,64,,0.19
2023-10-09,kisumu,2.2,24.7,63,,0.17
2023-10-10,kisumu,9.2,24.4,61,,0.16
2023-10-11,kisumu,4.4,22.0,83,,0.16
2023-10-12,kisumu,0.7,22.7,75,,0.17
2023-10-13,kisumu,0.0,23.6,67,,0.19
2023-10-14,kisumu,2.0,23.3,69,,0.22
2023-10-15,kisumu,2.4,23.9,67,,0.32
2023-10-16,kisumu,2.6,22.1,78,,0.3
2023-10-17,kisumu,0.0,22.2,78,,0.29
2023-10-18,kisumu,24.9,23.0,75,,0.33
2023-10-19,kisumu,3.2,22.5,77,,0.34
2023-10-20,kisumu,1.7,22.3,76,,0.41
2023-10-21,kisumu,9.3,21.8,79,,0.39
2023-10-22,kisumu,0.4,22.7,74,,0.35
2023-10-23,kisumu,0.0,23.1,68,,0.42
2023-10-24,kisumu,0.0,23.9,65,,0.37
2023-10-25,kisumu,7.6,24.1,70,,0.32
2023-10-26,kisumu,1.1,23.3,74,,0.32
2023-10-27,kisumu,0.0,23.9,65,,0.31
2023-10-28,kisumu,8.2,21.9,77,,0.31
2023-10-29,kisumu,9.4,21.8,81,,0.32
2023-10-30,kisumu,5.8,22.6,76,,0.36
2023-10-31,kisumu,0.1,23.0,70,,0.36
2023-11-01,kisumu,0.2,23.6,71,,0.34
2023-11-02,kisumu,0.5,22.5,77,,0.35
2023-11-03,kisumu,16.8,21.3,85,,0.39
2023-11-04,kisumu,6.2,21.9,80,,0.39
2023-11-05,kisumu,13.2,20.9,85,,0.39
2023-11-06,kisumu,0.8,21.5,78,,0.5
2023-11-07,kisumu,6.5,21.3,82,,0.53
2023-11-08,kisumu,4.5,21.7,80,,0.7
2023-11-09,kisumu,0.9,23.0,69,,0.74
2023-11-10,kisumu,0.7,22.8,74,,0.77
2023-11-11,kisumu,5.5,22.9,77,,0.82
2023-11-12,kisumu,25.8,22.0,82,,0.78
2023-11-13,kisumu,6.4,21.8,81,,0.81
2023-11-14,kisumu,1.5,21.1,84,,0.95
2023-11-15,kisumu,0.2,22.2,76,,1.08
2023-11-16,kisumu,0.2,22.6,76,,1.08
2023-11-17,kisumu,5.0,22.7,74,,1.16
2023-11-18,kisumu,1.8,22.5,77,,1.21
2023-11-19,kisumu,2.7,22.1,79,,1.23
2023-11-20,kisumu,3.8,21.7,85,,1.31
2023-11-21,kisumu,3.3,22.3,77,,1.33
2023-11-22,kisumu,3.0,22.2,77,,1.35
2023-11-23,kisumu,0.8,22.4,76,,1.44
2023-11-24,kisumu,2.6,21.1,83,,1.79
2023-11-25,kisumu,7.4,21.0,84,,1.75
2023-11-26,kisumu,32.2,20.9,84,,1.8
2023-11-27,kisumu,8.3,21.1,81,,1.79
2023-11-28,kisumu,0.0,22.0,77,,2.13
2023-11-29,kisumu,0.0,22.1,78,,2.73
2023-11-30,kisumu,1.0,21.8,77,,2.72
2023-12-01,kisumu,0.0,22.2,73,,2.82
2023-12-02,kisumu,0.6,22.4,74,,2.69
2023-12-03,kisumu,2.6,22.2,77,,2.67
2023-12-04,kisumu,0.8,21.9,77,,2.54
2023-12-05,kisumu,0.7,21.6,79,,2.47
2023-12-06,kisumu,1.3,21.6,79,,2.4
2023-12-07,kisumu,0.0,22.2,75,,2.5
2023-12-08,kisumu,0.1,22.0,75,,2.51
2023-12-09,kisumu,3.8,22.3,76,,2.44
2023-12-10,kisumu,10.8,21.6,83,,2.43
2023-12-11,kisumu,0.1,22.0,76,,2.39
2023-12-12,kisumu,10.5,22.0,76,,2.32
2023-12-13,kisumu,7.4,21.5,81,,2.26
2023-12-14,kisumu,8.0,21.3,82,,2.23
2023-12-15,kisumu,0.0,22.2,76,,2.37
2023-12-16,kisumu,11.9,21.9,81,,2.37
2023-12-17,kisumu,0.0,22.9,74,,2.37
2023-12-18,kisumu,0.1,23.2,66,,2.37
2023-12-19,kisumu,0.0,23.0,71,,2.3
2023-12-20,kisumu,0.5,23.7,69,,2.15
2023-12-21,kisumu,0.1,23.6,68,,2.03
2023-12-22,kisumu,0.0,23.6,57,,1.98
2023-12-23,kisumu,0.2,23.5,67,,1.89
2023-12-24,kisumu,0.0,24.1,71,,1.81
2023-12-25,kisumu,0.0,24.1,70,,1.72
2023-12-26,kisumu,0.0,23.7,73,,1.65
2023-12-27,kisumu,0.0,23.7,69,,1.56
2023-12-28,kisumu,0.4,22.3,76,,1.48
2023-12-29,kisumu,5.2,22.8,78,,1.45
2023-12-30,kisumu,7.6,22.4,78,,1.35
2023-12-31,kisumu,17.6,21.5,83,,1.29
2024-01-01,kisumu,0.1,21.6,77,,1.26
2024-01-02,kisumu,12.9,22.3,77,,1.37
2024-01-03,kisumu,1.1,21.7,83,,1.47
2024-01-04,kisumu,1.7,22.0,78,,1.5
2024-01-05,kisumu,9.4,21.4,80,,1.42
2024-01-06,kisumu,0.6,22.6,72,,1.42
2024-01-07,kisumu,9.1,22.3,75,,1.38
2024-01-08,kisumu,1.0,22.7,76,,1.37
2024-01-09,kisumu,5.8,21.6,81,,1.22
2024-01-10,kisumu,18.8,21.0,82,,1.16
2024-01-11,kisumu,0.7,22.3,75,,1.2
2024-01-12,kisumu,8.9,22.0,80,,1.34
2024-01-13,kisumu,6.4,20.6,87,,1.23
2024-01-14,kisumu,2.4,21.5,82,,1.31
2024-01-15,kisumu,5.7,21.6,82,,1.38
2024-01-16,kisumu,0.5,21.9,78,,1.28
2024-01-17,kisumu,2.7,21.5,80,,1.2
2024-01-18,kisumu,14.7,20.9,80,,1.33
2024-01-19,kisumu,0.7,21.4,75,,1.34
2024-01-20,kisumu,14.7,22.0,80,,1.56
2024-01-21,kisumu,24.0,21.6,80,,1.62
2024-01-22,kisumu,3.5,21.9,81,,1.58
2024-01-23,kisumu,2.1,21.4,81,,1.69
2024-01-24,kisumu,1.2,22.2,78,,1.42
2024-01-25,kisumu,0.2,22.6,75,,1.58
2024-01-26,kisumu,2.5,21.9,81,,1.61
2024-01-27,kisumu,0.3,22.2,80,,1.56
2024-01-28,kisumu,1.3,22.7,78,,1.5
2024-01-29,kisumu,0.0,22.8,75,,1.53
2024-01-30,kisumu,0.5,22.7,76,,1.55
2024-01-31,kisumu,0.9,22.8,75,,1.56
2024-02-01,kisumu,0.7,22.5,76,,1.48
2024-02-02,kisumu,0.0,23.0,72,,1.44
2024-02-03,kisumu,12.1,22.1,79,,1.39
2024-02-04,kisumu,0.1,22.8,74,,1.44
2024-02-05,kisumu,0.4,22.7,76,,1.47
2024-02-06,kisumu,1.3,21.9,74,,1.42
2024-02-07,kisumu,0.1,22.9,68,,1.44
2024-02-08,kisumu,0.6,23.0,67,,1.39
2024-02-09,kisumu,0.0,23.9,69,,1.36
2024-02-10,kisumu,6.1,22.8,80,,1.34
2024-02-11,kisumu,0.3,22.4,78,,1.3
2024-02-12,kisumu,0.0,23.1,74,,1.26
2024-02-13,kisumu,0.1,23.7,70,,1.22
2024-02-14,kisumu,0.2,24.4,67,,1.28
2024-02-15,kisumu,0.5,22.7,78,,1.26
2024-02-16,kisumu,0.0,22.9,73,,1.19
2024-02-17,kisumu,1.5,23.6,74,,1.12
2024-02-18,kisumu,5.9,23.1,78,,1.09
2024-02-19,kisumu,2.9,23.3,74,,1.06
2024-02-20,kisumu,0.0,24.0,66,,1.03
2024-02-21,kisumu,0.0,24.9,60,,0.99
2024-02-22,kisumu,0.0,26.3,47,,0.97
2024-02-23,kisumu,0.0,25.1,50,,0.94
2024-02-24,kisumu,0.2,24.5,55,,0.91
2024-02-25,kisumu,0.0,24.2,58,,0.87
2024-02-26,kisumu,0.8,23.8,69,,0.85
2024-02-27,kisumu,2.1,22.3,77,,0.81
2024-02-28,kisumu,5.2,21.4,80,,0.78
2024-02-29,kisumu,0.1,22.9,72,,0.78
2024-03-01,kisumu,0.9,23.7,66,,0.85
2024-03-02,kisumu,0.0,23.9,65,,0.83
2024-03-03,kisumu,0.5,23.3,70,,0.77
2024-03-04,kisumu,4.8,23.0,75,,0.77
2024-03-05,kisumu,1.4,23.9,68,,0.75
2024-03-06,kisumu,0.6,23.3,77,,0.73
2024-03-07,kisumu,0.2,24.0,69,,0.72
2024-03-08,kisumu,0.4,23.9,66,,0.72
2024-03-09,kisumu,0.8,23.5,71,,0.72
2024-03-10,kisumu,0.0,23.7,70,,0.7
2024-03-11,kisumu,0.0,25.2,61,,0.67
2024-03-12,kisumu,0.0,24.2,54,,0.67
2024-03-13,kisumu,0.0,24.4,56,,0.67
2024-03-14,kisumu,0.1,24.9,60,,0.67
2024-03-15,kisumu,0.0,25.7,46,,0.66
2024-03-16,kisumu,0.0,25.4,44,,0.64
2024-03-17,kisumu,0.0,25.4,49,,0.64
2024-03-18,kisumu,0.0,25.7,50,,0.63
2024-03-19,kisumu,0.0,26.0,52,,0.61
2024-03-20,kisumu,0.0,26.7,47,,0.61
2024-03-21,kisumu,0.0,26.1,57,,0.59
2024-03-22,kisumu,0.0,26.0,53,,0.59
2024-03-23,kisumu,4.6,25.0,71,,0.58
2024-03-24,kisumu,15.0,23.1,79,,0.58
2024-03-25,kisumu,0.0,24.0,70,,0.56
2024-03-26,kisumu,2.1,23.8,75,,0.58
2024-03-27,kisumu,3.0,23.1,79,,0.59
2024-03-28,kisumu,1.9,23.4,77,,0.7
2024-03-29,kisumu,0.0,23.8,74,,0.73
2024-03-30,kisumu,2.4,24.1,71,,0.69
2024-03-31,kisumu,5.5,23.9,75,,0.67
2024-04-01,kisumu,15.2,22.3,83,,0.66
2024-04-02,kisumu,2.9,22.0,82,,0.66
2024-04-03,kisumu,7.9,21.6,81,,0.75
2024-04-04,kisumu,0.1,21.8,79,,0.8
2024-04-05,kisumu,2.3,22.2,77,,0.85
2024-04-06,kisumu,7.4,22.3,81,,1.17
2024-04-07,kisumu,12.7,21.6,85,,1.44
2024-04-08,kisumu,17.7,21.1,85,,1.59
2024-04-09,kisumu,0.3,21.5,75,,1.8
2024-04-10,kisumu,2.7,21.9,78,,2.25
2024-04-11,kisumu,0.2,22.6,77,,3.27
2024-04-12,kisumu,0.1,23.2,76,,3.38
2024-04-13,kisumu,2.3,23.0,78,,3.36
2024-04-14,kisumu,13.5,21.7,84,,3.47
2024-04-15,kisumu,1.7,22.3,80,,3.69
2024-04-16,kisumu,0.4,22.5,78,,3.8
2024-04-17,kisumu,0.0,23.3,70,,4.22
2024-04-18,kisumu,1.0,23.1,77,,4.04
2024-04-19,kisumu,0.9,23.1,77,,4.08
2024-04-20,kisumu,0.1,23.4,74,,3.83
2024-04-21,kisumu,0.2,22.4,72,,3.8
2024-04-22,kisumu,4.1,23.5,69,,3.59
2024-04-23,kisumu,5.8,23.4,77,,3.49
2024-04-24,kisumu,4.9,22.5,79,,3.66
2024-04-25,kisumu,11.5,22.3,81,,3.86
2024-04-26,kisumu,1.3,21.6,81,,3.99
2024-04-27,kisumu,0.1,22.8,66,,3.81
2024-04-28,kisumu,1.9,22.5,75,,3.67
2024-04-29,kisumu,6.9,22.9,78,,3.7
2024-04-30,kisumu,0.2,22.9,75,,3.53
2024-05-01,kisumu,0.9,23.2,77,,3.43
2024-05-02,kisumu,4.7,23.6,77,,3.35
2024-05-03,kisumu,1.0,22.6,80,,3.25
2024-05-04,kisumu,1.1,22.0,81,,3.14
2024-05-05,kisumu,0.0,22.8,72,,3.38
2024-05-06,kisumu,0.0,23.6,70,,3.25
2024-05-07,kisumu,1.2,23.3,74,,3.3
2024-05-08,kisumu,5.1,23.2,74,,3.38
2024-05-09,kisumu,1.8,22.4,82,,3.33
2024-05-10,kisumu,8.8,22.5,79,,3.29
2024-05-11,kisumu,0.0,22.9,76,,3.33
2024-05-12,kisumu,0.0,23.8,73,,3.33
2024-05-13,kisumu,1.7,23.4,71,,4.06
2024-05-14,kisumu,12.2,23.1,74,,4.46
2024-05-15,kisumu,0.0,23.0,73,,4.19
2024-05-16,kisumu,0.1,23.1,70,,4.01
2024-05-17,kisumu,0.0,24.0,67,,3.95
2024-05-18,kisumu,0.7,23.0,76,,3.81
2024-05-19,kisumu,0.0,23.5,67,,3.55
2024-05-20,kisumu,6.1,22.9,74,,3.41
2024-05-21,kisumu,0.5,22.8,73,,3.3
2024-05-22,kisumu,0.4,23.3,72,,3.19
2024-05-23,kisumu,0.3,23.0,73,,3.12
2024-05-24,kisumu,3.9,21.7,83,,3.03
2024-05-25,kisumu,0.0,22.7,73,,3.06
2024-05-26,kisumu,0.0,22.9,72,,2.97
2024-05-27,kisumu,0.5,22.9,72,,2.97
2024-05-28,kisumu,0.3,23.1,72,,2.71
2024-05-29,kisumu,1.0,22.5,75,,2.61
2024-05-30,kisumu,0.1,23.0,69,,2.52
2024-05-31,kisumu,1.6,23.3,73,,2.4
2024-06-01,kisumu,0.2,23.7,69,,2.33
2024-06-02,kisumu,0.0,24.1,64,,2.25
2024-06-03,kisumu,4.1,23.7,72,,2.17
2024-06-04,kisumu,3.2,23.9,70,,2.08
2024-06-05,kisumu,0.1,23.8,69,,2.05
2024-06-06,kisumu,3.0,22.9,75,,1.99
2024-06-07,kisumu,0.4,21.7,80,,1.89
2024-06-08,kisumu,0.5,22.2,75,,1.82
2024-06-09,kisumu,5.1,21.6,78,,1.78
2024-06-10,kisumu,2.3,21.7,76,,1.72
2024-06-11,kisumu,1.7,21.6,78,,1.65
2024-06-12,kisumu,0.5,21.4,78,,1.62
2024-06-13,kisumu,0.0,21.7,73,,1.55
2024-06-14,kisumu,0.0,22.1,74,,1.48
2024-06-15,kisumu,0.5,22.7,69,,1.4
2024-06-16,kisumu,0.7,23.1,67,,1.3
2024-06-17,kisumu,7.3,21.4,82,,1.25
2024-06-18,kisumu,0.0,22.4,65,,1.2
2024-06-19,kisumu,0.0,22.8,65,,1.19
2024-06-20,kisumu,0.1,23.4,60,,1.19
2024-06-21,kisumu,0.3,23.4,59,,1.12
2024-06-22,kisumu,0.0,22.5,65,,1.09
2024-06-23,kisumu,0.0,22.7,68,,1.05
2024-06-24,kisumu,0.0,22.9,63,,1.03
2024-06-25,kisumu,1.5,22.6,69,,1.0
2024-06-26,kisumu,0.5,22.6,69,,0.97
2024-06-27,kisumu,0.2,22.9,65,,0.97
2024-06-28,kisumu,0.3,22.3,65,,0.97
2024-06-29,kisumu,0.0,22.9,65,,0.92
2024-06-30,kisumu,0.0,22.6,66,,0.89
2024-07-01,kisumu,0.0,22.7,63,,0.89
2024-07-02,kisumu,0.2,22.5,65,,0.86
2024-07-03,kisumu,0.9,23.6,60,,0.86
2024-07-04,kisumu,0.0,24.2,58,,0.85
2024-07-05,kisumu,0.2,23.9,65,,0.83
2024-07-06,kisumu,14.0,21.2,78,,0.83
2024-07-07,kisumu,8.2,21.1,77,,0.81
2024-07-08,kisumu,9.7,20.8,83,,0.85
2024-07-09,kisumu,0.1,22.5,68,,0.86
2024-07-10,kisumu,1.0,21.5,80,,0.83
2024-07-11,kisumu,13.9,20.5,84,,0.83
2024-07-12,kisumu,1.1,20.1,84,,0.8
2024-07-13,kisumu,0.0,21.5,71,,0.78
2024-07-14,kisumu,0.1,22.3,67,,0.78
2024-07-15,kisumu,0.1,22.4,70,,0.78
2024-07-16,kisumu,0.6,22.5,72,,0.77
2024-07-17,kisumu,0.1,21.9,74,,0.75
2024-07-18,kisumu,0.5,22.7,67,,0.73
2024-07-19,kisumu,0.7,22.4,70,,0.73
2024-07-20,kisumu,1.2,21.9,75,,0.72
2024-07-21,kisumu,1.9,22.6,68,,0.72
2024-07-22,kisumu,14.8,21.2,85,,0.7
2024-07-23,kisumu,0.0,21.8,75,,0.72
2024-07-24,kisumu,0.5,21.8,72,,0.72
2024-07-25,kisumu,0.0,22.1,66,,0.7
2024-07-26,kisumu,0.2,22.1,68,,0.7
2024-07-27,kisumu,0.0,22.9,66,,0.7
2024-07-28,kisumu,0.0,22.8,72,,0.69
2024-07-29,kisumu,6.0,21.4,77,,0.69
2024-07-30,kisumu,0.3,22.2,75,,0.69
2024-07-31,kisumu,0.0,21.9,76,,0.69
2024-08-01,kisumu,1.2,21.6,73,,0.7
2024-08-02,kisumu,0.3,21.8,76,,0.69
2024-08-03,kisumu,3.0,22.1,70,,0.68
2024-08-04,kisumu,0.0,21.9,71,,0.66
2024-08-05,kisumu,0.4,21.7,69,,0.67
2024-08-06,kisumu,0.0,21.6,69,,0.66
2024-08-07,kisumu,0.0,23.7,62,,0.66
2024-08-08,kisumu,3.1,22.7,69,,0.65
2024-08-09,kisumu,1.1,22.0,72,,0.64
2024-08-10,kisumu,0.5,22.0,73,,0.63
2024-08-11,kisumu,0.0,22.6,67,,0.64
2024-08-12,kisumu,8.3,21.5,77,,0.63
2024-08-13,kisumu,0.0,22.3,69,,0.63
2024-08-14,kisumu,0.0,22.6,66,,0.64
2024-08-15,kisumu,8.6,21.6,79,,0.64
2024-08-16,kisumu,1.7,21.5,73,,0.61
2024-08-17,kisumu,0.0,21.6,73,,0.63
2024-08-18,kisumu,0.0,22.4,70,,0.63
2024-08-19,kisumu,0.0,22.4,66,,0.62
2024-08-20,kisumu,0.1,22.2,67,,0.62
2024-08-21,kisumu,0.0,23.3,61,,0.65
2024-08-22,kisumu,5.6,21.0,76,,0.63
2024-08-23,kisumu,0.0,22.3,64,,0.62
2024-08-24,kisumu,0.0,23.2,63,,0.61
2024-08-25,kisumu,0.4,23.2,64,,0.6
2024-08-26,kisumu,1.8,21.5,80,,0.6
2024-08-27,kisumu,0.8,22.8,68,,0.59
2024-08-28,kisumu,0.0,24.3,61,,0.58
2024-08-29,kisumu,0.0,23.5,66,,0.59
2024-08-30,kisumu,0.5,23.4,68,,0.59
2024-08-31,kisumu,0.2,23.8,61,,0.58
2024-09-01,kisumu,0.0,23.5,59,,0.58
2024-09-02,kisumu,0.0,24.0,59,,0.57
2024-09-03,kisumu,2.4,23.7,64,,0.54
2024-09-04,kisumu,1.0,22.6,69,,0.52
2024-09-05,kisumu,2.4,21.8,77,,0.52
2024-09-06,kisumu,0.0,23.3,65,,0.51
2024-09-07,kisumu,0.0,23.9,57,,0.51
2024-09-08,kisumu,0.4,23.6,60,,0.49
2024-09-09,kisumu,0.1,24.1,63,,0.49
2024-09-10,kisumu,0.0,24.7,55,,0.49
2024-09-11,kisumu,0.0,24.7,53,,0.48
2024-09-12,kisumu,5.7,24.0,58,,0.48
2024-09-13,kisumu,0.4,24.2,59,,0.47
2024-09-14,kisumu,0.0,24.4,57,,0.47
2024-09-15,kisumu,0.8,24.0,59,,0.46
2024-09-16,kisumu,1.5,24.4,60,,0.45
2024-09-17,kisumu,2.7,23.1,68,,0.45
2024-09-18,kisumu,0.3,24.2,62,,0.46
2024-09-19,kisumu,8.3,23.2,68,,0.45
2024-09-20,kisumu,12.4,22.2,78,,0.45
2024-09-21,kisumu,1.8,22.6,75,,0.44
2024-09-22,kisumu,0.3,22.9,71,,0.45
2024-09-23,kisumu,0.6,23.0,68,,0.45
2024-09-24,kisumu,0.5,23.7,62,,0.45
2024-09-25,kisumu,0.5,22.7,69,,0.44
2024-09-26,kisumu,0.4,23.1,69,,0.45
2024-09-27,kisumu,1.0,23.1,69,,0.45
2024-09-28,kisumu,2.6,23.3,69,,0.45
2024-09-29,kisumu,10.1,22.4,75,,0.44
2024-09-30,kisumu,1.3,21.7,80,,0.44
2024-10-01,kisumu,6.8,21.9,76,,0.46
2024-10-02,kisumu,0.0,23.5,63,,0.49
2024-10-03,kisumu,0.0,24.0,61,,0.49
2024-10-04,kisumu,0.0,24.5,51,,0.45
2024-10-05,kisumu,0.5,23.8,62,,0.43
2024-10-06,kisumu,8.9,22.5,71,,0.42
2024-10-07,kisumu,0.9,22.5,73,,0.41
2024-10-08,kisumu,0.0,22.3,70,,0.41
2024-10-09,kisumu,1.9,22.2,74,,0.41
2024-10-10,kisumu,2.9,21.8,76,,0.41
2024-10-11,kisumu,0.0,22.8,71,,0.41
2024-10-12,kisumu,0.0,23.5,65,,0.42
2024-10-13,kisumu,0.1,23.0,69,,0.41
2024-10-14,kisumu,3.0,22.4,74,,0.42
2024-10-15,kisumu,0.4,22.9,75,,0.41
2024-10-16,kisumu,6.2,22.1,77,,0.41
2024-10-17,kisumu,11.8,21.6,79,,0.41
2024-10-18,kisumu,1.6,21.4,79,,0.43
2024-10-19,kisumu,0.1,22.5,72,,0.53
2024-10-20,kisumu,22.6,21.8,80,,0.52
2024-10-21,kisumu,3.3,21.9,81,,0.49
2024-10-22,kisumu,0.4,22.8,73,,0.48
2024-10-23,kisumu,1.7,23.1,71,,0.56
2024-10-24,kisumu,0.9,22.1,74,,0.56
2024-10-25,kisumu,0.0,23.8,67,,0.56
2024-10-26,kisumu,0.0,23.6,68,,0.47
2024-10-27,kisumu,6.7,23.0,76,,0.45
2024-10-28,kisumu,1.6,22.3,78,,0.44
2024-10-29,kisumu,0.0,23.3,70,,0.43
2024-10-30,kisumu,0.5,24.5,70,,0.43
2024-10-31,kisumu,0.2,23.6,71,,0.42
2024-11-01,kisumu,6.9,22.8,74,,0.41
2024-11-02,kisumu,0.1,22.9,72,,0.4
2024-11-03,kisumu,0.7,23.6,68,,0.39
2024-11-04,kisumu,0.5,23.2,68,,0.39
2024-11-05,kisumu,15.1,21.9,77,,0.4
2024-11-06,kisumu,8.7,22.9,73,,0.39
2024-11-07,kisumu,0.2,22.9,70,,0.39
2024-11-08,kisumu,0.0,23.2,64,,0.41
2024-11-09,kisumu,0.0,23.7,55,,0.44
2024-11-10,kisumu,5.0,23.1,63,,0.43
2024-11-11,kisumu,7.2,21.9,76,,0.39
2024-11-12,kisumu,0.0,23.6,66,,0.39
2024-11-13,kisumu,12.1,23.0,65,,0.4
2024-11-14,kisumu,0.2,23.4,67,,0.39
2024-11-15,kisumu,1.4,23.5,65,,0.36
2024-11-16,kisumu,9.9,22.5,76,,0.32
2024-11-17,kisumu,0.7,22.4,76,,0.32
2024-11-18,kisumu,0.0,22.9,67,,0.37
2024-11-19,kisumu,13.4,22.5,75,,0.42
2024-11-20,kisumu,5.0,22.9,72,,0.32
2024-11-21,kisumu,18.7,21.5,83,,0.34
2024-11-22,kisumu,8.6,21.3,81,,0.36
2024-11-23,kisumu,8.4,21.3,81,,0.47
2024-11-24,kisumu,17.7,20.7,85,,0.6
2024-11-25,kisumu,2.8,20.7,83,,0.55
2024-11-26,kisumu,4.5,21.7,79,,0.75
2024-11-27,kisumu,11.3,20.8,85,,0.61
2024-11-28,kisumu,7.5,20.5,84,,0.58
2024-11-29,kisumu,4.0,20.4,85,,0.58
2024-11-30,kisumu,10.0,20.7,82,,0.64
2024-12-01,kisumu,19.6,20.4,83,,0.89
2024-12-02,kisumu,7.7,20.7,84,,1.31
2024-12-03,kisumu,3.0,21.2,78,,1.3
2024-12-04,kisumu,0.0,21.5,72,,1.26
2024-12-05,kisumu,0.5,21.7,72,,1.25
2024-12-06,kisumu,0.8,21.3,80,,1.22
2024-12-07,kisumu,0.0,21.1,73,,1.16
2024-12-08,kisumu,0.0,21.9,61,,1.09
2024-12-09,kisumu,0.0,22.3,67,,1.06
2024-12-10,kisumu,0.0,22.5,71,,0.99
2024-12-11,kisumu,0.0,23.3,68,,0.91
2024-12-12,kisumu,3.4,23.1,72,,0.85
2024-12-13,kisumu,5.5,22.8,72,,0.83
2024-12-14,kisumu,0.5,23.6,68,,0.77
2024-12-15,kisumu,1.1,24.1,69,,0.75
2024-12-16,kisumu,1.5,23.3,74,,0.71
2024-12-17,kisumu,0.1,23.5,66,,0.68
2024-12-18,kisumu,0.0,23.5,63,,0.66
2024-12-19,kisumu,11.3,22.2,76,,0.65
2024-12-20,kisumu,0.2,23.5,70,,0.62
2024-12-21,kisumu,3.1,21.8,80,,0.6
2024-12-22,kisumu,3.8,22.5,76,,0.59
2024-12-23,kisumu,8.0,21.5,84,,0.59
2024-12-24,kisumu,10.2,21.5,80,,0.64
2024-12-25,kisumu,8.2,21.9,78,,0.61
2024-12-26,kisumu,0.8,22.3,76,,0.69
2024-12-27,kisumu,0.2,22.7,68,,0.77
2024-12-28,kisumu,0.0,22.7,60,,0.69
2024-12-29,kisumu,0.0,23.5,57,,0.68
2024-12-30,kisumu,0.0,23.9,52,,0.65
2024-12-31,kisumu,0.0,23.8,55,,0.62
2015-01-01,nairobi,0.0,20.5,50,,0.36
2015-01-02,nairobi,0.0,20.7,41,,0.28
2015-01-03,nairobi,0.0,21.1,37,,0.2
2015-01-04,nairobi,0.0,21.8,38,,0.17
2015-01-05,nairobi,0.0,22.3,42,,0.14
2015-01-06,nairobi,0.0,21.7,49,,0.11
2015-01-07,nairobi,1.8,20.8,62,,0.09
2015-01-08,nairobi,0.5,21.0,61,,0.53
2015-01-09,nairobi,0.1,20.9,61,,0.63
2015-01-10,nairobi,0.3,21.4,55,,0.42
2015-01-11,nairobi,0.2,21.5,54,,0.3
2015-01-12,nairobi,0.0,20.9,57,,0.2
2015-01-13,nairobi,0.0,21.0,52,,0.16
2015-01-14,nairobi,0.0,21.2,44,,0.12
2015-01-15,nairobi,0.0,21.8,34,,0.09
2015-01-16,nairobi,0.0,22.7,33,,0.06
2015-01-17,nairobi,0.0,22.9,34,,0.03
2015-01-18,nairobi,0.0,23.1,38,,0.03
2015-01-19,nairobi,0.0,22.5,43,,0.03
2015-01-20,nairobi,7.5,20.4,59,,0.03
2015-01-21,nairobi,0.3,19.3,63,,4.73
2015-01-22,nairobi,0.0,19.7,64,,3.38
2015-01-23,nairobi,0.0,19.8,64,,1.67
2015-01-24,nairobi,0.0,20.0,63,,0.92
2015-01-25,nairobi,0.0,19.7,56,,0.58
2015-01-26,nairobi,0.0,20.1,47,,0.39
2015-01-27,nairobi,0.0,20.8,44,,0.28
2015-01-28,nairobi,0.0,21.3,46,,0.22
2015-01-29,nairobi,0.0,21.3,47,,0.16
2015-01-30,nairobi,0.0,21.2,48,,0.12
2015-01-31,nairobi,0.0,21.7,43,,0.09
2015-02-01,nairobi,0.0,21.7,46,,0.06
2015-02-02,nairobi,0.0,21.3,53,,0.06
2015-02-03,nairobi,0.0,21.2,52,,0.03
2015-02-04,nairobi,0.0,20.6,58,,0.03
2015-02-05,nairobi,0.0,21.3,54,,0.03
2015-02-06,nairobi,0.0,21.4,55,,0.03
2015-02-07,nairobi,0.0,21.3,54,,0.03
2015-02-08,nairobi,0.0,21.4,51,,0.03
2015-02-09,nairobi,0.0,21.5,52,,0.03
2015-02-10,nairobi,0.0,21.1,53,,0.03
2015-02-11,nairobi,0.0,21.8,45,,0.03
2015-02-12,nairobi,0.0,22.0,44,,0.03
2015-02-13,nairobi,0.0,22.6,44,,0.03
2015-02-14,nairobi,0.0,22.9,43,,0.03
2015-02-15,nairobi,10.8,20.6,68,,0.03
2015-02-16,nairobi,5.7,20.4,72,,11.33
2015-02-17,nairobi,0.4,20.9,60,,11.22
2015-02-18,nairobi,0.8,20.9,67,,5.56
2015-02-19,nairobi,0.4,20.6,66,,2.75
2015-02-20,nairobi,0.2,21.1,60,,1.56
2015-02-21,nairobi,0.0,21.6,52,,0.94
2015-02-22,nairobi,0.0,21.6,51,,0.63
2015-02-23,nairobi,0.0,21.5,51,,0.44
2015-02-24,nairobi,0.0,21.5,50,,0.31
2015-02-25,nairobi,0.0,21.9,44,,0.25
2015-02-26,nairobi,0.0,22.2,39,,0.19
2015-02-27,nairobi,0.0,22.3,47,,0.16
2015-02-28,nairobi,0.0,22.8,41,,0.12
2015-03-01,nairobi,0.0,22.5,38,,0.09
2015-03-02,nairobi,0.0,22.7,42,,0.09
2015-03-03,nairobi,0.0,21.7,45,,0.06
2015-03-04,nairobi,0.0,22.0,38,,0.03
2015-03-05,nairobi,0.0,21.7,38,,0.03
2015-03-06,nairobi,0.0,22.0,38,,0.03
2015-03-07,nairobi,0.0,22.5,38,,0.03
2015-03-08,nairobi,0.0,22.5,37,,0.03
2015-03-09,nairobi,0.0,22.2,38,,0.03
2015-03-10,nairobi,0.0,21.6,39,,0.03
2015-03-11,nairobi,0.0,21.9,41,,0.03
2015-03-12,nairobi,0.2,21.8,48,,0.03
2015-03-13,nairobi,0.0,21.1,55,,0.03
2015-03-14,nairobi,0.0,21.0,54,,0.03
2015-03-15,nairobi,0.0,21.3,45,,0.03
2015-03-16,nairobi,0.0,21.7,48,,0.03
2015-03-17,nairobi,0.5,21.0,59,,0.03
2015-03-18,nairobi,0.5,20.7,63,,0.03
2015-03-19,nairobi,0.5,21.7,56,,0.09
2015-03-20,nairobi,0.7,21.0,58,,0.06
2015-03-21,nairobi,2.2,21.2,66,,0.06
2015-03-22,nairobi,3.1,19.9,73,,0.85
2015-03-23,nairobi,4.9,19.6,75,,3.66
2015-03-24,nairobi,3.5,19.4,75,,7.13
2015-03-25,nairobi,2.3,19.4,77,,5.15
2015-03-26,nairobi,10.9,18.4,87,,11.62
2015-03-27,nairobi,4.2,18.7,83,,10.67
2015-03-28,nairobi,2.4,19.3,79,,9.28
2015-03-29,nairobi,4.3,19.3,80,,7.15
2015-03-30,nairobi,2.8,19.8,75,,6.03
2015-03-31,nairobi,0.7,19.8,74,,5.15
2015-04-01,nairobi,0.6,20.3,70,,3.32
2015-04-02,nairobi,0.2,20.7,67,,1.84
2015-04-03,nairobi,5.6,19.5,76,,1.06
2015-04-04,nairobi,11.3,19.5,80,,5.75
2015-04-05,nairobi,23.9,19.7,83,,14.38
2015-04-06,nairobi,2.9,19.9,78,,41.36
2015-04-07,nairobi,0.6,20.2,73,,19.23
2015-04-08,nairobi,5.8,19.9,77,,9.02
2015-04-09,nairobi,21.9,17.4,92,,11.5
2015-04-10,nairobi,3.4,18.4,84,,33.67
2015-04-11,nairobi,1.2,19.2,79,,19.23
2015-04-12,nairobi,1.0,19.4,77,,9.79
2015-04-13,nairobi,1.2,19.6,76,,6.06
2015-04-14,nairobi,1.7,19.6,79,,4.31
2015-04-15,nairobi,0.3,19.8,75,,3.94
2015-04-16,nairobi,1.8,18.7,84,,2.78
2015-04-17,nairobi,1.3,18.7,82,,3.59
2015-04-18,nairobi,6.8,18.7,80,,4.6
2015-04-19,nairobi,3.8,19.4,72,,7.28
2015-04-20,nairobi,3.2,19.7,72,,7.34
2015-04-21,nairobi,0.6,19.7,70,,6.41
2015-04-22,nairobi,3.6,19.1,76,,3.97
2015-04-23,nairobi,9.0,18.9,80,,5.28
2015-04-24,nairobi,0.8,19.7,72,,11.56
2015-04-25,nairobi,0.0,19.8,71,,7.13
2015-04-26,nairobi,20.4,19.3,82,,3.81
2015-04-27,nairobi,29.8,17.9,88,,43.98
2015-04-28,nairobi,9.0,18.8,79,,66.92
2015-04-29,nairobi,19.7,18.7,85,,48.09
2015-04-30,nairobi,4.1,18.8,84,,48.2
2015-05-01,nairobi,16.8,17.9,89,,27.97
2015-05-02,nairobi,8.5,17.8,89,,45.45
2015-05-03,nairobi,0.1,19.0,71,,33.91
2015-05-04,nairobi,0.6,18.4,75,,18.86
2015-05-05,nairobi,9.6,18.1,85,,13.49
2015-05-06,nairobi,2.4,18.5,81,,23.27
2015-05-07,nairobi,6.8,18.6,85,,18.14
2015-05-08,nairobi,9.1,18.6,85,,19.65
2015-05-09,nairobi,3.1,18.4,87,,21.91
2015-05-10,nairobi,2.3,19.5,75,,18.23
2015-05-11,nairobi,0.4,20.1,70,,12.96
2015-05-12,nairobi,6.0,19.3,80,,9.16
2015-05-13,nairobi,4.0,19.4,80,,12.37
2015-05-14,nairobi,2.3,19.2,81,,12.65
2015-05-15,nairobi,0.0,20.0,76,,10.89
2015-05-16,nairobi,2.0,19.0,81,,7.91
2015-05-17,nairobi,0.2,19.5,74,,7.15
2015-05-18,nairobi,0.2,19.3,69,,5.5
2015-05-19,nairobi,0.0,19.8,62,,4.22
2015-05-20,nairobi,0.0,19.4,68,,3.35
2015-05-21,nairobi,0.3,19.3,69,,2.6
2015-05-22,nairobi,1.0,18.9,69,,2.0
2015-05-23,nairobi,0.6,18.9,68,,1.62
2015-05-24,nairobi,1.7,19.0,70,,1.34
2015-05-25,nairobi,0.4,18.6,71,,1.53
2015-05-26,nairobi,0.1,18.3,71,,1.38
2015-05-27,nairobi,0.0,19.0,68,,1.03
2015-05-28,nairobi,0.5,18.8,69,,0.72
2015-05-29,nairobi,2.6,18.2,81,,0.47
2015-05-30,nairobi,3.5,18.1,82,,1.94
2015-05-31,nairobi,3.9,17.5,89,,5.1
2015-06-01,nairobi,4.3,17.6,84,,6.96
2015-06-02,nairobi,14.9,18.1,84,,8.38
2015-06-03,nairobi,8.1,18.3,86,,26.8
2015-06-04,nairobi,6.6,18.5,87,,23.49
2015-06-05,nairobi,18.7,18.2,87,,20.98
2015-06-06,nairobi,23.0,17.8,91,,43.26
2015-06-07,nairobi,2.6,17.8,83,,63.86
2015-06-08,nairobi,0.8,18.1,77,,34.08
2015-06-09,nairobi,0.7,17.9,75,,18.95
2015-06-10,nairobi,0.0,18.4,70,,12.43
2015-06-11,nairobi,1.4,18.5,70,,9.02
2015-06-12,nairobi,0.7,17.8,77,,7.43
2015-06-13,nairobi,3.7,18.0,80,,6.1
2015-06-14,nairobi,0.8,18.4,80,,7.34
2015-06-15,nairobi,2.0,19.2,77,,6.31
2015-06-16,nairobi,0.0,19.0,73,,6.0
2015-06-17,nairobi,0.8,18.4,77,,4.5
2015-06-18,nairobi,8.3,17.4,88,,4.0
2015-06-19,nairobi,4.8,17.2,87,,13.29
2015-06-20,nairobi,0.7,17.6,76,,15.14
2015-06-21,nairobi,0.0,17.9,68,,9.79
2015-06-22,nairobi,0.0,17.5,65,,6.28
2015-06-23,nairobi,0.0,17.6,70,,4.43
2015-06-24,nairobi,0.3,17.5,72,,3.22
2015-06-25,nairobi,0.0,18.4,69,,2.37
2015-06-26,nairobi,0.0,17.4,68,,1.78
2015-06-27,nairobi,0.0,18.0,64,,1.34
2015-06-28,nairobi,0.0,17.7,67,,0.97
2015-06-29,nairobi,0.0,18.0,69,,0.66
2015-06-30,nairobi,0.8,17.4,76,,0.44
2015-07-01,nairobi,0.6,17.4,76,,0.44
2015-07-02,nairobi,0.6,17.6,75,,0.47
2015-07-03,nairobi,1.2,17.7,74,,0.69
2015-07-04,nairobi,0.0,17.3,67,,0.78
2015-07-05,nairobi,0.0,16.9,65,,0.63
2015-07-06,nairobi,0.8,16.9,72,,0.44
2015-07-07,nairobi,0.8,17.0,75,,0.56
2015-07-08,nairobi,0.0,17.5,73,,0.59
2015-07-09,nairobi,0.0,16.8,75,,0.47
2015-07-10,nairobi,0.0,17.2,69,,0.34
2015-07-11,nairobi,0.0,16.9,66,,0.26
2015-07-12,nairobi,0.0,16.9,63,,0.22
2015-07-13,nairobi,0.0,16.6,70,,0.17
2015-07-14,nairobi,0.0,17.1,64,,0.16
2015-07-15,nairobi,0.0,16.7,62,,0.12
2015-07-16,nairobi,0.0,16.7,60,,0.11
2015-07-17,nairobi,0.0,17.9,63,,0.11
2015-07-18,nairobi,0.1,18.5,63,,0.09
2015-07-19,nairobi,1.3,17.9,74,,0.08
2015-07-20,nairobi,0.3,17.3,70,,0.55
2015-07-21,nairobi,0.4,16.4,72,,0.69
2015-07-22,nairobi,0.0,17.0,65,,0.49
2015-07-23,nairobi,0.1,16.8,71,,0.33
2015-07-24,nairobi,0.1,17.2,72,,0.25
2015-07-25,nairobi,0.4,16.5,76,,0.19
2015-07-26,nairobi,0.2,18.3,70,,0.16
2015-07-27,nairobi,5.6,18.5,77,,0.14
2015-07-28,nairobi,1.2,16.6,78,,4.9
2015-07-29,nairobi,0.3,17.6,71,,3.67
2015-07-30,nairobi,1.0,17.5,75,,2.05
2015-07-31,nairobi,0.3,18.9,68,,1.58
2015-08-01,nairobi,6.5,18.5,75,,1.25
2015-08-02,nairobi,0.7,18.0,70,,6.08
2015-08-03,nairobi,0.5,17.5,72,,4.01
2015-08-04,nairobi,0.5,17.4,72,,2.36
2015-08-05,nairobi,0.0,17.0,65,,1.39
2015-08-06,nairobi,0.2,16.9,69,,0.85
2015-08-07,nairobi,0.6,16.9,74,,0.53
2015-08-08,nairobi,1.4,16.5,74,,0.49
2015-08-09,nairobi,0.1,16.0,74,,0.85
2015-08-10,nairobi,0.0,17.8,66,,0.73
2015-08-11,nairobi,0.0,17.2,68,,0.49
2015-08-12,nairobi,0.0,17.7,68,,0.34
2015-08-13,nairobi,0.0,17.9,65,,0.25
2015-08-14,nairobi,0.0,18.3,63,,0.19
2015-08-15,nairobi,0.0,18.6,61,,0.16
2015-08-16,nairobi,0.0,17.6,58,,0.12
2015-08-17,nairobi,0.0,17.9,59,,0.09
2015-08-18,nairobi,0.0,18.0,62,,0.08
2015-08-19,nairobi,0.0,18.7,62,,0.08
2015-08-20,nairobi,0.2,18.5,70,,0.06
2015-08-21,nairobi,0.0,18.1,67,,0.05
2015-08-22,nairobi,0.0,17.7,64,,0.05
2015-08-23,nairobi,0.0,17.9,59,,0.03
2015-08-24,nairobi,0.0,17.3,52,,0.03
2015-08-25,nairobi,0.0,17.5,64,,0.02
2015-08-26,nairobi,0.0,18.0,58,,0.02
2015-08-27,nairobi,0.0,18.0,54,,0.02
2015-08-28,nairobi,0.0,17.9,57,,0.02
2015-08-29,nairobi,0.0,18.2,65,,0.02
2015-08-30,nairobi,0.0,18.9,58,,0.02
2015-08-31,nairobi,1.1,18.6,65,,0.02
2015-09-01,nairobi,0.0,18.5,64,,0.03
2015-09-02,nairobi,0.5,19.1,64,,0.05
2015-09-03,nairobi,21.8,18.3,76,,0.05
2015-09-04,nairobi,0.3,17.8,72,,24.64
2015-09-05,nairobi,0.0,18.4,65,,12.18
2015-09-06,nairobi,0.1,18.7,61,,5.65
2015-09-07,nairobi,0.0,18.6,61,,3.03
2015-09-08,nairobi,0.0,18.3,52,,1.8
2015-09-09,nairobi,0.0,18.5,55,,1.09
2015-09-10,nairobi,0.0,18.4,59,,0.72
2015-09-11,nairobi,0.0,18.6,61,,0.52
2015-09-12,nairobi,0.0,19.3,57,,0.39
2015-09-13,nairobi,0.0,19.3,52,,0.3
2015-09-14,nairobi,0.0,19.3,54,,0.23
2015-09-15,nairobi,0.0,18.9,60,,0.19
2015-09-16,nairobi,0.0,18.5,56,,0.16
2015-09-17,nairobi,0.0,19.6,51,,0.13
2015-09-18,nairobi,0.1,20.4,55,,0.12
2015-09-19,nairobi,0.0,20.6,54,,0.09
2015-09-20,nairobi,0.0,20.3,47,,0.08
2015-09-21,nairobi,0.0,19.8,49,,0.06
2015-09-22,nairobi,0.0,19.9,53,,0.04
2015-09-23,nairobi,0.0,20.0,53,,0.03
2015-09-24,nairobi,0.0,20.0,51,,0.03
2015-09-25,nairobi,0.0,19.8,52,,0.03
2015-09-26,nairobi,0.0,19.4,55,,0.03
2015-09-27,nairobi,0.0,19.3,53,,0.03
2015-09-28,nairobi,0.0,20.0,56,,0.02
2015-09-29,nairobi,0.0,21.0,56,,0.02
2015-09-30,nairobi,0.0,21.3,56,,0.02
2015-10-01,nairobi,0.0,21.4,57,,0.02
2015-10-02,nairobi,0.2,21.0,57,,0.02
2015-10-03,nairobi,1.2,20.2,66,,0.02
2015-10-04,nairobi,2.1,19.6,70,,0.15
2015-10-05,nairobi,0.0,19.9,60,,0.91
2015-10-06,nairobi,0.0,20.0,50,,0.81
2015-10-07,nairobi,0.2,19.3,60,,0.52
2015-10-08,nairobi,0.6,20.1,66,,0.36
2015-10-09,nairobi,1.4,20.1,68,,0.38
2015-10-10,nairobi,0.0,21.1,60,,0.64
2015-10-11,nairobi,0.0,20.9,54,,0.56
2015-10-12,nairobi,2.2,19.1,74,,0.38
2015-10-13,nairobi,0.8,20.1,64,,2.16
2015-10-14,nairobi,0.0,20.3,60,,1.59
2015-10-15,nairobi,0.0,20.4,57,,0.92
2015-10-16,nairobi,1.8,19.8,74,,0.58
2015-10-17,nairobi,2.1,19.2,78,,1.88
2015-10-18,nairobi,0.2,19.9,67,,2.56
2015-10-19,nairobi,0.1,20.0,64,,1.68
2015-10-20,nairobi,0.0,20.2,58,,1.01
2015-10-21,nairobi,0.1,20.6,58,,0.63
2015-10-22,nairobi,0.3,20.5,67,,0.42
2015-10-23,nairobi,0.0,19.4,67,,0.37
2015-10-24,nairobi,0.0,21.0,56,,0.37
2015-10-25,nairobi,0.5,20.5,64,,0.29
2015-10-26,nairobi,0.0,21.0,60,,0.31
2015-10-27,nairobi,7.4,20.5,67,,0.31
2015-10-28,nairobi,0.0,21.2,60,,5.12
2015-10-29,nairobi,0.0,20.4,62,,3.39
2015-10-30,nairobi,0.0,21.0,58,,1.67
2015-10-31,nairobi,0.7,20.5,68,,0.92
2015-11-01,nairobi,1.4,19.3,77,,0.69
2015-11-02,nairobi,0.3,20.2,71,,0.85
2015-11-03,nairobi,3.7,19.8,78,,0.62
2015-11-04,nairobi,2.2,19.4,78,,4.2
2015-11-05,nairobi,1.0,19.3,76,,3.49
2015-11-06,nairobi,1.8,18.9,79,,3.07
2015-11-07,nairobi,0.4,19.6,71,,3.02
2015-11-08,nairobi,0.1,20.0,66,,1.97
2015-11-09,nairobi,8.1,18.8,79,,1.18
2015-11-10,nairobi,7.3,18.5,81,,8.35
2015-11-11,nairobi,5.4,18.5,82,,14.92
2015-11-12,nairobi,0.4,19.8,70,,11.33
2015-11-13,nairobi,1.9,19.1,73,,5.97
2015-11-14,nairobi,12.9,18.4,86,,4.24
2015-11-15,nairobi,1.2,18.9,81,,15.63
2015-11-16,nairobi,4.8,18.4,87,,9.07
2015-11-17,nairobi,4.3,18.2,87,,9.3
2015-11-18,nairobi,2.8,18.8,81,,9.72
2015-11-19,nairobi,3.1,18.6,84,,9.12
2015-11-20,nairobi,5.1,19.0,81,,7.93
2015-11-21,nairobi,5.1,18.6,84,,8.89
2015-11-22,nairobi,0.0,18.9,78,,9.94
2015-11-23,nairobi,0.4,18.9,78,,5.76
2015-11-24,nairobi,2.2,19.0,79,,3.28
2015-11-25,nairobi,3.9,19.2,81,,3.08
2015-11-26,nairobi,9.2,17.6,90,,5.37
2015-11-27,nairobi,1.3,18.0,83,,12.65
2015-11-28,nairobi,1.3,17.9,82,,7.79
2015-11-29,nairobi,2.8,18.0,88,,4.81
2015-11-30,nairobi,3.3,18.4,82,,5.67
2015-12-01,nairobi,1.1,18.7,76,,5.82
2015-12-02,nairobi,1.2,18.5,81,,3.7
2015-12-03,nairobi,8.0,18.0,88,,2.92
2015-12-04,nairobi,4.7,18.1,87,,9.16
2015-12-05,nairobi,4.3,19.5,79,,9.86
2015-12-06,nairobi,8.9,19.7,78,,9.38
2015-12-07,nairobi,2.3,19.7,76,,14.89
2015-12-08,nairobi,1.0,19.8,77,,10.19
2015-12-09,nairobi,1.4,19.3,78,,6.38
2015-12-10,nairobi,0.0,19.6,74,,4.73
2015-12-11,nairobi,0.3,20.1,70,,3.23
2015-12-12,nairobi,0.5,20.2,70,,2.22
2015-12-13,nairobi,6.2,19.0,82,,2.03
2015-12-14,nairobi,10.8,17.8,88,,8.82
2015-12-15,nairobi,4.2,17.8,86,,19.37
2015-12-16,nairobi,0.7,18.6,78,,13.49
2015-12-17,nairobi,1.9,17.9,83,,7.55
2015-12-18,nairobi,1.4,17.5,84,,5.65
2015-12-19,nairobi,0.0,18.1,79,,4.42
2015-12-20,nairobi,0.8,18.7,78,,3.03
2015-12-21,nairobi,0.0,19.3,73,,2.18
2015-12-22,nairobi,0.0,19.7,71,,1.61
2015-12-23,nairobi,0.0,19.1,72,,1.14
2015-12-24,nairobi,0.0,18.7,73,,0.79
2015-12-25,nairobi,0.1,18.3,79,,0.55
2015-12-26,nairobi,1.4,18.8,78,,0.38
2015-12-27,nairobi,0.5,18.8,80,,0.57
2015-12-28,nairobi,0.0,19.0,76,,0.49
2015-12-29,nairobi,0.0,19.6,66,,0.36
2015-12-30,nairobi,0.0,20.0,64,,0.26
2015-12-31,nairobi,0.0,21.1,60,,0.21
2016-01-01,nairobi,0.0,21.6,59,,0.17
2016-01-02,nairobi,0.0,20.8,66,,0.14
2016-01-03,nairobi,0.0,20.3,73,,0.12
2016-01-04,nairobi,2.3,18.7,82,,0.1
2016-01-05,nairobi,0.4,19.2,77,,0.93
2016-01-06,nairobi,0.0,19.8,72,,0.77
2016-01-07,nairobi,0.0,20.2,72,,0.49
2016-01-08,nairobi,0.0,20.9,71,,0.34
2016-01-09,nairobi,0.0,21.1,61,,0.23
2016-01-10,nairobi,1.4,20.6,68,,0.19
2016-01-11,nairobi,0.8,20.4,69,,0.52
2016-01-12,nairobi,0.3,19.7,72,,0.92
2016-01-13,nairobi,0.0,20.5,67,,0.8
2016-01-14,nairobi,0.1,20.8,68,,0.52
2016-01-15,nairobi,1.2,20.9,69,,0.34
2016-01-16,nairobi,2.6,20.7,73,,0.47
2016-01-17,nairobi,6.6,20.4,75,,2.11
2016-01-18,nairobi,5.7,20.1,75,,8.38
2016-01-19,nairobi,7.5,19.4,83,,8.77
2016-01-20,nairobi,5.0,19.0,84,,15.37
2016-01-21,nairobi,0.3,19.7,80,,11.68
2016-01-22,nairobi,0.0,20.2,69,,6.45
2016-01-23,nairobi,0.0,20.8,62,,3.8
2016-01-24,nairobi,0.0,20.8,61,,2.4
2016-01-25,nairobi,0.0,21.2,60,,1.61
2016-01-26,nairobi,0.0,21.6,57,,1.09
2016-01-27,nairobi,0.0,22.3,53,,0.75
2016-01-28,nairobi,2.2,21.0,63,,0.52
2016-01-29,nairobi,1.0,20.3,74,,1.26
2016-01-30,nairobi,0.6,19.8,67,,1.53
2016-01-31,nairobi,0.0,20.2,66,,1.25
2016-02-01,nairobi,0.0,21.0,62,,0.83
2016-02-02,nairobi,0.0,20.7,56,,0.55
2016-02-03,nairobi,0.0,20.4,56,,0.39
2016-02-04,nairobi,0.0,21.0,50,,0.28
2016-02-05,nairobi,0.0,21.3,48,,0.22
2016-02-06,nairobi,0.0,21.7,46,,0.17
2016-02-07,nairobi,0.0,22.4,49,,0.14
2016-02-08,nairobi,4.6,21.8,62,,0.12
2016-02-09,nairobi,12.2,19.9,82,,4.01
2016-02-10,nairobi,11.0,19.9,82,,14.52
2016-02-11,nairobi,6.8,19.2,84,,21.44
2016-02-12,nairobi,0.0,21.1,70,,17.37
2016-02-13,nairobi,0.0,20.7,67,,9.0
2016-02-14,nairobi,0.0,20.6,59,,4.85
2016-02-15,nairobi,0.0,20.1,60,,2.98
2016-02-16,nairobi,0.0,20.3,57,,1.97
2016-02-17,nairobi,0.0,21.1,52,,1.34
2016-02-18,nairobi,0.0,21.6,60,,0.91
2016-02-19,nairobi,0.5,20.7,65,,0.63
2016-02-20,nairobi,0.0,20.3,61,,0.44
2016-02-21,nairobi,0.0,20.5,57,,0.33
2016-02-22,nairobi,0.0,21.0,50,,0.25
2016-02-23,nairobi,0.0,21.1,54,,0.19
2016-02-24,nairobi,0.0,21.1,60,,0.16
2016-02-25,nairobi,0.0,21.7,56,,0.12
2016-02-26,nairobi,0.8,21.5,64,,0.11
2016-02-27,nairobi,0.5,20.8,73,,0.09
2016-02-28,nairobi,0.4,20.4,70,,0.09
2016-02-29,nairobi,0.6,20.8,66,,0.09
2016-03-01,nairobi,0.6,20.1,72,,0.09
2016-03-02,nairobi,1.2,21.6,68,,0.16
2016-03-03,nairobi,0.2,21.4,69,,0.3
2016-03-04,nairobi,1.7,20.7,69,,0.25
2016-03-05,nairobi,0.0,21.2,59,,0.63
2016-03-06,nairobi,0.2,21.6,61,,0.47
2016-03-07,nairobi,2.7,21.3,70,,0.31
2016-03-08,nairobi,0.4,21.6,70,,1.22
2016-03-09,nairobi,11.1,20.5,77,,1.39
2016-03-10,nairobi,12.4,20.5,78,,17.41
2016-03-11,nairobi,0.0,21.3,69,,16.5
2016-03-12,nairobi,0.3,20.4,69,,7.79
2016-03-13,nairobi,0.0,20.6,58,,3.88
2016-03-14,nairobi,0.0,21.0,59,,2.18
2016-03-15,nairobi,0.0,21.6,58,,1.34
2016-03-16,nairobi,0.0,21.9,56,,0.85
2016-03-17,nairobi,0.1,23.0,53,,0.56
2016-03-18,nairobi,0.4,22.8,59,,0.41
2016-03-19,nairobi,0.5,22.4,61,,0.31
2016-03-20,nairobi,0.4,23.2,54,,0.25
2016-03-21,nairobi,0.0,23.4,51,,0.22
2016-03-22,nairobi,0.2,23.2,50,,0.19
2016-03-23,nairobi,0.6,23.2,53,,0.16
2016-03-24,nairobi,0.0,22.9,54,,0.12
2016-03-25,nairobi,0.0,22.0,57,,0.12
2016-03-26,nairobi,0.0,22.0,56,,0.09
2016-03-27,nairobi,0.4,22.4,55,,0.09
2016-03-28,nairobi,0.0,23.6,50,,0.09
2016-03-29,nairobi,0.0,23.6,53,,0.09
2016-03-30,nairobi,0.6,23.3,57,,0.06
2016-03-31,nairobi,0.0,23.1,57,,0.06
2016-04-01,nairobi,2.6,21.3,69,,0.06
2016-04-02,nairobi,6.1,20.8,74,,1.31
2016-04-03,nairobi,9.5,19.6,82,,6.35
2016-04-04,nairobi,9.5,18.7,86,,12.9
2016-04-05,nairobi,3.7,19.4,85,,17.24
2016-04-06,nairobi,3.7,19.5,88,,11.79
2016-04-07,nairobi,0.6,20.2,67,,8.77
2016-04-08,nairobi,0.0,20.8,63,,4.43
2016-04-09,nairobi,2.0,20.2,81,,2.28
2016-04-10,nairobi,2.9,19.8,79,,2.37
2016-04-11,nairobi,6.0,19.4,85,,4.6
2016-04-12,nairobi,2.5,19.7,78,,7.69
2016-04-13,nairobi,2.6,20.2,74,,7.99
2016-04-14,nairobi,0.7,20.3,75,,4.43
2016-04-15,nairobi,1.4,20.4,79,,3.12
2016-04-16,nairobi,2.9,19.9,78,,3.0
2016-04-17,nairobi,4.0,19.4,83,,5.78
2016-04-18,nairobi,2.4,20.2,75,,4.9
2016-04-19,nairobi,17.3,20.1,79,,4.19
2016-04-20,nairobi,3.7,20.0,78,,21.91
2016-04-21,nairobi,2.0,19.5,84,,15.33
2016-04-22,nairobi,1.5,20.1,79,,9.0
2016-04-23,nairobi,3.2,19.8,81,,5.56
2016-04-24,nairobi,4.8,19.2,87,,5.68
2016-04-25,nairobi,22.1,18.7,90,,8.82
2016-04-26,nairobi,7.0,19.8,78,,36.41
2016-04-27,nairobi,6.9,20.0,78,,25.55
2016-04-28,nairobi,18.9,18.9,88,,23.55
2016-04-29,nairobi,4.2,18.4,88,,44.5
2016-04-30,nairobi,9.7,18.5,87,,24.41
2016-05-01,nairobi,3.0,18.6,84,,25.36
2016-05-02,nairobi,1.4,19.2,75,,16.5
2016-05-03,nairobi,0.0,19.3,70,,10.83
2016-05-04,nairobi,0.0,19.4,69,,7.34
2016-05-05,nairobi,3.8,18.9,82,,5.31
2016-05-06,nairobi,5.0,18.7,83,,7.59
2016-05-07,nairobi,3.2,19.0,77,,9.5
2016-05-08,nairobi,3.3,18.7,76,,9.16
2016-05-09,nairobi,0.0,18.7,70,,8.53
2016-05-10,nairobi,4.4,17.3,87,,5.75
2016-05-11,nairobi,5.8,18.0,83,,7.28
2016-05-12,nairobi,0.4,19.0,74,,10.4
2016-05-13,nairobi,0.6,18.8,72,,7.34
2016-05-14,nairobi,0.0,18.7,71,,4.97
2016-05-15,nairobi,0.0,18.6,67,,3.56
2016-05-16,nairobi,0.0,18.9,68,,2.6
2016-05-17,nairobi,0.0,19.9,68,,1.88
2016-05-18,nairobi,6.6,19.3,80,,1.5
2016-05-19,nairobi,4.0,18.4,85,,9.28
2016-05-20,nairobi,1.1,19.1,75,,10.99
2016-05-21,nairobi,0.3,18.9,72,,7.63
2016-05-22,nairobi,0.6,17.5,75,,4.69
2016-05-23,nairobi,0.7,17.9,76,,3.06
2016-05-24,nairobi,0.0,18.3,72,,2.18
2016-05-25,nairobi,0.0,18.4,70,,1.59
2016-05-26,nairobi,0.3,18.7,68,,1.12
2016-05-27,nairobi,0.0,18.2,71,,0.75
2016-05-28,nairobi,0.0,18.5,68,,0.5
2016-05-29,nairobi,0.2,17.8,70,,0.37
2016-05-30,nairobi,0.0,17.8,69,,0.28
2016-05-31,nairobi,0.0,17.8,69,,0.22
2016-06-01,nairobi,0.0,18.1,67,,0.16
2016-06-02,nairobi,0.0,18.7,66,,0.12
2016-06-03,nairobi,0.0,18.9,65,,0.12
2016-06-04,nairobi,0.0,18.4,66,,0.09
2016-06-05,nairobi,0.0,18.5,63,,0.09
2016-06-06,nairobi,0.0,18.4,64,,0.09
2016-06-07,nairobi,0.7,18.7,66,,0.06
2016-06-08,nairobi,0.0,19.1,63,,0.06
2016-06-09,nairobi,0.0,17.9,64,,0.06
2016-06-10,nairobi,0.0,17.8,64,,0.06
2016-06-11,nairobi,0.0,17.1,72,,0.06
2016-06-12,nairobi,0.0,19.0,66,,0.06
2016-06-13,nairobi,0.0,18.7,65,,0.03
2016-06-14,nairobi,0.0,19.2,63,,0.03
2016-06-15,nairobi,0.0,18.2,59,,0.03
2016-06-16,nairobi,0.2,18.2,66,,0.03
2016-06-17,nairobi,2.2,18.0,73,,0.03
2016-06-18,nairobi,4.3,17.0,78,,1.39
2016-06-19,nairobi,3.8,17.4,74,,3.56
2016-06-20,nairobi,3.2,17.2,79,,5.24
2016-06-21,nairobi,14.7,16.6,92,,7.61
2016-06-22,nairobi,1.3,16.1,88,,20.48
2016-06-23,nairobi,2.8,16.9,79,,12.27
2016-06-24,nairobi,0.0,17.3,72,,8.57
2016-06-25,nairobi,0.0,16.8,68,,4.98
2016-06-26,nairobi,0.2,16.5,73,,2.98
2016-06-27,nairobi,0.0,17.2,70,,1.9
2016-06-28,nairobi,0.0,17.6,63,,1.26
2016-06-29,nairobi,0.0,17.3,69,,0.83
2016-06-30,nairobi,0.0,17.5,69,,0.53
2016-07-01,nairobi,0.0,18.0,68,,0.36
2016-07-02,nairobi,0.0,18.3,65,,0.26
2016-07-03,nairobi,0.0,17.9,69,,0.2
2016-07-04,nairobi,0.0,17.6,70,,0.17
2016-07-05,nairobi,0.0,18.5,61,,0.14
2016-07-06,nairobi,0.0,18.2,63,,0.11
2016-07-07,nairobi,0.0,17.8,69,,0.09
2016-07-08,nairobi,0.0,17.2,74,,0.08
2016-07-09,nairobi,0.0,17.1,71,,0.08
2016-07-10,nairobi,0.0,16.6,70,,0.06
2016-07-11,nairobi,0.0,16.0,71,,0.06
2016-07-12,nairobi,0.0,15.8,70,,0.05
2016-07-13,nairobi,0.0,15.6,69,,0.05
2016-07-14,nairobi,0.0,15.9,70,,0.05
2016-07-15,nairobi,0.0,16.4,70,,0.03
2016-07-16,nairobi,0.0,16.4,73,,0.03
2016-07-17,nairobi,0.0,16.8,70,,0.03
2016-07-18,nairobi,0.4,16.5,73,,0.02
2016-07-19,nairobi,0.0,17.8,64,,0.02
2016-07-20,nairobi,0.0,16.4,71,,0.02
2016-07-21,nairobi,0.0,16.9,64,,0.02
2016-07-22,nairobi,0.0,16.7,68,,0.02
2016-07-23,nairobi,0.1,17.1,66,,0.02
2016-07-24,nairobi,0.0,17.9,58,,0.02
2016-07-25,nairobi,0.1,17.7,66,,0.02
2016-07-26,nairobi,0.0,18.0,61,,0.02
2016-07-27,nairobi,0.0,18.7,55,,0.02
2016-07-28,nairobi,0.0,18.6,58,,0.02
2016-07-29,nairobi,0.0,18.8,62,,0.02
2016-07-30,nairobi,0.0,18.8,61,,0.02
2016-07-31,nairobi,0.0,19.6,54,,0.02
2016-08-01,nairobi,0.0,19.2,56,,0.02
2016-08-02,nairobi,0.0,19.0,55,,0.02
2016-08-03,nairobi,0.0,19.1,55,,0.02
2016-08-04,nairobi,0.0,19.3,57,,0.02
2016-08-05,nairobi,0.1,17.7,64,,0.02
2016-08-06,nairobi,0.1,16.7,69,,0.02
2016-08-07,nairobi,0.0,17.3,61,,0.02
2016-08-08,nairobi,0.4,16.7,71,,0.02
2016-08-09,nairobi,2.2,17.2,73,,0.16
2016-08-10,nairobi,0.0,17.4,58,,1.06
2016-08-11,nairobi,0.0,16.8,66,,0.91
2016-08-12,nairobi,0.1,16.8,69,,0.58
2016-08-13,nairobi,0.0,17.2,68,,0.37
2016-08-14,nairobi,0.2,16.9,70,,0.26
2016-08-15,nairobi,0.4,17.0,70,,0.19
2016-08-16,nairobi,0.3,17.6,66,,0.16
2016-08-17,nairobi,0.0,17.9,59,,0.12
2016-08-18,nairobi,0.0,18.1,56,,0.09
2016-08-19,nairobi,0.0,18.2,60,,0.08
2016-08-20,nairobi,0.0,18.1,60,,0.06
2016-08-21,nairobi,0.0,19.0,60,,0.05
2016-08-22,nairobi,6.2,19.3,64,,0.03
2016-08-23,nairobi,3.2,18.7,65,,3.94
2016-08-24,nairobi,0.0,18.0,58,,4.66
2016-08-25,nairobi,0.0,17.8,53,,2.47
2016-08-26,nairobi,0.0,16.4,66,,1.29
2016-08-27,nairobi,0.1,17.4,64,,0.76
2016-08-28,nairobi,0.0,17.0,60,,0.49
2016-08-29,nairobi,0.0,16.3,61,,0.33
2016-08-30,nairobi,0.2,16.8,64,,0.23
2016-08-31,nairobi,0.0,16.4,64,,0.18
2016-09-01,nairobi,0.0,16.4,66,,0.15
2016-09-02,nairobi,0.2,16.1,67,,0.12
2016-09-03,nairobi,0.3,16.6,67,,0.09
2016-09-04,nairobi,0.0,17.2,62,,0.08
2016-09-05,nairobi,0.0,17.1,69,,0.06
2016-09-06,nairobi,0.0,17.7,65,,0.05
2016-09-07,nairobi,0.0,17.7,66,,0.03
2016-09-08,nairobi,0.0,18.7,61,,0.02
2016-09-09,nairobi,0.0,18.6,53,,0.02
2016-09-10,nairobi,0.0,18.2,59,,0.02
2016-09-11,nairobi,0.0,18.7,59,,0.02
2016-09-12,nairobi,0.0,18.3,55,,0.02
2016-09-13,nairobi,0.0,19.3,57,,0.02
2016-09-14,nairobi,0.2,18.9,63,,0.02
2016-09-15,nairobi,0.0,19.1,64,,0.02
2016-09-16,nairobi,1.5,18.8,61,,0.02
2016-09-17,nairobi,0.2,19.8,62,,0.24
2016-09-18,nairobi,0.4,19.7,58,,0.32
2016-09-19,nairobi,0.0,18.8,58,,0.23
2016-09-20,nairobi,0.0,18.1,56,,0.18
2016-09-21,nairobi,0.0,17.4,63,,0.13
2016-09-22,nairobi,0.0,18.7,55,,0.11
2016-09-23,nairobi,0.0,19.3,59,,0.09
2016-09-24,nairobi,0.5,19.3,65,,0.06
2016-09-25,nairobi,4.6,19.2,68,,0.08
2016-09-26,nairobi,1.3,18.9,64,,2.79
2016-09-27,nairobi,0.0,19.2,61,,2.66
2016-09-28,nairobi,0.0,19.3,65,,1.48
2016-09-29,nairobi,2.0,19.2,72,,0.83
2016-09-30,nairobi,0.0,20.0,62,,1.59
2016-10-01,nairobi,0.0,19.6,60,,1.2
2016-10-02,nairobi,0.0,19.8,63,,0.72
2016-10-03,nairobi,0.9,20.6,60,,0.46
2016-10-04,nairobi,0.8,20.4,62,,0.45
2016-10-05,nairobi,0.0,20.6,57,,0.49
2016-10-06,nairobi,0.1,20.1,57,,0.41
2016-10-07,nairobi,0.0,20.7,56,,0.28
2016-10-08,nairobi,0.0,20.9,53,,0.2
2016-10-09,nairobi,0.0,20.6,58,,0.15
2016-10-10,nairobi,0.5,20.6,58,,0.11
2016-10-11,nairobi,0.0,19.6,58,,0.09
2016-10-12,nairobi,0.0,20.2,51,,0.06
2016-10-13,nairobi,0.0,20.2,48,,0.04
2016-10-14,nairobi,0.0,20.3,51,,0.02
2016-10-15,nairobi,0.0,20.1,51,,0.02
2016-10-16,nairobi,0.0,20.4,50,,0.02
2016-10-17,nairobi,0.0,20.7,49,,0.02
2016-10-18,nairobi,0.0,20.9,49,,0.02
2016-10-19,nairobi,0.0,20.3,48,,0.02
2016-10-20,nairobi,0.0,19.4,57,,0.02
2016-10-21,nairobi,0.0,19.7,54,,0.02
2016-10-22,nairobi,0.2,20.3,55,,0.02
2016-10-23,nairobi,0.4,20.8,59,,0.02
2016-10-24,nairobi,1.5,20.4,57,,0.02
2016-10-25,nairobi,0.3,20.5,54,,0.16
2016-10-26,nairobi,0.1,20.1,61,,0.17
2016-10-27,nairobi,0.4,19.8,62,,0.09
2016-10-28,nairobi,1.6,18.6,73,,0.06
2016-10-29,nairobi,0.2,20.4,59,,0.73
2016-10-30,nairobi,0.0,21.1,51,,0.75
2016-10-31,nairobi,0.0,20.9,54,,0.49
2016-11-01,nairobi,0.5,20.4,64,,0.34
2016-11-02,nairobi,1.6,19.0,79,,0.25
2016-11-03,nairobi,6.9,18.3,82,,1.26
2016-11-04,nairobi,0.1,19.0,76,,6.46
2016-11-05,nairobi,1.3,18.7,77,,3.65
2016-11-06,nairobi,1.1,19.4,67,,2.29
2016-11-07,nairobi,0.1,19.9,60,,1.7
2016-11-08,nairobi,0.1,19.7,60,,1.04
2016-11-09,nairobi,0.3,20.0,59,,0.65
2016-11-10,nairobi,0.2,19.1,73,,0.43
2016-11-11,nairobi,0.7,19.5,68,,0.3
2016-11-12,nairobi,0.0,20.2,60,,0.24
2016-11-13,nairobi,0.2,19.9,61,,0.23
2016-11-14,nairobi,1.0,18.8,70,,0.17
2016-11-15,nairobi,4.6,17.9,81,,0.27
2016-11-16,nairobi,11.4,17.1,87,,4.43
2016-11-17,nairobi,4.6,17.4,85,,14.14
2016-11-18,nairobi,1.8,18.2,78,,11.71
2016-11-19,nairobi,1.3,18.1,79,,6.64
2016-11-20,nairobi,2.1,18.1,82,,3.79
2016-11-21,nairobi,4.8,18.3,86,,3.95
2016-11-22,nairobi,2.2,18.3,76,,7.89
2016-11-23,nairobi,5.4,18.8,76,,3.97
2016-11-24,nairobi,5.0,18.9,81,,6.11
2016-11-25,nairobi,5.3,18.8,84,,8.27
2016-11-26,nairobi,7.1,18.6,82,,8.79
2016-11-27,nairobi,0.0,18.7,75,,11.79
2016-11-28,nairobi,1.3,18.5,82,,6.06
2016-11-29,nairobi,6.9,17.7,89,,3.91
2016-11-30,nairobi,1.3,17.9,85,,8.66
2016-12-01,nairobi,0.4,18.5,78,,5.44
2016-12-02,nairobi,0.5,18.5,79,,2.62
2016-12-03,nairobi,0.2,18.5,80,,1.5
2016-12-04,nairobi,1.7,17.5,86,,0.95
2016-12-05,nairobi,0.0,18.1,71,,1.44
2016-12-06,nairobi,0.0,18.6,66,,1.0
2016-12-07,nairobi,0.9,18.2,72,,0.64
2016-12-08,nairobi,0.6,18.5,78,,0.58
2016-12-09,nairobi,1.2,18.8,76,,0.55
2016-12-10,nairobi,1.3,18.2,79,,0.92
2016-12-11,nairobi,1.0,18.2,79,,1.23
2016-12-12,nairobi,0.1,17.8,83,,1.05
2016-12-13,nairobi,0.1,18.6,76,,0.73
2016-12-14,nairobi,0.0,18.2,74,,0.49
2016-12-15,nairobi,0.0,19.1,68,,0.33
2016-12-16,nairobi,0.5,19.6,65,,0.23
2016-12-17,nairobi,0.0,20.2,59,,0.19
2016-12-18,nairobi,0.0,19.8,60,,0.16
2016-12-19,nairobi,0.0,19.5,60,,0.12
2016-12-20,nairobi,0.0,19.9,55,,0.11
2016-12-21,nairobi,0.6,19.2,70,,0.09
2016-12-22,nairobi,0.7,18.3,77,,0.08
2016-12-23,nairobi,0.0,19.0,67,,0.11
2016-12-24,nairobi,0.0,18.6,70,,0.11
2016-12-25,nairobi,0.0,19.0,71,,0.09
2016-12-26,nairobi,0.2,19.0,76,,0.08
2016-12-27,nairobi,0.6,19.3,68,,0.06
2016-12-28,nairobi,0.0,20.3,64,,0.06
2016-12-29,nairobi,0.1,20.5,64,,0.05
2016-12-30,nairobi,1.7,20.1,68,,0.05
2016-12-31,nairobi,0.3,19.6,71,,0.34
2017-01-01,nairobi,0.0,19.2,71,,0.41
2017-01-02,nairobi,1.5,19.8,60,,0.28
2017-01-03,nairobi,0.8,19.4,59,,0.2
2017-01-04,nairobi,0.0,19.1,55,,0.16
2017-01-05,nairobi,0.0,19.1,59,,0.12
2017-01-06,nairobi,0.0,19.6,58,,0.09
2017-01-07,nairobi,0.0,20.0,55,,0.08
2017-01-08,nairobi,0.0,20.7,45,,0.06
2017-01-09,nairobi,0.0,20.9,39,,0.05
2017-01-10,nairobi,0.0,19.9,48,,0.03
2017-01-11,nairobi,0.0,18.9,51,,0.03
2017-01-12,nairobi,0.0,18.6,44,,0.03
2017-01-13,nairobi,0.0,19.5,47,,0.03
2017-01-14,nairobi,0.1,20.1,53,,0.03
2017-01-15,nairobi,0.0,20.4,52,,0.0
2017-01-16,nairobi,0.0,19.8,53,,0.0
2017-01-17,nairobi,0.0,18.8,53,,0.0
2017-01-18,nairobi,0.0,19.6,52,,0.0
2017-01-19,nairobi,0.0,20.3,54,,0.0
2017-01-20,nairobi,0.0,20.5,53,,0.0
2017-01-21,nairobi,0.1,20.5,53,,0.0
2017-01-22,nairobi,0.0,19.8,59,,0.0
2017-01-23,nairobi,0.0,19.6,60,,0.0
2017-01-24,nairobi,0.1,20.3,56,,0.0
2017-01-25,nairobi,0.0,20.7,52,,0.0
2017-01-26,nairobi,0.3,20.9,54,,0.0
2017-01-27,nairobi,1.7,21.1,52,,0.0
2017-01-28,nairobi,0.5,21.5,50,,0.0
2017-01-29,nairobi,0.7,21.0,58,,0.0
2017-01-30,nairobi,1.6,21.4,59,,0.03
2017-01-31,nairobi,3.3,20.2,69,,0.03
2017-02-01,nairobi,4.0,20.9,65,,0.47
2017-02-02,nairobi,1.6,21.0,65,,0.56
2017-02-03,nairobi,0.0,21.5,52,,0.37
2017-02-04,nairobi,0.0,20.9,53,,0.28
2017-02-05,nairobi,0.1,20.1,60,,0.19
2017-02-06,nairobi,0.7,19.7,66,,0.16
2017-02-07,nairobi,0.0,20.7,61,,0.12
2017-02-08,nairobi,0.0,21.4,55,,0.09
2017-02-09,nairobi,0.0,21.2,53,,0.06
2017-02-10,nairobi,0.0,20.6,52,,0.06
2017-02-11,nairobi,0.0,20.7,52,,0.03
2017-02-12,nairobi,0.1,21.0,54,,0.03
2017-02-13,nairobi,0.0,21.0,56,,0.03
2017-02-14,nairobi,0.3,20.5,60,,0.03
2017-02-15,nairobi,0.5,20.8,59,,0.03
2017-02-16,nairobi,1.1,20.0,66,,0.03
2017-02-17,nairobi,4.9,20.1,68,,0.03
2017-02-18,nairobi,1.3,20.2,67,,0.03
2017-02-19,nairobi,1.1,19.2,74,,0.31
2017-02-20,nairobi,4.9,19.5,69,,0.91
2017-02-21,nairobi,0.0,20.5,53,,0.97
2017-02-22,nairobi,0.0,20.2,53,,0.63
2017-02-23,nairobi,0.6,21.2,56,,0.41
2017-02-24,nairobi,1.1,19.6,70,,0.34
2017-02-25,nairobi,1.9,19.7,72,,0.31
2017-02-26,nairobi,3.5,20.4,65,,0.25
2017-02-27,nairobi,1.2,20.2,61,,0.19
2017-02-28,nairobi,0.6,19.7,66,,0.16
2017-03-01,nairobi,0.6,19.9,64,,0.12
2017-03-02,nairobi,1.1,21.1,52,,0.09
2017-03-03,nairobi,1.2,21.3,52,,0.09
2017-03-04,nairobi,0.3,21.5,51,,0.06
2017-03-05,nairobi,0.9,22.0,45,,0.06
2017-03-06,nairobi,0.0,22.3,45,,0.06
2017-03-07,nairobi,0.0,22.9,42,,0.03
2017-03-08,nairobi,0.0,22.3,40,,0.03
2017-03-09,nairobi,0.0,22.3,40,,0.03
2017-03-10,nairobi,0.1,22.5,43,,0.03
2017-03-11,nairobi,0.0,21.5,48,,0.03
2017-03-12,nairobi,1.2,20.0,58,,0.03
2017-03-13,nairobi,0.0,22.1,46,,0.03
2017-03-14,nairobi,0.0,21.8,49,,0.03
2017-03-15,nairobi,0.0,21.8,58,,0.03
2017-03-16,nairobi,1.3,21.7,53,,0.03
2017-03-17,nairobi,0.2,22.3,48,,0.03
2017-03-18,nairobi,2.8,21.5,59,,0.03
2017-03-19,nairobi,1.2,21.4,60,,0.03
2017-03-20,nairobi,0.5,21.3,61,,0.03
2017-03-21,nairobi,2.1,21.6,61,,0.06
2017-03-22,nairobi,5.1,20.4,73,,0.03
2017-03-23,nairobi,1.5,20.7,66,,0.44
2017-03-24,nairobi,1.2,21.4,62,,0.5
2017-03-25,nairobi,2.0,21.4,57,,0.37
2017-03-26,nairobi,1.5,22.2,54,,1.34
2017-03-27,nairobi,2.8,21.3,61,,1.25
2017-03-28,nairobi,1.8,19.9,72,,0.75
2017-03-29,nairobi,4.5,20.3,69,,0.53
2017-03-30,nairobi,2.4,20.0,72,,0.37
2017-03-31,nairobi,3.4,20.9,64,,0.66
2017-04-01,nairobi,1.0,20.3,61,,0.5
2017-04-02,nairobi,0.4,21.1,55,,0.31
2017-04-03,nairobi,4.2,20.5,61,,0.22
2017-04-04,nairobi,0.0,21.4,57,,0.44
2017-04-05,nairobi,1.2,21.1,64,,0.37
2017-04-06,nairobi,4.0,20.1,72,,0.41
2017-04-07,nairobi,5.4,19.2,76,,1.59
2017-04-08,nairobi,7.7,18.3,86,,2.16
2017-04-09,nairobi,0.8,19.5,73,,3.53
2017-04-10,nairobi,2.9,18.8,79,,3.84
2017-04-11,nairobi,2.1,20.0,69,,2.78
2017-04-12,nairobi,0.8,20.0,67,,1.53
2017-04-13,nairobi,0.6,20.0,68,,0.87
2017-04-14,nairobi,0.0,20.3,64,,0.56
2017-04-15,nairobi,2.2,21.1,59,,0.37
2017-04-16,nairobi,1.7,21.6,63,,0.31
2017-04-17,nairobi,2.0,20.9,69,,0.66
2017-04-18,nairobi,14.3,19.1,81,,1.69
2017-04-19,nairobi,16.7,18.3,88,,6.19
2017-04-20,nairobi,3.2,18.7,82,,10.17
2017-04-21,nairobi,2.0,19.6,75,,7.71
2017-04-22,nairobi,0.9,19.6,70,,3.59
2017-04-23,nairobi,0.3,19.9,70,,2.53
2017-04-24,nairobi,1.7,20.2,68,,1.69
2017-04-25,nairobi,1.1,20.0,69,,1.16
2017-04-26,nairobi,1.3,20.3,66,,0.91
2017-04-27,nairobi,2.0,20.1,68,,0.69
2017-04-28,nairobi,1.6,20.4,68,,0.5
2017-04-29,nairobi,4.1,19.8,69,,0.41
2017-04-30,nairobi,8.3,19.5,73,,4.43
2017-05-01,nairobi,3.6,18.4,80,,9.09
2017-05-02,nairobi,12.0,18.6,80,,22.55
2017-05-03,nairobi,14.0,18.6,80,,14.35
2017-05-04,nairobi,10.6,18.4,84,,10.83
2017-05-05,nairobi,17.0,18.1,87,,17.49
2017-05-06,nairobi,11.1,18.1,87,,17.03
2017-05-07,nairobi,4.5,18.6,81,,17.32
2017-05-08,nairobi,10.3,18.1,84,,13.42
2017-05-09,nairobi,4.7,18.8,77,,11.33
2017-05-10,nairobi,0.1,18.5,75,,10.94
2017-05-11,nairobi,7.3,18.6,80,,6.31
2017-05-12,nairobi,2.2,18.9,77,,18.91
2017-05-13,nairobi,1.1,19.3,71,,11.91
2017-05-14,nairobi,0.3,19.0,71,,6.5
2017-05-15,nairobi,1.6,19.0,74,,3.97
2017-05-16,nairobi,1.5,19.4,75,,2.66
2017-05-17,nairobi,0.6,19.4,75,,1.9
2017-05-18,nairobi,1.7,18.7,79,,1.38
2017-05-19,nairobi,0.6,18.8,72,,1.09
2017-05-20,nairobi,0.9,18.2,73,,0.85
2017-05-21,nairobi,0.5,19.0,70,,0.59
2017-05-22,nairobi,3.1,19.2,71,,0.41
2017-05-23,nairobi,1.7,18.4,74,,0.44
2017-05-24,nairobi,0.3,18.7,67,,0.41
2017-05-25,nairobi,0.1,19.3,67,,0.31
2017-05-26,nairobi,0.0,18.8,65,,0.25
2017-05-27,nairobi,0.0,19.2,65,,0.19
2017-05-28,nairobi,1.4,19.4,72,,0.16
2017-05-29,nairobi,16.7,17.4,89,,15.63
2017-05-30,nairobi,1.9,18.3,75,,15.33
2017-05-31,nairobi,0.1,18.6,71,,8.1
2017-06-01,nairobi,0.0,18.4,68,,4.22
2017-06-02,nairobi,0.1,18.6,71,,2.47
2017-06-03,nairobi,0.3,18.9,73,,1.53
2017-06-04,nairobi,0.3,18.4,74,,0.97
2017-06-05,nairobi,0.1,17.7,74,,0.63
2017-06-06,nairobi,0.0,17.9,71,,0.44
2017-06-07,nairobi,0.0,18.3,69,,0.31
2017-06-08,nairobi,0.0,18.0,71,,0.25
2017-06-09,nairobi,0.2,18.3,71,,0.19
2017-06-10,nairobi,0.0,17.7,72,,0.16
2017-06-11,nairobi,0.0,17.2,65,,0.12
2017-06-12,nairobi,0.9,17.2,70,,0.09
2017-06-13,nairobi,0.1,17.9,71,,0.09
2017-06-14,nairobi,0.1,18.7,65,,0.09
2017-06-15,nairobi,0.2,18.9,67,,0.06
2017-06-16,nairobi,0.5,17.7,68,,0.06
2017-06-17,nairobi,0.2,17.6,69,,0.06
2017-06-18,nairobi,0.4,17.2,68,,0.03
2017-06-19,nairobi,0.0,17.5,64,,0.03
2017-06-20,nairobi,0.0,18.0,64,,0.03
2017-06-21,nairobi,0.3,18.7,64,,0.03
2017-06-22,nairobi,0.6,17.8,70,,0.02
2017-06-23,nairobi,0.4,17.9,67,,0.02
2017-06-24,nairobi,0.2,17.8,65,,0.02
2017-06-25,nairobi,1.3,19.0,65,,0.02
2017-06-26,nairobi,0.5,17.4,72,,0.02
2017-06-27,nairobi,0.0,17.1,66,,0.02
2017-06-28,nairobi,0.6,17.3,65,,0.02
2017-06-29,nairobi,0.0,17.7,67,,0.02
2017-06-30,nairobi,0.2,17.8,66,,0.02
2017-07-01,nairobi,0.0,18.4,61,,0.02
2017-07-02,nairobi,0.2,18.0,63,,0.02
2017-07-03,nairobi,0.7,17.3,72,,0.02
2017-07-04,nairobi,0.0,17.5,70,,0.63
2017-07-05,nairobi,0.4,17.8,69,,1.56
2017-07-06,nairobi,0.1,18.1,62,,1.17
2017-07-07,nairobi,0.2,18.4,60,,0.72
2017-07-08,nairobi,0.0,17.5,62,,0.47
2017-07-09,nairobi,0.0,18.0,61,,0.31
2017-07-10,nairobi,0.0,18.2,58,,0.22
2017-07-11,nairobi,0.0,17.8,65,,0.16
2017-07-12,nairobi,1.1,19.0,67,,0.12
2017-07-13,nairobi,0.0,18.3,70,,0.11
2017-07-14,nairobi,0.3,18.4,69,,0.09
2017-07-15,nairobi,0.3,17.9,67,,0.19
2017-07-16,nairobi,0.0,18.1,62,,0.25
2017-07-17,nairobi,0.3,18.3,65,,0.19
2017-07-18,nairobi,0.0,19.1,60,,0.14
2017-07-19,nairobi,0.0,18.0,59,,0.11
2017-07-20,nairobi,0.0,18.4,61,,0.09
2017-07-21,nairobi,0.3,17.9,68,,0.08
2017-07-22,nairobi,0.6,17.6,72,,0.06
2017-07-23,nairobi,0.2,17.5,72,,0.05
2017-07-24,nairobi,0.1,18.1,68,,0.05
2017-07-25,nairobi,0.0,18.2,63,,0.03
2017-07-26,nairobi,0.9,19.3,58,,0.03
2017-07-27,nairobi,0.7,17.7,75,,0.03
2017-07-28,nairobi,0.5,16.7,72,,0.42
2017-07-29,nairobi,0.0,16.6,70,,0.55
2017-07-30,nairobi,0.0,17.4,63,,0.37
2017-07-31,nairobi,0.3,17.9,65,,0.25
2017-08-01,nairobi,3.7,17.9,69,,1.16
2017-08-02,nairobi,0.4,15.8,74,,1.5
2017-08-03,nairobi,1.2,16.7,75,,1.06
2017-08-04,nairobi,1.0,17.7,74,,0.77
2017-08-05,nairobi,0.7,18.0,69,,0.8
2017-08-06,nairobi,0.3,18.0,68,,0.63
2017-08-07,nairobi,0.4,18.0,70,,0.47
2017-08-08,nairobi,0.1,17.7,67,,0.36
2017-08-09,nairobi,0.2,16.6,70,,0.26
2017-08-10,nairobi,0.2,17.1,66,,0.19
2017-08-11,nairobi,0.0,16.7,64,,0.14
2017-08-12,nairobi,0.5,17.8,67,,0.11
2017-08-13,nairobi,0.1,18.0,63,,0.09
2017-08-14,nairobi,2.3,17.3,74,,0.08
2017-08-15,nairobi,3.3,17.2,73,,0.25
2017-08-16,nairobi,2.4,17.4,70,,0.42
2017-08-17,nairobi,0.0,17.8,66,,0.37
2017-08-18,nairobi,0.1,18.9,62,,0.26
2017-08-19,nairobi,0.0,18.6,61,,0.19
2017-08-20,nairobi,0.9,18.5,66,,0.14
2017-08-21,nairobi,1.4,18.9,65,,0.11
2017-08-22,nairobi,0.8,19.1,63,,0.12
2017-08-23,nairobi,0.0,18.1,69,,0.13
2017-08-24,nairobi,0.3,18.8,69,,0.11
2017-08-25,nairobi,0.0,18.5,60,,0.09
2017-08-26,nairobi,0.2,17.7,65,,0.07
2017-08-27,nairobi,0.0,18.4,50,,0.06
2017-08-28,nairobi,0.1,18.2,61,,0.05
2017-08-29,nairobi,0.2,17.8,67,,0.04
2017-08-30,nairobi,0.0,18.7,64,,0.02
2017-08-31,nairobi,0.8,17.9,77,,0.04
2017-09-01,nairobi,0.3,18.2,74,,9.99
2017-09-02,nairobi,0.0,17.9,64,,7.61
2017-09-03,nairobi,0.0,17.6,67,,3.7
2017-09-04,nairobi,1.4,17.7,71,,1.88
2017-09-05,nairobi,0.6,18.8,67,,1.32
2017-09-06,nairobi,0.2,18.7,63,,0.9
2017-09-07,nairobi,0.0,18.4,61,,0.6
2017-09-08,nairobi,0.0,18.4,65,,0.42
2017-09-09,nairobi,1.5,18.4,69,,0.31
2017-09-10,nairobi,0.9,18.5,66,,0.23
2017-09-11,nairobi,0.0,18.3,66,,0.17
2017-09-12,nairobi,1.2,18.1,70,,0.14
2017-09-13,nairobi,0.0,17.9,67,,0.11
2017-09-14,nairobi,2.2,18.1,70,,0.09
2017-09-15,nairobi,0.5,19.0,68,,0.08
2017-09-16,nairobi,0.9,18.9,74,,1.55
2017-09-17,nairobi,0.2,20.2,64,,4.04
2017-09-18,nairobi,0.1,19.9,56,,6.0
2017-09-19,nairobi,0.5,19.0,61,,3.41
2017-09-20,nairobi,2.2,19.0,71,,1.73
2017-09-21,nairobi,5.7,18.4,72,,1.81
2017-09-22,nairobi,0.0,18.8,59,,1.74
2017-09-23,nairobi,0.0,18.8,55,,1.13
2017-09-24,nairobi,0.0,19.1,56,,0.7
2017-09-25,nairobi,0.0,19.1,59,,0.46
2017-09-26,nairobi,0.0,19.8,60,,0.32
2017-09-27,nairobi,0.0,19.9,56,,0.23
2017-09-28,nairobi,0.0,19.6,56,,0.17
2017-09-29,nairobi,0.1,19.4,60,,0.13
2017-09-30,nairobi,0.0,19.1,58,,0.11
2017-10-01,nairobi,1.8,19.6,62,,0.09
2017-10-02,nairobi,0.0,19.9,53,,0.07
2017-10-03,nairobi,0.0,20.1,52,,0.06
2017-10-04,nairobi,0.0,19.7,51,,0.05
2017-10-05,nairobi,0.6,20.7,53,,0.04
2017-10-06,nairobi,0.0,20.8,51,,0.02
2017-10-07,nairobi,0.3,20.2,53,,0.02
2017-10-08,nairobi,0.6,20.9,58,,0.02
2017-10-09,nairobi,0.7,20.7,59,,0.02
2017-10-10,nairobi,0.4,21.7,55,,0.02
2017-10-11,nairobi,0.7,21.8,52,,0.02
2017-10-12,nairobi,2.4,20.7,66,,0.02
2017-10-13,nairobi,1.3,19.4,75,,10.75
2017-10-14,nairobi,0.9,20.8,60,,10.27
2017-10-15,nairobi,0.7,19.8,60,,5.0
2017-10-16,nairobi,0.2,20.7,59,,2.31
2017-10-17,nairobi,0.7,21.2,63,,1.24
2017-10-18,nairobi,6.3,21.2,63,,0.87
2017-10-19,nairobi,4.2,20.5,67,,4.71
2017-10-20,nairobi,1.3,20.1,70,,3.68
2017-10-21,nairobi,10.5,18.9,78,,2.31
2017-10-22,nairobi,0.1,20.4,61,,3.34
2017-10-23,nairobi,0.0,18.8,65,,2.16
2017-10-24,nairobi,5.4,18.7,77,,1.19
2017-10-25,nairobi,8.8,19.1,80,,2.36
2017-10-26,nairobi,6.2,18.6,82,,6.43
2017-10-27,nairobi,2.9,18.5,82,,12.18
2017-10-28,nairobi,4.0,18.4,79,,6.74
2017-10-29,nairobi,6.9,17.9,83,,3.24
2017-10-30,nairobi,2.4,18.1,75,,3.68
2017-10-31,nairobi,1.6,18.6,67,,5.78
2017-11-01,nairobi,0.7,18.6,69,,3.17
2017-11-02,nairobi,3.6,18.2,76,,2.03
2017-11-03,nairobi,2.7,18.0,81,,2.52
2017-11-04,nairobi,4.8,18.5,79,,4.64
2017-11-05,nairobi,13.3,17.9,83,,8.25
2017-11-06,nairobi,3.4,18.3,78,,11.82
2017-11-07,nairobi,8.5,17.8,87,,7.95
2017-11-08,nairobi,39.6,18.3,82,,11.42
2017-11-09,nairobi,1.3,18.6,79,,7.17
2017-11-10,nairobi,21.3,17.7,87,,4.92
2017-11-11,nairobi,4.1,18.0,84,,2.76
2017-11-12,nairobi,4.5,17.3,90,,1.84
2017-11-13,nairobi,3.4,17.7,84,,2.56
2017-11-14,nairobi,7.7,17.5,87,,2.13
2017-11-15,nairobi,2.6,18.2,81,,15.37
2017-11-16,nairobi,1.8,18.3,77,,7.83
2017-11-17,nairobi,1.9,18.0,77,,3.51
2017-11-18,nairobi,1.4,17.9,80,,1.85
2017-11-19,nairobi,3.4,17.4,86,,1.2
2017-11-20,nairobi,2.4,17.0,83,,2.0
2017-11-21,nairobi,0.7,18.5,76,,2.08
2017-11-22,nairobi,0.3,18.6,76,,1.31
2017-11-23,nairobi,1.0,19.0,76,,0.8
2017-11-24,nairobi,3.6,18.8,79,,0.77
2017-11-25,nairobi,2.5,18.6,80,,1.16
2017-11-26,nairobi,1.0,18.0,81,,1.78
2017-11-27,nairobi,0.4,18.5,76,,1.34
2017-11-28,nairobi,0.8,18.6,76,,0.86
2017-11-29,nairobi,3.8,18.8,75,,0.56
2017-11-30,nairobi,0.9,17.8,81,,0.39
2017-12-01,nairobi,0.3,18.7,74,,0.28
2017-12-02,nairobi,0.2,18.8,68,,0.22
2017-12-03,nairobi,1.1,19.1,67,,0.17
2017-12-04,nairobi,0.0,18.9,68,,0.14
2017-12-05,nairobi,0.8,18.8,73,,0.11
2017-12-06,nairobi,0.3,19.1,70,,0.09
2017-12-07,nairobi,0.5,19.8,69,,0.08
2017-12-08,nairobi,6.8,17.9,85,,0.08
2017-12-09,nairobi,0.4,18.8,74,,0.42
2017-12-10,nairobi,0.0,18.8,63,,0.56
2017-12-11,nairobi,0.0,18.3,65,,0.37
2017-12-12,nairobi,0.0,19.3,61,,0.25
2017-12-13,nairobi,0.0,19.0,60,,0.19
2017-12-14,nairobi,0.4,19.8,60,,0.14
2017-12-15,nairobi,0.4,19.9,62,,0.11
2017-12-16,nairobi,1.4,20.5,61,,0.09
2017-12-17,nairobi,0.6,19.0,72,,0.23
2017-12-18,nairobi,0.4,19.4,69,,0.3
2017-12-19,nairobi,2.2,18.0,78,,0.23
2017-12-20,nairobi,0.0,18.6,66,,0.2
2017-12-21,nairobi,0.0,18.5,65,,0.16
2017-12-22,nairobi,0.1,18.2,61,,0.12
2017-12-23,nairobi,0.0,19.4,54,,0.09
2017-12-24,nairobi,0.2,20.1,50,,0.08
2017-12-25,nairobi,0.1,20.7,50,,0.06
2017-12-26,nairobi,0.0,20.4,52,,0.06
2017-12-27,nairobi,0.0,19.8,55,,0.05
2017-12-28,nairobi,0.0,20.2,53,,0.03
2017-12-29,nairobi,0.0,20.2,56,,0.03
2017-12-30,nairobi,0.5,20.3,56,,0.02
2017-12-31,nairobi,0.0,20.5,52,,0.02
2018-01-01,nairobi,0.9,21.0,53,,0.02
2018-01-02,nairobi,1.2,20.2,67,,0.02
2018-01-03,nairobi,7.2,19.5,72,,0.02
2018-01-04,nairobi,3.0,18.4,79,,26.42
2018-01-05,nairobi,0.5,20.1,61,,34.73
2018-01-06,nairobi,1.4,19.7,61,,16.46
2018-01-07,nairobi,0.2,19.9,57,,7.38
2018-01-08,nairobi,0.0,20.3,54,,3.81
2018-01-09,nairobi,0.2,20.4,53,,2.24
2018-01-10,nairobi,1.1,20.1,57,,1.39
2018-01-11,nairobi,1.4,19.8,61,,1.31
2018-01-12,nairobi,0.2,19.6,59,,1.01
2018-01-13,nairobi,0.0,19.6,54,,0.73
2018-01-14,nairobi,0.0,20.0,48,,0.52
2018-01-15,nairobi,0.0,20.7,44,,0.37
2018-01-16,nairobi,0.0,20.4,51,,0.3
2018-01-17,nairobi,0.0,20.3,56,,0.22
2018-01-18,nairobi,0.0,21.1,52,,0.17
2018-01-19,nairobi,0.3,21.2,55,,0.14
2018-01-20,nairobi,1.4,20.3,56,,0.11
2018-01-21,nairobi,0.0,20.4,52,,0.09
2018-01-22,nairobi,0.0,19.8,51,,0.08
2018-01-23,nairobi,0.0,19.8,49,,0.06
2018-01-24,nairobi,0.0,20.1,55,,0.06
2018-01-25,nairobi,0.3,20.4,55,,0.05
2018-01-26,nairobi,0.5,20.5,58,,0.05
2018-01-27,nairobi,0.5,20.8,55,,0.06
2018-01-28,nairobi,0.0,20.5,56,,0.12
2018-01-29,nairobi,0.0,21.0,48,,0.12
2018-01-30,nairobi,0.2,21.3,50,,0.09
2018-01-31,nairobi,0.1,21.2,50,,0.09
2018-02-01,nairobi,0.0,20.4,54,,0.06
2018-02-02,nairobi,0.0,19.8,57,,0.06
2018-02-03,nairobi,0.0,20.2,53,,0.06
2018-02-04,nairobi,0.0,20.8,50,,0.03
2018-02-05,nairobi,0.0,20.9,56,,0.03
2018-02-06,nairobi,0.0,20.8,56,,0.03
2018-02-07,nairobi,0.0,20.7,50,,0.03
2018-02-08,nairobi,0.0,20.2,43,,0.03
2018-02-09,nairobi,0.0,19.8,44,,0.03
2018-02-10,nairobi,0.0,20.6,51,,0.03
2018-02-11,nairobi,0.1,20.3,57,,0.03
2018-02-12,nairobi,0.0,20.2,58,,0.03
2018-02-13,nairobi,0.5,20.0,55,,0.03
2018-02-14,nairobi,1.6,19.3,64,,0.03
2018-02-15,nairobi,1.3,19.9,62,,0.09
2018-02-16,nairobi,2.9,19.9,64,,0.09
2018-02-17,nairobi,0.7,20.1,58,,0.06
2018-02-18,nairobi,1.8,20.0,64,,0.06
2018-02-19,nairobi,2.1,21.0,61,,0.31
2018-02-20,nairobi,1.2,20.3,65,,0.94
2018-02-21,nairobi,0.0,21.4,52,,0.69
2018-02-22,nairobi,1.3,21.1,55,,0.44
2018-02-23,nairobi,1.9,21.4,53,,0.28
2018-02-24,nairobi,0.0,21.5,50,,0.22
2018-02-25,nairobi,0.0,21.9,49,,0.16
2018-02-26,nairobi,1.1,22.6,45,,0.12
2018-02-27,nairobi,0.6,22.2,48,,0.09
2018-02-28,nairobi,0.7,22.6,52,,0.06
2018-03-01,nairobi,7.1,20.6,68,,0.06
2018-03-02,nairobi,11.9,19.3,77,,69.63
2018-03-03,nairobi,3.7,18.8,80,,43.16
2018-03-04,nairobi,14.4,17.6,87,,34.24
2018-03-05,nairobi,4.4,18.7,75,,24.12
2018-03-06,nairobi,3.8,19.1,78,,17.16
2018-03-07,nairobi,2.2,19.3,71,,18.14
2018-03-08,nairobi,0.0,20.3,68,,10.48
2018-03-09,nairobi,1.4,20.6,69,,6.0
2018-03-10,nairobi,3.0,19.9,75,,3.97
2018-03-11,nairobi,8.4,19.3,77,,5.78
2018-03-12,nairobi,1.3,18.4,82,,9.94
2018-03-13,nairobi,8.5,18.3,84,,21.59
2018-03-14,nairobi,4.1,19.5,75,,29.27
2018-03-15,nairobi,4.0,18.7,84,,20.48
2018-03-16,nairobi,6.6,19.1,80,,29.62
2018-03-17,nairobi,0.7,19.1,80,,25.18
2018-03-18,nairobi,14.2,18.9,80,,15.44
2018-03-19,nairobi,11.0,17.4,91,,17.92
2018-03-20,nairobi,7.4,17.7,86,,16.3
2018-03-21,nairobi,8.1,17.7,83,,13.39
2018-03-22,nairobi,3.2,18.0,81,,9.62
2018-03-23,nairobi,0.0,18.4,69,,6.5
2018-03-24,nairobi,0.4,19.2,71,,4.78
2018-03-25,nairobi,2.0,19.2,76,,3.62
2018-03-26,nairobi,11.6,18.1,88,,6.94
2018-03-27,nairobi,4.7,18.2,87,,9.59
2018-03-28,nairobi,4.2,18.2,82,,12.12
2018-03-29,nairobi,5.3,18.4,82,,7.85
2018-03-30,nairobi,1.4,18.5,80,,5.5
2018-03-31,nairobi,1.5,18.1,82,,4.97
2018-04-01,nairobi,0.6,18.4,80,,3.44
2018-04-02,nairobi,4.9,18.2,84,,2.72
2018-04-03,nairobi,2.0,17.8,86,,3.29
2018-04-04,nairobi,1.8,18.1,81,,3.62
2018-04-05,nairobi,5.6,18.5,81,,5.71
2018-04-06,nairobi,2.0,18.7,80,,12.61
2018-04-07,nairobi,2.5,19.0,77,,16.34
2018-04-08,nairobi,4.6,18.8,81,,10.38
2018-04-09,nairobi,8.8,18.8,80,,12.96
2018-04-10,nairobi,4.7,19.0,79,,11.11
2018-04-11,nairobi,15.2,18.8,83,,17.54
2018-04-12,nairobi,24.6,18.3,86,,29.9
2018-04-13,nairobi,6.9,18.8,82,,97.4
2018-04-14,nairobi,17.5,18.3,86,,67.08
2018-04-15,nairobi,8.3,18.6,79,,61.09
2018-04-16,nairobi,11.3,18.9,77,,39.36
2018-04-17,nairobi,8.0,18.3,79,,41.56
2018-04-18,nairobi,5.9,18.5,78,,34.56
2018-04-19,nairobi,14.7,18.3,84,,56.68
2018-04-20,nairobi,10.5,18.1,84,,56.02
2018-04-21,nairobi,20.6,18.3,85,,82.18
2018-04-22,nairobi,11.1,17.8,88,,64.61
2018-04-23,nairobi,7.9,18.9,83,,72.62
2018-04-24,nairobi,7.7,17.5,89,,51.84
2018-04-25,nairobi,3.7,17.9,86,,53.45
2018-04-26,nairobi,5.1,18.5,86,,48.55
2018-04-27,nairobi,35.3,18.0,88,,38.08
2018-04-28,nairobi,9.9,17.9,88,,58.84
2018-04-29,nairobi,2.9,18.2,82,,43.26
2018-04-30,nairobi,4.8,18.2,83,,30.19
2018-05-01,nairobi,4.7,17.4,86,,29.83
2018-05-02,nairobi,4.1,17.4,86,,38.9
2018-05-03,nairobi,10.7,18.0,85,,53.08
2018-05-04,nairobi,4.3,18.4,81,,43.06
2018-05-05,nairobi,8.0,18.1,89,,43.16
2018-05-06,nairobi,3.2,18.4,79,,43.98
2018-05-07,nairobi,7.5,16.5,92,,34.81
2018-05-08,nairobi,20.4,17.2,90,,53.33
2018-05-09,nairobi,2.9,18.0,83,,54.08
2018-05-10,nairobi,11.8,18.1,85,,36.41
2018-05-11,nairobi,8.8,17.9,85,,27.97
2018-05-12,nairobi,0.5,18.8,78,,27.91
2018-05-13,nairobi,3.6,19.1,80,,20.68
2018-05-14,nairobi,9.3,18.8,83,,29.34
2018-05-15,nairobi,3.4,18.4,81,,30.62
2018-05-16,nairobi,8.9,17.9,84,,28.31
2018-05-17,nairobi,0.8,18.2,78,,30.92
2018-05-18,nairobi,0.4,18.7,78,,33.67
2018-05-19,nairobi,0.4,17.8,78,,22.77
2018-05-20,nairobi,1.7,18.1,79,,17.45
2018-05-21,nairobi,4.4,17.7,83,,19.32
2018-05-22,nairobi,3.7,17.3,84,,51.36
2018-05-23,nairobi,0.7,17.7,80,,77.16
2018-05-24,nairobi,0.7,18.3,77,,54.46
2018-05-25,nairobi,0.4,18.1,76,,32.5
2018-05-26,nairobi,1.3,17.8,79,,21.91
2018-05-27,nairobi,1.0,18.1,77,,16.46
2018-05-28,nairobi,0.0,17.6,67,,13.19
2018-05-29,nairobi,0.0,16.6,69,,10.89
2018-05-30,nairobi,0.0,17.1,71,,9.0
2018-05-31,nairobi,1.2,17.7,79,,7.47
2018-06-01,nairobi,2.5,18.0,83,,6.43
2018-06-02,nairobi,1.5,18.6,79,,7.87
2018-06-03,nairobi,0.6,18.4,79,,7.65
2018-06-04,nairobi,3.5,18.3,79,,6.94
2018-06-05,nairobi,2.5,18.3,79,,5.75
2018-06-06,nairobi,2.0,17.5,77,,13.26
2018-06-07,nairobi,0.8,16.3,81,,10.94
2018-06-08,nairobi,0.7,16.7,82,,7.53
2018-06-09,nairobi,0.4,16.4,84,,5.71
2018-06-10,nairobi,0.1,16.7,79,,4.5
2018-06-11,nairobi,0.0,16.1,74,,3.56
2018-06-12,nairobi,0.9,15.9,77,,2.81
2018-06-13,nairobi,0.1,17.0,76,,2.18
2018-06-14,nairobi,0.4,16.2,78,,1.84
2018-06-15,nairobi,0.1,16.2,78,,1.62
2018-06-16,nairobi,0.7,17.1,80,,1.34
2018-06-17,nairobi,1.2,16.9,82,,1.0
2018-06-18,nairobi,2.2,16.7,81,,0.72
2018-06-19,nairobi,2.4,16.6,80,,0.56
2018-06-20,nairobi,0.5,17.0,76,,1.53
2018-06-21,nairobi,1.9,16.9,77,,1.4
2018-06-22,nairobi,5.1,16.6,80,,1.03
2018-06-23,nairobi,0.9,17.0,81,,1.09
2018-06-24,nairobi,2.2,16.9,80,,10.83
2018-06-25,nairobi,0.2,16.1,79,,8.68
2018-06-26,nairobi,1.2,16.7,78,,5.34
2018-06-27,nairobi,0.0,16.7,75,,3.79
2018-06-28,nairobi,0.0,16.8,70,,2.72
2018-06-29,nairobi,0.6,16.4,74,,1.9
2018-06-30,nairobi,1.5,17.4,75,,1.34
2018-07-01,nairobi,0.9,16.8,78,,1.12
2018-07-02,nairobi,1.7,16.3,80,,0.91
2018-07-03,nairobi,1.7,16.4,81,,0.94
2018-07-04,nairobi,6.4,15.7,86,,1.31
2018-07-05,nairobi,0.7,16.3,74,,5.05
2018-07-06,nairobi,0.0,15.5,71,,3.76
2018-07-07,nairobi,0.2,15.4,72,,2.39
2018-07-08,nairobi,0.4,16.1,75,,1.48
2018-07-09,nairobi,0.2,16.9,72,,0.95
2018-07-10,nairobi,0.1,16.8,74,,0.66
2018-07-11,nairobi,0.9,16.8,74,,0.49
2018-07-12,nairobi,0.9,16.5,74,,0.37
2018-07-13,nairobi,0.2,16.3,76,,0.36
2018-07-14,nairobi,3.2,16.2,79,,0.34
2018-07-15,nairobi,0.4,15.9,76,,0.28
2018-07-16,nairobi,0.0,15.1,71,,0.23
2018-07-17,nairobi,0.0,15.5,68,,0.19
2018-07-18,nairobi,0.1,15.5,66,,0.16
2018-07-19,nairobi,0.0,16.0,67,,0.12
2018-07-20,nairobi,0.1,15.7,73,,0.11
2018-07-21,nairobi,1.6,15.3,78,,0.11
2018-07-22,nairobi,1.2,15.8,76,,0.11
2018-07-23,nairobi,0.9,15.5,73,,0.09
2018-07-24,nairobi,0.2,15.0,75,,0.09
2018-07-25,nairobi,0.5,15.7,73,,0.08
2018-07-26,nairobi,1.0,16.3,73,,0.08
2018-07-27,nairobi,0.8,16.7,72,,0.08
2018-07-28,nairobi,0.0,16.9,73,,0.06
2018-07-29,nairobi,4.1,16.4,80,,0.06
2018-07-30,nairobi,2.5,17.1,84,,4.28
2018-07-31,nairobi,7.2,17.0,86,,17.2
2018-08-01,nairobi,1.3,17.6,78,,12.65
2018-08-02,nairobi,0.1,17.1,73,,7.17
2018-08-03,nairobi,0.3,16.7,73,,4.48
2018-08-04,nairobi,0.0,16.5,71,,2.95
2018-08-05,nairobi,0.2,15.8,72,,2.08
2018-08-06,nairobi,0.1,16.6,69,,1.44
2018-08-07,nairobi,0.0,16.4,64,,0.95
2018-08-08,nairobi,0.0,16.2,63,,0.63
2018-08-09,nairobi,0.2,16.9,67,,0.42
2018-08-10,nairobi,0.5,16.9,72,,0.33
2018-08-11,nairobi,0.3,16.6,72,,0.26
2018-08-12,nairobi,0.7,16.4,73,,0.23
2018-08-13,nairobi,0.0,15.3,69,,0.2
2018-08-14,nairobi,0.0,16.0,67,,0.17
2018-08-15,nairobi,0.1,16.0,69,,0.16
2018-08-16,nairobi,0.2,16.0,73,,0.14
2018-08-17,nairobi,0.0,16.0,74,,0.12
2018-08-18,nairobi,1.0,15.9,77,,0.11
2018-08-19,nairobi,1.2,16.1,77,,0.11
2018-08-20,nairobi,0.2,15.9,73,,0.09
2018-08-21,nairobi,0.0,16.4,70,,0.09
2018-08-22,nairobi,0.5,17.4,71,,0.08
2018-08-23,nairobi,1.2,16.9,78,,0.08
2018-08-24,nairobi,1.2,16.9,77,,0.08
2018-08-25,nairobi,0.7,16.9,73,,0.25
2018-08-26,nairobi,2.5,17.9,78,,0.34
2018-08-27,nairobi,11.6,17.1,84,,0.55
2018-08-28,nairobi,9.4,17.2,86,,21.18
2018-08-29,nairobi,0.9,16.4,79,,26.99
2018-08-30,nairobi,0.0,16.8,65,,13.76
2018-08-31,nairobi,0.6,16.5,73,,7.34
2018-09-01,nairobi,1.1,16.4,77,,4.55
2018-09-02,nairobi,1.7,16.8,79,,3.27
2018-09-03,nairobi,1.4,17.5,77,,2.52
2018-09-04,nairobi,3.0,16.8,78,,1.9
2018-09-05,nairobi,3.7,16.8,76,,3.17
2018-09-06,nairobi,2.9,16.9,74,,2.56
2018-09-07,nairobi,0.5,16.9,69,,2.01
2018-09-08,nairobi,0.0,17.5,65,,1.42
2018-09-09,nairobi,0.0,17.7,64,,0.94
2018-09-10,nairobi,0.8,18.8,68,,0.61
2018-09-11,nairobi,0.5,18.7,66,,0.44
2018-09-12,nairobi,0.0,18.1,64,,0.33
2018-09-13,nairobi,0.0,17.6,62,,0.26
2018-09-14,nairobi,1.3,18.6,67,,0.22
2018-09-15,nairobi,0.0,18.8,62,,0.19
2018-09-16,nairobi,0.0,18.4,54,,0.16
2018-09-17,nairobi,0.0,18.4,57,,0.14
2018-09-18,nairobi,0.2,18.4,63,,0.12
2018-09-19,nairobi,0.1,18.0,67,,0.11
2018-09-20,nairobi,0.0,18.5,59,,0.11
2018-09-21,nairobi,2.0,18.9,68,,0.09
2018-09-22,nairobi,1.2,18.2,69,,0.09
2018-09-23,nairobi,0.1,18.0,64,,0.09
2018-09-24,nairobi,0.0,17.9,60,,0.08
2018-09-25,nairobi,0.6,18.7,67,,0.07
2018-09-26,nairobi,0.7,19.9,64,,0.07
2018-09-27,nairobi,9.0,18.3,77,,0.06
2018-09-28,nairobi,2.8,18.2,75,,0.15
2018-09-29,nairobi,1.6,19.3,67,,1.01
2018-09-30,nairobi,0.1,18.7,60,,0.92
2018-10-01,nairobi,0.0,17.5,59,,0.59
2018-10-02,nairobi,0.0,17.8,63,,0.4
2018-10-03,nairobi,0.2,19.0,66,,0.29
2018-10-04,nairobi,0.0,17.8,69,,0.21
2018-10-05,nairobi,0.1,18.1,64,,0.16
2018-10-06,nairobi,0.5,19.5,63,,0.13
2018-10-07,nairobi,0.6,19.7,66,,0.11
2018-10-08,nairobi,3.8,18.8,73,,0.09
2018-10-09,nairobi,1.6,18.2,72,,0.32
2018-10-10,nairobi,0.0,18.9,64,,0.58
2018-10-11,nairobi,0.3,19.5,63,,0.49
2018-10-12,nairobi,0.4,19.4,58,,0.33
2018-10-13,nairobi,4.4,19.8,72,,0.23
2018-10-14,nairobi,1.1,19.9,65,,0.19
2018-10-15,nairobi,1.0,20.3,63,,0.19
2018-10-16,nairobi,1.4,20.0,68,,0.17
2018-10-17,nairobi,4.1,20.0,67,,0.13
2018-10-18,nairobi,7.9,19.1,72,,0.11
2018-10-19,nairobi,4.8,19.1,76,,1.31
2018-10-20,nairobi,0.8,19.2,68,,2.07
2018-10-21,nairobi,0.8,19.5,63,,1.86
2018-10-22,nairobi,2.2,19.0,65,,1.11
2018-10-23,nairobi,10.0,16.7,82,,0.69
2018-10-24,nairobi,1.5,17.2,78,,2.17
2018-10-25,nairobi,14.8,16.2,88,,2.94
2018-10-26,nairobi,8.4,17.4,85,,16.74
2018-10-27,nairobi,9.0,17.9,81,,13.55
2018-10-28,nairobi,4.5,18.4,78,,9.02
2018-10-29,nairobi,5.0,18.7,76,,5.68
2018-10-30,nairobi,3.0,17.9,80,,3.61
2018-10-31,nairobi,2.2,18.4,75,,2.27
2018-11-01,nairobi,3.4,18.8,78,,1.44
2018-11-02,nairobi,3.9,18.7,81,,1.94
2018-11-03,nairobi,11.8,18.0,88,,1.36
2018-11-04,nairobi,2.2,18.7,77,,1.4
2018-11-05,nairobi,0.0,18.2,69,,0.98
2018-11-06,nairobi,0.8,18.7,72,,0.64
2018-11-07,nairobi,0.3,19.3,69,,0.45
2018-11-08,nairobi,0.1,19.3,69,,0.33
2018-11-09,nairobi,3.2,19.3,77,,0.25
2018-11-10,nairobi,2.0,18.9,76,,0.63
2018-11-11,nairobi,7.2,18.2,85,,0.79
2018-11-12,nairobi,4.0,18.9,81,,0.91
2018-11-13,nairobi,1.5,18.5,77,,1.01
2018-11-14,nairobi,1.4,18.2,75,,0.74
2018-11-15,nairobi,0.5,19.1,70,,0.51
2018-11-16,nairobi,0.0,18.9,63,,0.36
2018-11-17,nairobi,3.5,18.9,73,,0.26
2018-11-18,nairobi,2.7,18.9,78,,0.75
2018-11-19,nairobi,2.2,18.7,80,,0.99
2018-11-20,nairobi,4.5,18.2,83,,2.48
2018-11-21,nairobi,4.6,18.4,80,,6.43
2018-11-22,nairobi,0.7,19.1,74,,4.6
2018-11-23,nairobi,0.8,19.3,73,,2.66
2018-11-24,nairobi,3.7,18.8,80,,3.62
2018-11-25,nairobi,14.1,17.8,86,,2.17
2018-11-26,nairobi,15.0,17.6,88,,3.89
2018-11-27,nairobi,4.4,18.8,78,,7.47
2018-11-28,nairobi,6.4,18.2,86,,4.01
2018-11-29,nairobi,4.5,18.0,87,,2.36
2018-11-30,nairobi,0.3,17.9,75,,5.03
2018-12-01,nairobi,6.0,17.4,87,,2.85
2018-12-02,nairobi,4.6,17.6,88,,2.11
2018-12-03,nairobi,1.4,18.8,81,,1.28
2018-12-04,nairobi,2.0,18.6,83,,0.86
2018-12-05,nairobi,3.2,18.8,81,,0.61
2018-12-06,nairobi,1.8,19.0,79,,0.45
2018-12-07,nairobi,1.9,19.8,79,,0.33
2018-12-08,nairobi,2.5,18.8,83,,0.26
2018-12-09,nairobi,2.1,19.1,78,,0.72
2018-12-10,nairobi,15.9,18.0,85,,1.47
2018-12-11,nairobi,15.5,17.5,84,,26.99
2018-12-12,nairobi,3.0,18.7,75,,26.1
2018-12-13,nairobi,4.8,18.4,85,,12.87
2018-12-14,nairobi,4.2,18.4,82,,7.18
2018-12-15,nairobi,3.6,18.2,82,,4.48
2018-12-16,nairobi,0.2,18.4,77,,3.43
2018-12-17,nairobi,1.3,18.9,78,,2.28
2018-12-18,nairobi,1.5,19.4,76,,1.5
2018-12-19,nairobi,6.0,18.3,84,,0.99
2018-12-20,nairobi,0.7,18.3,81,,1.64
2018-12-21,nairobi,0.4,19.0,75,,1.45
2018-12-22,nairobi,2.9,19.0,77,,0.94
2018-12-23,nairobi,4.8,18.7,81,,0.63
2018-12-24,nairobi,2.9,18.7,78,,0.45
2018-12-25,nairobi,2.1,18.6,77,,0.36
2018-12-26,nairobi,1.2,18.6,78,,0.28
2018-12-27,nairobi,3.1,17.8,80,,0.23
2018-12-28,nairobi,2.0,19.1,75,,0.19
2018-12-29,nairobi,0.7,19.2,76,,0.16
2018-12-30,nairobi,0.5,19.0,78,,0.41
2018-12-31,nairobi,2.7,18.4,80,,0.39
2019-01-01,nairobi,0.0,18.8,71,,0.66
2019-01-02,nairobi,0.0,19.2,67,,0.53
2019-01-03,nairobi,0.1,19.4,71,,0.34
2019-01-04,nairobi,13.5,17.3,90,,0.25
2019-01-05,nairobi,5.6,17.7,82,,0.81
2019-01-06,nairobi,1.5,18.6,77,,0.78
2019-01-07,nairobi,0.2,19.9,67,,0.53
2019-01-08,nairobi,0.0,18.6,72,,0.34
2019-01-09,nairobi,0.0,19.4,66,,0.25
2019-01-10,nairobi,0.3,19.3,67,,0.19
2019-01-11,nairobi,0.0,19.2,69,,0.16
2019-01-12,nairobi,0.0,18.9,61,,0.12
2019-01-13,nairobi,0.1,18.9,62,,0.09
2019-01-14,nairobi,0.4,19.6,68,,0.09
2019-01-15,nairobi,1.5,19.4,75,,0.09
2019-01-16,nairobi,6.8,19.2,78,,7.93
2019-01-17,nairobi,0.1,20.1,71,,7.28
2019-01-18,nairobi,0.2,20.4,65,,4.6
2019-01-19,nairobi,0.0,20.4,61,,2.4
2019-01-20,nairobi,0.0,20.7,58,,1.34
2019-01-21,nairobi,0.1,20.9,56,,0.78
2019-01-22,nairobi,0.1,20.6,61,,0.53
2019-01-23,nairobi,0.0,20.5,63,,0.37
2019-01-24,nairobi,0.0,20.8,58,,0.28
2019-01-25,nairobi,0.2,20.9,56,,0.22
2019-01-26,nairobi,0.1,20.6,58,,0.19
2019-01-27,nairobi,0.0,20.8,60,,0.25
2019-01-28,nairobi,0.0,20.3,59,,0.22
2019-01-29,nairobi,0.0,20.3,61,,0.19
2019-01-30,nairobi,0.0,20.3,58,,0.16
2019-01-31,nairobi,0.0,21.0,58,,0.12
2019-02-01,nairobi,0.3,21.0,57,,0.09
2019-02-02,nairobi,0.0,21.2,40,,0.09
2019-02-03,nairobi,0.0,21.8,43,,0.09
2019-02-04,nairobi,0.1,22.0,48,,0.06
2019-02-05,nairobi,0.1,21.1,53,,0.06
2019-02-06,nairobi,0.0,20.5,55,,0.06
2019-02-07,nairobi,0.2,21.4,54,,0.06
2019-02-08,nairobi,0.1,21.3,62,,0.06
2019-02-09,nairobi,0.2,21.4,58,,0.06
2019-02-10,nairobi,1.2,20.4,62,,0.03
2019-02-11,nairobi,0.2,20.8,54,,0.03
2019-02-12,nairobi,0.0,20.2,52,,0.03
2019-02-13,nairobi,0.0,19.7,56,,0.03
2019-02-14,nairobi,0.7,19.9,62,,0.03
2019-02-15,nairobi,0.5,20.9,63,,0.03
2019-02-16,nairobi,1.6,20.2,69,,0.06
2019-02-17,nairobi,1.6,20.5,71,,0.06
2019-02-18,nairobi,0.0,22.0,51,,0.12
2019-02-19,nairobi,0.0,22.3,52,,0.12
2019-02-20,nairobi,0.3,21.6,59,,0.09
2019-02-21,nairobi,6.9,19.5,75,,0.16
2019-02-22,nairobi,8.0,19.4,75,,1.19
2019-02-23,nairobi,3.3,19.9,71,,0.91
2019-02-24,nairobi,3.1,19.8,73,,2.37
2019-02-25,nairobi,0.8,20.5,68,,2.16
2019-02-26,nairobi,0.3,21.1,58,,1.34
2019-02-27,nairobi,0.1,20.5,57,,0.78
2019-02-28,nairobi,0.0,21.2,51,,0.5
2019-03-01,nairobi,0.0,22.6,44,,0.34
2019-03-02,nairobi,0.0,23.0,42,,0.25
2019-03-03,nairobi,0.0,23.0,48,,0.19
2019-03-04,nairobi,0.3,21.5,57,,0.16
2019-03-05,nairobi,0.1,21.3,56,,0.12
2019-03-06,nairobi,0.0,22.2,51,,0.09
2019-03-07,nairobi,0.0,22.5,47,,0.09
2019-03-08,nairobi,0.0,22.7,45,,0.06
2019-03-09,nairobi,0.0,21.8,50,,0.06
2019-03-10,nairobi,0.0,21.0,52,,0.03
2019-03-11,nairobi,0.0,21.3,49,,0.03
2019-03-12,nairobi,0.0,22.0,47,,0.03
2019-03-13,nairobi,0.0,21.6,46,,0.03
2019-03-14,nairobi,0.0,20.7,55,,0.03
2019-03-15,nairobi,0.8,20.8,61,,0.03
2019-03-16,nairobi,3.9,21.0,64,,0.03
2019-03-17,nairobi,0.9,21.8,57,,0.03
2019-03-18,nairobi,0.1,21.9,55,,0.03
2019-03-19,nairobi,0.0,22.1,50,,0.03
2019-03-20,nairobi,0.4,22.2,58,,0.03
2019-03-21,nairobi,0.0,22.7,53,,0.06
2019-03-22,nairobi,0.0,22.9,51,,0.06
2019-03-23,nairobi,0.8,22.0,56,,0.03
2019-03-24,nairobi,0.6,21.7,54,,0.03
2019-03-25,nairobi,0.0,21.9,50,,0.03
2019-03-26,nairobi,0.1,22.8,47,,0.03
2019-03-27,nairobi,0.6,22.2,54,,0.03
2019-03-28,nairobi,3.4,20.6,68,,0.22
2019-03-29,nairobi,0.2,21.8,61,,0.47
2019-03-30,nairobi,1.7,21.5,64,,0.37
2019-03-31,nairobi,2.0,21.5,66,,0.28
2019-04-01,nairobi,1.7,21.3,62,,0.19
2019-04-02,nairobi,1.0,21.0,58,,0.5
2019-04-03,nairobi,0.8,21.6,61,,0.44
2019-04-04,nairobi,3.8,20.4,72,,0.31
2019-04-05,nairobi,16.0,19.4,78,,1.34
2019-04-06,nairobi,9.0,20.3,70,,1.75
2019-04-07,nairobi,2.3,20.3,69,,1.65
2019-04-08,nairobi,0.4,21.6,62,,1.0
2019-04-09,nairobi,0.5,21.5,63,,0.59
2019-04-10,nairobi,2.2,21.4,61,,0.53
2019-04-11,nairobi,2.6,20.5,71,,0.44
2019-04-12,nairobi,12.3,20.4,70,,1.72
2019-04-13,nairobi,0.9,20.4,68,,1.28
2019-04-14,nairobi,1.6,20.6,67,,1.31
2019-04-15,nairobi,0.6,20.7,63,,1.06
2019-04-16,nairobi,0.2,21.2,57,,0.78
2019-04-17,nairobi,0.0,21.2,54,,0.53
2019-04-18,nairobi,0.0,21.3,55,,0.34
2019-04-19,nairobi,2.0,21.4,62,,0.25
2019-04-20,nairobi,0.4,22.1,59,,0.19
2019-04-21,nairobi,2.7,21.5,69,,0.16
2019-04-22,nairobi,3.7,21.1,71,,0.85
2019-04-23,nairobi,9.3,19.8,80,,1.31
2019-04-24,nairobi,2.5,21.0,72,,17.88
2019-04-25,nairobi,10.2,19.6,83,,12.96
2019-04-26,nairobi,29.4,18.9,87,,14.7
2019-04-27,nairobi,2.1,19.7,82,,9.94
2019-04-28,nairobi,4.3,19.9,78,,17.97
2019-04-29,nairobi,17.3,19.9,80,,9.99
2019-04-30,nairobi,17.0,19.1,86,,7.99
2019-05-01,nairobi,4.4,19.6,75,,9.3
2019-05-02,nairobi,0.1,19.8,71,,7.97
2019-05-03,nairobi,4.7,19.7,76,,3.94
2019-05-04,nairobi,4.3,19.6,79,,3.38
2019-05-05,nairobi,8.7,19.2,82,,3.12
2019-05-06,nairobi,12.4,19.3,82,,5.03
2019-05-07,nairobi,4.1,19.4,79,,4.69
2019-05-08,nairobi,5.9,19.0,81,,3.47
2019-05-09,nairobi,7.0,19.1,80,,6.46
2019-05-10,nairobi,18.9,18.4,88,,5.31
2019-05-11,nairobi,3.3,18.9,79,,8.23
2019-05-12,nairobi,9.5,18.7,82,,9.19
2019-05-13,nairobi,7.0,19.0,81,,9.59
2019-05-14,nairobi,6.0,18.9,84,,11.11
2019-05-15,nairobi,3.0,19.1,79,,7.47
2019-05-16,nairobi,2.7,19.2,77,,6.19
2019-05-17,nairobi,3.8,18.9,80,,3.97
2019-05-18,nairobi,13.0,17.8,89,,2.97
2019-05-19,nairobi,3.5,18.2,81,,8.16
2019-05-20,nairobi,6.9,18.5,81,,5.22
2019-05-21,nairobi,0.5,18.5,77,,9.26
2019-05-22,nairobi,7.4,18.9,80,,5.5
2019-05-23,nairobi,18.8,18.4,84,,6.13
2019-05-24,nairobi,11.3,18.0,84,,11.5
2019-05-25,nairobi,15.0,17.6,89,,11.71
2019-05-26,nairobi,12.2,17.6,87,,8.82
2019-05-27,nairobi,4.5,18.3,81,,11.33
2019-05-28,nairobi,2.5,18.3,80,,7.91
2019-05-29,nairobi,2.3,18.0,81,,4.9
2019-05-30,nairobi,0.4,18.4,76,,3.09
2019-05-31,nairobi,0.8,18.6,77,,2.09
2019-06-01,nairobi,2.8,19.0,80,,2.25
2019-06-02,nairobi,18.8,18.1,89,,14.63
2019-06-03,nairobi,11.2,18.2,89,,86.9
2019-06-04,nairobi,6.7,17.6,85,,55.23
2019-06-05,nairobi,4.6,17.9,81,,27.18
2019-06-06,nairobi,3.3,18.3,81,,16.82
2019-06-07,nairobi,3.2,18.6,77,,21.08
2019-06-08,nairobi,1.3,18.4,76,,16.42
2019-06-09,nairobi,2.6,17.4,81,,13.76
2019-06-10,nairobi,0.1,17.1,75,,12.12
2019-06-11,nairobi,0.1,17.1,74,,8.16
2019-06-12,nairobi,0.8,17.2,78,,5.81
2019-06-13,nairobi,0.9,18.1,76,,4.56
2019-06-14,nairobi,2.3,18.1,78,,5.07
2019-06-15,nairobi,1.8,17.6,78,,6.38
2019-06-16,nairobi,1.9,17.9,78,,5.03
2019-06-17,nairobi,0.0,17.8,72,,3.97
2019-06-18,nairobi,0.2,17.1,76,,3.0
2019-06-19,nairobi,1.1,18.3,74,,2.22
2019-06-20,nairobi,0.7,18.4,75,,1.75
2019-06-21,nairobi,0.1,16.9,80,,1.78
2019-06-22,nairobi,1.6,17.4,81,,1.9
2019-06-23,nairobi,1.5,17.5,82,,2.62
2019-06-24,nairobi,2.1,17.9,83,,10.07
2019-06-25,nairobi,9.5,17.6,85,,14.92
2019-06-26,nairobi,8.6,17.6,87,,11.68
2019-06-27,nairobi,3.1,18.1,78,,8.82
2019-06-28,nairobi,0.9,18.0,79,,6.46
2019-06-29,nairobi,0.1,17.6,76,,5.1
2019-06-30,nairobi,0.0,17.4,70,,3.72
2019-07-01,nairobi,0.5,18.2,74,,2.69
2019-07-02,nairobi,0.3,18.1,73,,1.97
2019-07-03,nairobi,4.0,17.5,76,,1.47
2019-07-04,nairobi,0.6,18.0,73,,1.31
2019-07-05,nairobi,0.0,17.9,70,,1.09
2019-07-06,nairobi,0.9,17.7,74,,0.81
2019-07-07,nairobi,1.6,18.2,74,,0.55
2019-07-08,nairobi,0.2,17.5,72,,0.37
2019-07-09,nairobi,0.1,18.0,70,,0.28
2019-07-10,nairobi,0.1,18.2,70,,0.2
2019-07-11,nairobi,0.9,18.6,71,,0.16
2019-07-12,nairobi,0.0,18.6,67,,0.14
2019-07-13,nairobi,0.5,17.6,70,,0.11
2019-07-14,nairobi,0.3,17.3,70,,0.11
2019-07-15,nairobi,2.7,17.3,72,,0.09
2019-07-16,nairobi,0.2,17.1,69,,0.09
2019-07-17,nairobi,0.6,16.9,71,,0.09
2019-07-18,nairobi,1.2,17.1,67,,0.16
2019-07-19,nairobi,0.8,17.3,70,,0.2
2019-07-20,nairobi,0.2,17.2,74,,0.17
2019-07-21,nairobi,0.0,18.4,68,,0.14
2019-07-22,nairobi,0.0,17.4,71,,0.3
2019-07-23,nairobi,0.1,17.2,70,,0.3
2019-07-24,nairobi,0.0,18.1,69,,0.22
2019-07-25,nairobi,0.0,18.2,67,,0.17
2019-07-26,nairobi,0.0,17.3,68,,0.14
2019-07-27,nairobi,0.0,16.5,68,,0.11
2019-07-28,nairobi,0.0,17.1,65,,0.09
2019-07-29,nairobi,0.2,17.8,67,,0.08
2019-07-30,nairobi,1.1,17.3,77,,0.06
2019-07-31,nairobi,8.1,17.7,82,,0.87
2019-08-01,nairobi,3.1,19.0,71,,2.39
2019-08-02,nairobi,1.5,17.7,72,,1.78
2019-08-03,nairobi,1.7,18.1,72,,1.48
2019-08-04,nairobi,0.0,17.1,67,,1.0
2019-08-05,nairobi,0.0,17.4,65,,0.63
2019-08-06,nairobi,0.0,18.1,64,,0.41
2019-08-07,nairobi,1.1,18.5,72,,0.28
2019-08-08,nairobi,2.7,18.2,73,,0.22
2019-08-09,nairobi,0.0,17.5,73,,0.17
2019-08-10,nairobi,0.0,17.4,68,,0.14
2019-08-11,nairobi,0.2,17.4,71,,0.11
2019-08-12,nairobi,0.2,16.9,69,,0.09
2019-08-13,nairobi,0.0,16.9,67,,0.08
2019-08-14,nairobi,0.0,16.7,69,,0.06
2019-08-15,nairobi,0.0,16.2,65,,0.06
2019-08-16,nairobi,0.0,16.8,64,,0.05
2019-08-17,nairobi,0.0,17.2,68,,0.05
2019-08-18,nairobi,0.5,17.4,71,,0.03
2019-08-19,nairobi,0.9,16.8,76,,0.03
2019-08-20,nairobi,0.0,17.2,69,,0.02
2019-08-21,nairobi,0.1,17.9,68,,0.02
2019-08-22,nairobi,0.0,18.7,65,,0.02
2019-08-23,nairobi,0.0,18.5,60,,0.02
2019-08-24,nairobi,0.4,17.8,71,,0.02
2019-08-25,nairobi,2.7,18.3,68,,0.02
2019-08-26,nairobi,1.4,18.6,65,,0.02
2019-08-27,nairobi,0.5,18.7,66,,0.02
2019-08-28,nairobi,3.3,18.4,75,,0.02
2019-08-29,nairobi,7.2,18.2,81,,1.06
2019-08-30,nairobi,3.3,18.2,81,,1.53
2019-08-31,nairobi,3.6,18.4,80,,1.99
2019-09-01,nairobi,6.7,18.5,81,,5.49
2019-09-02,nairobi,3.0,18.2,83,,17.49
2019-09-03,nairobi,0.4,18.5,71,,16.62
2019-09-04,nairobi,0.2,17.7,72,,8.35
2019-09-05,nairobi,0.0,17.4,72,,4.35
2019-09-06,nairobi,0.1,18.2,75,,2.56
2019-09-07,nairobi,4.1,17.1,80,,1.69
2019-09-08,nairobi,2.0,16.5,76,,2.66
2019-09-09,nairobi,0.0,17.6,68,,2.4
2019-09-10,nairobi,8.8,17.1,84,,1.56
2019-09-11,nairobi,0.8,18.6,73,,1.42
2019-09-12,nairobi,0.9,18.7,70,,1.04
2019-09-13,nairobi,0.0,18.6,66,,0.69
2019-09-14,nairobi,0.4,19.5,66,,0.48
2019-09-15,nairobi,0.0,19.0,64,,0.34
2019-09-16,nairobi,0.0,18.4,65,,0.26
2019-09-17,nairobi,0.1,18.9,62,,0.2
2019-09-18,nairobi,0.1,18.7,63,,0.16
2019-09-19,nairobi,0.0,18.2,57,,0.12
2019-09-20,nairobi,0.1,18.4,61,,0.1
2019-09-21,nairobi,0.2,18.8,62,,0.09
2019-09-22,nairobi,0.9,18.2,69,,0.07
2019-09-23,nairobi,0.4,18.8,72,,0.06
2019-09-24,nairobi,4.2,18.0,81,,0.05
2019-09-25,nairobi,0.4,19.2,71,,0.05
2019-09-26,nairobi,31.7,17.8,87,,0.05
2019-09-27,nairobi,6.7,18.1,75,,6.82
2019-09-28,nairobi,0.9,19.3,68,,5.32
2019-09-29,nairobi,0.2,19.3,62,,2.79
2019-09-30,nairobi,1.2,20.2,62,,1.52
2019-10-01,nairobi,13.0,18.8,79,,0.89
2019-10-02,nairobi,5.6,19.2,78,,2.94
2019-10-03,nairobi,5.9,19.2,71,,16.62
2019-10-04,nairobi,4.0,18.2,76,,8.95
2019-10-05,nairobi,11.3,17.9,83,,5.05
2019-10-06,nairobi,14.2,17.3,86,,8.02
2019-10-07,nairobi,1.0,18.3,69,,9.62
2019-10-08,nairobi,2.3,18.6,68,,5.41
2019-10-09,nairobi,18.0,17.8,87,,2.78
2019-10-10,nairobi,7.9,18.1,82,,9.02
2019-10-11,nairobi,9.3,18.0,85,,14.96
2019-10-12,nairobi,20.4,18.4,78,,14.38
2019-10-13,nairobi,9.1,17.8,88,,12.71
2019-10-14,nairobi,7.6,18.4,83,,12.49
2019-10-15,nairobi,3.2,19.1,76,,7.81
2019-10-16,nairobi,2.2,19.1,75,,4.3
2019-10-17,nairobi,34.7,17.4,91,,2.6
2019-10-18,nairobi,21.5,17.9,87,,16.38
2019-10-19,nairobi,59.5,16.9,91,,25.49
2019-10-20,nairobi,11.0,18.6,81,,28.44
2019-10-21,nairobi,14.9,19.1,76,,19.14
2019-10-22,nairobi,10.4,18.5,87,,12.34
2019-10-23,nairobi,23.5,18.4,85,,9.94
2019-10-24,nairobi,63.1,18.0,87,,12.52
2019-10-25,nairobi,10.7,18.5,84,,10.99
2019-10-26,nairobi,21.2,17.8,90,,14.17
2019-10-27,nairobi,8.0,18.8,81,,34.65
2019-10-28,nairobi,6.3,18.5,83,,24.12
2019-10-29,nairobi,40.8,17.4,91,,16.7
2019-10-30,nairobi,13.4,17.6,84,,17.11
2019-10-31,nairobi,10.6,17.7,87,,22.6
2019-11-01,nairobi,3.5,18.3,81,,36.84
2019-11-02,nairobi,2.8,18.4,81,,22.01
2019-11-03,nairobi,5.2,18.2,81,,13.39
2019-11-04,nairobi,2.0,18.4,74,,9.05
2019-11-05,nairobi,0.2,19.0,69,,6.6
2019-11-06,nairobi,2.5,19.0,74,,5.15
2019-11-07,nairobi,13.3,18.6,81,,4.15
2019-11-08,nairobi,17.7,18.4,84,,6.23
2019-11-09,nairobi,4.6,19.0,80,,7.34
2019-11-10,nairobi,5.4,18.9,80,,5.0
2019-11-11,nairobi,6.7,18.9,82,,5.01
2019-11-12,nairobi,27.3,17.6,89,,8.68
2019-11-13,nairobi,16.2,17.0,95,,11.97
2019-11-14,nairobi,11.5,17.5,89,,50.29
2019-11-15,nairobi,5.1,18.7,82,,29.41
2019-11-16,nairobi,1.2,19.2,81,,15.63
2019-11-17,nairobi,2.2,19.2,79,,9.76
2019-11-18,nairobi,3.2,19.0,79,,6.67
2019-11-19,nairobi,16.8,18.4,85,,4.89
2019-11-20,nairobi,12.5,18.7,82,,4.48
2019-11-21,nairobi,16.5,19.2,82,,13.45
2019-11-22,nairobi,13.5,18.9,86,,19.42
2019-11-23,nairobi,27.7,17.3,94,,102.51
2019-11-24,nairobi,64.6,17.8,86,,75.03
2019-11-25,nairobi,41.2,17.5,89,,135.46
2019-11-26,nairobi,24.2,17.4,87,,87.51
2019-11-27,nairobi,2.6,18.3,83,,55.75
2019-11-28,nairobi,3.8,18.6,82,,32.27
2019-11-29,nairobi,14.9,18.3,88,,24.41
2019-11-30,nairobi,32.2,17.5,91,,46.97
2019-12-01,nairobi,17.0,17.9,88,,59.26
2019-12-02,nairobi,14.7,18.2,89,,76.62
2019-12-03,nairobi,6.3,17.9,89,,47.64
2019-12-04,nairobi,16.8,18.8,86,,41.46
2019-12-05,nairobi,7.0,18.4,87,,75.74
2019-12-06,nairobi,5.4,18.8,85,,101.33
2019-12-07,nairobi,6.1,18.1,87,,63.86
2019-12-08,nairobi,55.1,18.0,85,,68.82
2019-12-09,nairobi,22.0,17.9,89,,82.95
2019-12-10,nairobi,30.0,18.0,89,,54.59
2019-12-11,nairobi,3.3,18.3,83,,40.11
2019-12-12,nairobi,2.6,18.2,83,,28.04
2019-12-13,nairobi,12.4,18.4,83,,25.73
2019-12-14,nairobi,4.8,18.3,87,,20.98
2019-12-15,nairobi,2.8,18.2,84,,17.11
2019-12-16,nairobi,4.0,18.6,81,,14.96
2019-12-17,nairobi,2.2,18.7,81,,12.24
2019-12-18,nairobi,2.4,19.0,78,,11.62
2019-12-19,nairobi,0.4,18.3,69,,9.99
2019-12-20,nairobi,2.0,18.1,73,,8.25
2019-12-21,nairobi,8.6,18.0,88,,6.82
2019-12-22,nairobi,4.5,18.3,86,,17.24
2019-12-23,nairobi,3.1,18.2,87,,24.0
2019-12-24,nairobi,34.3,18.4,85,,24.82
2019-12-25,nairobi,7.4,19.0,83,,26.35
2019-12-26,nairobi,13.9,18.7,88,,17.2
2019-12-27,nairobi,2.5,19.2,84,,21.28
2019-12-28,nairobi,34.4,18.9,88,,57.88
2019-12-29,nairobi,3.4,19.0,85,,79.17
2019-12-30,nairobi,1.3,18.8,79,,66.45
2019-12-31,nairobi,1.1,18.9,80,,36.76
2020-01-01,nairobi,0.4,18.8,75,,22.77
2020-01-02,nairobi,0.9,18.4,80,,16.22
2020-01-03,nairobi,1.9,18.5,81,,12.43
2020-01-04,nairobi,2.4,18.4,80,,9.91
2020-01-05,nairobi,0.0,19.1,76,,8.16
2020-01-06,nairobi,3.5,19.1,81,,6.73
2020-01-07,nairobi,4.2,18.4,85,,8.04
2020-01-08,nairobi,19.7,17.7,91,,7.69
2020-01-09,nairobi,2.9,18.5,83,,7.99
2020-01-10,nairobi,1.7,19.2,80,,6.73
2020-01-11,nairobi,1.0,19.5,77,,6.85
2020-01-12,nairobi,8.1,19.2,79,,6.94
2020-01-13,nairobi,45.3,18.3,86,,12.06
2020-01-14,nairobi,8.4,18.8,82,,17.71
2020-01-15,nairobi,3.6,18.9,81,,16.3
2020-01-16,nairobi,8.8,18.9,84,,10.75
2020-01-17,nairobi,3.3,19.1,84,,7.57
2020-01-18,nairobi,2.6,19.0,82,,13.0
2020-01-19,nairobi,1.7,19.2,78,,13.69
2020-01-20,nairobi,0.0,19.9,77,,12.0
2020-01-21,nairobi,1.1,19.8,77,,8.29
2020-01-22,nairobi,0.5,19.5,78,,5.75
2020-01-23,nairobi,5.8,19.2,82,,4.47
2020-01-24,nairobi,3.7,18.9,83,,4.31
2020-01-25,nairobi,2.9,18.8,86,,3.59
2020-01-26,nairobi,20.1,17.5,92,,2.83
2020-01-27,nairobi,15.2,17.7,92,,2.52
2020-01-28,nairobi,10.7,17.3,93,,4.28
2020-01-29,nairobi,18.3,18.5,86,,12.09
2020-01-30,nairobi,9.4,18.3,87,,16.34
2020-01-31,nairobi,17.0,18.6,82,,26.99
2020-02-01,nairobi,33.1,18.1,86,,30.62
2020-02-02,nairobi,8.1,18.8,80,,26.1
2020-02-03,nairobi,0.7,18.6,81,,28.79
2020-02-04,nairobi,1.5,19.0,77,,19.46
2020-02-05,nairobi,1.3,19.1,77,,12.74
2020-02-06,nairobi,1.6,19.1,77,,9.02
2020-02-07,nairobi,0.4,19.3,72,,6.87
2020-02-08,nairobi,0.4,19.0,77,,5.44
2020-02-09,nairobi,0.2,18.6,75,,4.31
2020-02-10,nairobi,0.0,18.9,67,,3.44
2020-02-11,nairobi,0.0,19.5,63,,2.71
2020-02-12,nairobi,0.3,20.2,70,,2.05
2020-02-13,nairobi,18.9,19.5,82,,2.87
2020-02-14,nairobi,2.7,18.8,80,,2.77
2020-02-15,nairobi,4.8,18.4,84,,2.05
2020-02-16,nairobi,5.9,17.8,87,,1.97
2020-02-17,nairobi,3.0,19.4,82,,2.33
2020-02-18,nairobi,4.5,19.7,80,,1.82
2020-02-19,nairobi,2.0,19.1,82,,1.33
2020-02-20,nairobi,0.9,20.0,75,,1.39
2020-02-21,nairobi,12.9,19.7,78,,1.09
2020-02-22,nairobi,2.9,19.9,81,,0.91
2020-02-23,nairobi,2.3,19.6,82,,0.63
2020-02-24,nairobi,2.2,19.2,80,,0.45
2020-02-25,nairobi,2.0,20.5,69,,0.34
2020-02-26,nairobi,4.3,19.6,81,,0.26
2020-02-27,nairobi,58.9,19.1,86,,0.5
2020-02-28,nairobi,3.9,20.1,79,,2.39
2020-02-29,nairobi,0.2,20.3,71,,1.89
2020-03-01,nairobi,2.3,20.8,75,,1.16
2020-03-02,nairobi,16.5,19.5,85,,5.5
2020-03-03,nairobi,5.9,19.3,81,,60.94
2020-03-04,nairobi,3.2,19.4,80,,32.96
2020-03-05,nairobi,18.3,20.0,68,,17.66
2020-03-06,nairobi,0.0,20.5,63,,10.72
2020-03-07,nairobi,38.9,19.4,79,,7.09
2020-03-08,nairobi,2.7,19.6,85,,5.59
2020-03-09,nairobi,34.6,19.7,84,,7.13
2020-03-10,nairobi,3.2,20.0,84,,7.57
2020-03-11,nairobi,16.0,19.7,83,,6.96
2020-03-12,nairobi,5.8,19.6,85,,6.62
2020-03-13,nairobi,2.0,19.6,82,,4.5
2020-03-14,nairobi,3.3,19.2,83,,8.68
2020-03-15,nairobi,2.4,20.3,78,,5.9
2020-03-16,nairobi,1.0,20.4,77,,3.66
2020-03-17,nairobi,4.0,19.7,82,,3.03
2020-03-18,nairobi,40.2,19.3,84,,6.28
2020-03-19,nairobi,5.7,18.9,86,,10.22
2020-03-20,nairobi,9.8,18.6,87,,8.1
2020-03-21,nairobi,17.3,19.2,76,,6.66
2020-03-22,nairobi,2.7,18.9,77,,6.69
2020-03-23,nairobi,7.5,18.7,80,,3.91
2020-03-24,nairobi,5.9,19.2,85,,2.69
2020-03-25,nairobi,5.1,19.5,82,,4.31
2020-03-26,nairobi,13.8,19.2,84,,5.22
2020-03-27,nairobi,24.5,18.4,81,,24.29
2020-03-28,nairobi,6.3,18.9,82,,28.04
2020-03-29,nairobi,6.8,18.5,79,,53.2
2020-03-30,nairobi,4.2,19.4,80,,28.92
2020-03-31,nairobi,1.9,19.7,81,,15.83
2020-04-01,nairobi,3.8,19.7,83,,10.91
2020-04-02,nairobi,3.5,20.0,82,,7.59
2020-04-03,nairobi,2.8,19.3,81,,5.71
2020-04-04,nairobi,1.9,19.3,80,,4.62
2020-04-05,nairobi,8.0,19.0,82,,4.85
2020-04-06,nairobi,1.8,19.3,81,,4.75
2020-04-07,nairobi,1.5,19.5,82,,3.81
2020-04-08,nairobi,1.0,19.6,77,,4.13
2020-04-09,nairobi,2.7,19.2,83,,3.53
2020-04-10,nairobi,2.7,19.6,78,,3.47
2020-04-11,nairobi,1.6,19.8,76,,2.53
2020-04-12,nairobi,1.0,20.0,77,,1.78
2020-04-13,nairobi,13.4,19.6,85,,2.0
2020-04-14,nairobi,22.2,19.5,84,,2.81
2020-04-15,nairobi,63.2,19.6,84,,7.59
2020-04-16,nairobi,25.6,19.5,84,,19.94
2020-04-17,nairobi,5.8,19.3,85,,20.48
2020-04-18,nairobi,13.9,19.5,85,,15.14
2020-04-19,nairobi,4.6,18.2,84,,35.64
2020-04-20,nairobi,4.8,18.0,87,,46.53
2020-04-21,nairobi,9.6,18.2,85,,71.78
2020-04-22,nairobi,26.1,18.5,84,,50.05
2020-04-23,nairobi,17.2,17.5,91,,54.85
2020-04-24,nairobi,14.4,18.4,85,,53.2
2020-04-25,nairobi,25.8,17.7,88,,73.99
2020-04-26,nairobi,5.8,18.2,88,,48.43
2020-04-27,nairobi,9.8,18.8,82,,61.23
2020-04-28,nairobi,12.4,18.5,87,,40.02
2020-04-29,nairobi,14.1,18.6,84,,32.96
2020-04-30,nairobi,3.3,18.8,84,,56.15
2020-05-01,nairobi,7.3,18.7,84,,49.93
2020-05-02,nairobi,3.1,18.6,82,,33.43
2020-05-03,nairobi,2.7,18.9,83,,32.81
2020-05-04,nairobi,13.4,19.3,81,,40.59
2020-05-05,nairobi,7.9,19.3,84,,36.84
2020-05-06,nairobi,11.5,18.8,85,,27.18
2020-05-07,nairobi,2.7,18.7,80,,65.07
2020-05-08,nairobi,3.8,18.2,84,,40.02
2020-05-09,nairobi,4.5,18.7,84,,25.85
2020-05-10,nairobi,2.3,18.1,84,,26.99
2020-05-11,nairobi,15.8,18.3,86,,31.96
2020-05-12,nairobi,1.9,18.5,83,,24.76
2020-05-13,nairobi,1.3,19.3,78,,20.58
2020-05-14,nairobi,0.7,19.6,76,,26.54
2020-05-15,nairobi,22.9,18.1,90,,20.09
2020-05-16,nairobi,3.8,18.1,85,,27.25
2020-05-17,nairobi,0.8,18.2,83,,34.4
2020-05-18,nairobi,0.3,18.1,79,,22.17
2020-05-19,nairobi,0.4,17.6,75,,14.92
2020-05-20,nairobi,2.4,18.0,80,,11.05
2020-05-21,nairobi,1.1,17.9,80,,9.35
2020-05-22,nairobi,1.5,18.2,78,,9.07
2020-05-23,nairobi,0.0,17.8,73,,7.91
2020-05-24,nairobi,0.7,18.1,77,,6.5
2020-05-25,nairobi,0.0,18.4,73,,5.15
2020-05-26,nairobi,0.3,18.0,78,,4.15
2020-05-27,nairobi,0.4,19.1,78,,3.32
2020-05-28,nairobi,2.7,19.3,76,,2.66
2020-05-29,nairobi,0.3,18.8,76,,2.09
2020-05-30,nairobi,0.0,17.5,67,,1.62
2020-05-31,nairobi,0.0,17.2,67,,1.19
2020-06-01,nairobi,0.0,17.8,72,,0.85
2020-06-02,nairobi,1.0,17.9,71,,0.56
2020-06-03,nairobi,0.7,18.2,76,,0.37
2020-06-04,nairobi,0.1,18.5,75,,0.28
2020-06-05,nairobi,0.0,17.9,66,,0.22
2020-06-06,nairobi,0.0,18.3,69,,0.19
2020-06-07,nairobi,1.8,17.9,75,,0.16
2020-06-08,nairobi,8.0,17.0,86,,0.16
2020-06-09,nairobi,0.7,17.6,79,,5.12
2020-06-10,nairobi,7.2,16.5,87,,4.5
2020-06-11,nairobi,2.0,17.6,80,,5.15
2020-06-12,nairobi,3.0,17.7,82,,17.03
2020-06-13,nairobi,4.3,17.9,83,,14.17
2020-06-14,nairobi,10.3,17.6,84,,71.44
2020-06-15,nairobi,0.1,16.7,78,,38.81
2020-06-16,nairobi,0.1,17.2,78,,21.39
2020-06-17,nairobi,0.7,17.3,78,,13.72
2020-06-18,nairobi,0.0,17.3,71,,9.5
2020-06-19,nairobi,0.0,17.6,72,,6.96
2020-06-20,nairobi,0.1,17.6,78,,5.34
2020-06-21,nairobi,0.6,18.0,77,,4.25
2020-06-22,nairobi,0.0,18.1,76,,3.62
2020-06-23,nairobi,0.6,18.3,71,,3.46
2020-06-24,nairobi,1.8,17.9,76,,3.09
2020-06-25,nairobi,0.1,17.3,74,,2.73
2020-06-26,nairobi,0.0,17.0,74,,2.21
2020-06-27,nairobi,1.0,17.5,75,,1.7
2020-06-28,nairobi,0.0,17.9,70,,1.61
2020-06-29,nairobi,0.0,16.7,71,,1.38
2020-06-30,nairobi,0.0,16.6,64,,1.0
2020-07-01,nairobi,0.6,17.1,72,,0.67
2020-07-02,nairobi,0.5,17.1,73,,0.47
2020-07-03,nairobi,0.8,17.1,75,,0.36
2020-07-04,nairobi,0.0,17.1,71,,0.3
2020-07-05,nairobi,0.1,16.8,73,,0.25
2020-07-06,nairobi,0.3,17.6,74,,0.22
2020-07-07,nairobi,0.5,18.0,67,,0.31
2020-07-08,nairobi,0.8,17.8,71,,0.37
2020-07-09,nairobi,1.6,17.2,74,,0.3
2020-07-10,nairobi,2.3,17.3,79,,0.63
2020-07-11,nairobi,0.0,16.2,74,,0.72
2020-07-12,nairobi,0.3,18.0,71,,0.56
2020-07-13,nairobi,0.9,16.7,73,,0.39
2020-07-14,nairobi,4.2,17.3,77,,0.5
2020-07-15,nairobi,1.2,17.4,76,,0.49
2020-07-16,nairobi,4.3,16.7,81,,0.39
2020-07-17,nairobi,0.0,17.1,65,,2.79
2020-07-18,nairobi,0.1,16.0,62,,2.24
2020-07-19,nairobi,0.4,16.0,70,,1.26
2020-07-20,nairobi,0.0,16.0,73,,0.75
2020-07-21,nairobi,1.7,16.7,74,,0.49
2020-07-22,nairobi,3.7,18.0,75,,0.34
2020-07-23,nairobi,0.3,18.0,72,,0.26
2020-07-24,nairobi,0.0,17.1,73,,0.22
2020-07-25,nairobi,0.0,17.4,63,,0.17
2020-07-26,nairobi,0.0,16.3,67,,0.14
2020-07-27,nairobi,0.6,16.7,74,,0.12
2020-07-28,nairobi,0.6,16.9,76,,0.26
2020-07-29,nairobi,0.6,17.4,76,,1.0
2020-07-30,nairobi,0.3,17.1,71,,1.01
2020-07-31,nairobi,0.8,17.1,76,,0.69
2020-08-01,nairobi,0.0,17.6,72,,0.44
2020-08-02,nairobi,0.2,15.8,71,,0.3
2020-08-03,nairobi,0.0,15.8,67,,0.22
2020-08-04,nairobi,0.0,16.5,69,,0.17
2020-08-05,nairobi,0.0,16.7,72,,0.14
2020-08-06,nairobi,0.2,18.0,68,,0.11
2020-08-07,nairobi,0.1,17.9,70,,0.09
2020-08-08,nairobi,0.3,17.8,69,,0.08
2020-08-09,nairobi,0.0,17.4,66,,0.06
2020-08-10,nairobi,0.3,17.4,72,,0.06
2020-08-11,nairobi,0.8,18.8,73,,0.06
2020-08-12,nairobi,5.1,17.9,82,,0.05
2020-08-13,nairobi,3.0,18.6,81,,0.28
2020-08-14,nairobi,4.0,17.9,84,,1.11
2020-08-15,nairobi,3.2,19.2,75,,2.06
2020-08-16,nairobi,0.0,17.0,76,,1.62
2020-08-17,nairobi,1.2,17.6,75,,1.03
2020-08-18,nairobi,0.1,18.2,68,,0.73
2020-08-19,nairobi,0.6,17.7,75,,0.52
2020-08-20,nairobi,2.2,18.0,74,,0.36
2020-08-21,nairobi,3.1,17.3,75,,0.3
2020-08-22,nairobi,3.3,16.9,76,,0.58
2020-08-23,nairobi,3.8,16.6,78,,2.82
2020-08-24,nairobi,4.9,16.8,78,,2.18
2020-08-25,nairobi,1.0,17.7,73,,3.81
2020-08-26,nairobi,0.3,17.5,70,,2.39
2020-08-27,nairobi,0.6,17.9,72,,1.32
2020-08-28,nairobi,1.4,18.1,74,,0.79
2020-08-29,nairobi,0.0,18.0,69,,0.51
2020-08-30,nairobi,0.0,18.5,64,,0.35
2020-08-31,nairobi,0.0,17.8,61,,0.26
2020-09-01,nairobi,0.0,17.8,64,,0.19
2020-09-02,nairobi,0.0,17.0,63,,0.15
2020-09-03,nairobi,0.0,17.7,65,,0.12
2020-09-04,nairobi,3.8,18.2,72,,0.1
2020-09-05,nairobi,14.5,17.3,87,,0.21
2020-09-06,nairobi,18.3,16.9,90,,28.58
2020-09-07,nairobi,4.9,15.5,91,,26.61
2020-09-08,nairobi,0.8,15.9,84,,23.21
2020-09-09,nairobi,0.4,16.1,78,,12.09
2020-09-10,nairobi,0.0,16.9,73,,6.71
2020-09-11,nairobi,2.0,17.3,78,,4.35
2020-09-12,nairobi,0.6,17.5,75,,3.32
2020-09-13,nairobi,0.1,18.1,66,,2.54
2020-09-14,nairobi,0.0,18.1,67,,1.89
2020-09-15,nairobi,1.1,18.3,72,,1.32
2020-09-16,nairobi,0.0,19.2,66,,0.88
2020-09-17,nairobi,0.0,18.8,65,,0.61
2020-09-18,nairobi,0.2,17.8,68,,0.44
2020-09-19,nairobi,2.2,18.3,75,,0.34
2020-09-20,nairobi,1.3,18.2,76,,0.27
2020-09-21,nairobi,0.9,18.2,74,,0.23
2020-09-22,nairobi,0.3,18.9,73,,0.2
2020-09-23,nairobi,0.3,18.6,67,,0.19
2020-09-24,nairobi,0.8,18.6,72,,0.17
2020-09-25,nairobi,14.7,18.4,79,,0.15
2020-09-26,nairobi,7.4,17.3,84,,3.7
2020-09-27,nairobi,0.0,18.9,72,,3.17
2020-09-28,nairobi,0.2,18.3,70,,1.92
2020-09-29,nairobi,0.2,19.0,68,,1.1
2020-09-30,nairobi,1.4,19.6,72,,0.68
2020-10-01,nairobi,1.2,19.6,66,,0.46
2020-10-02,nairobi,1.7,19.5,65,,0.33
2020-10-03,nairobi,3.2,19.2,67,,0.25
2020-10-04,nairobi,0.0,19.7,58,,0.19
2020-10-05,nairobi,0.0,19.6,57,,0.16
2020-10-06,nairobi,0.0,20.5,56,,0.13
2020-10-07,nairobi,0.0,20.4,47,,0.11
2020-10-08,nairobi,0.0,20.4,55,,0.09
2020-10-09,nairobi,0.1,20.7,60,,0.09
2020-10-10,nairobi,2.1,19.9,69,,0.07
2020-10-11,nairobi,1.3,20.3,66,,0.79
2020-10-12,nairobi,0.8,20.0,63,,1.48
2020-10-13,nairobi,0.0,20.9,57,,1.12
2020-10-14,nairobi,1.3,19.8,68,,0.68
2020-10-15,nairobi,0.3,20.2,61,,0.92
2020-10-16,nairobi,10.3,19.1,70,,0.73
2020-10-17,nairobi,1.4,19.7,69,,1.09
2020-10-18,nairobi,2.1,18.4,76,,0.86
2020-10-19,nairobi,5.5,18.6,75,,1.42
2020-10-20,nairobi,12.4,18.1,82,,1.58
2020-10-21,nairobi,1.3,19.3,72,,2.03
2020-10-22,nairobi,0.0,18.9,65,,1.49
2020-10-23,nairobi,0.7,19.6,68,,0.92
2020-10-24,nairobi,0.9,20.0,70,,0.58
2020-10-25,nairobi,2.8,19.1,75,,0.38
2020-10-26,nairobi,3.7,18.0,81,,0.29
2020-10-27,nairobi,14.2,17.6,83,,6.0
2020-10-28,nairobi,5.7,18.3,81,,4.08
2020-10-29,nairobi,6.7,18.0,83,,8.44
2020-10-30,nairobi,12.7,17.4,82,,10.4
2020-10-31,nairobi,0.9,17.8,77,,16.06
2020-11-01,nairobi,1.8,18.3,75,,10.83
2020-11-02,nairobi,1.8,18.7,72,,5.5
2020-11-03,nairobi,1.3,18.2,78,,2.94
2020-11-04,nairobi,6.9,18.4,84,,2.78
2020-11-05,nairobi,13.2,18.1,89,,2.5
2020-11-06,nairobi,7.2,17.9,89,,6.24
2020-11-07,nairobi,1.7,18.8,76,,10.53
2020-11-08,nairobi,3.2,18.7,74,,8.66
2020-11-09,nairobi,3.1,18.6,82,,4.94
2020-11-10,nairobi,3.2,18.5,79,,4.04
2020-11-11,nairobi,2.8,17.7,84,,2.6
2020-11-12,nairobi,1.5,18.8,76,,3.07
2020-11-13,nairobi,3.9,18.3,83,,2.24
2020-11-14,nairobi,2.9,18.3,83,,1.38
2020-11-15,nairobi,0.9,18.7,79,,0.87
2020-11-16,nairobi,1.8,17.8,81,,0.6
2020-11-17,nairobi,1.8,18.9,77,,0.82
2020-11-18,nairobi,1.0,19.1,72,,0.76
2020-11-19,nairobi,2.9,19.2,75,,0.53
2020-11-20,nairobi,4.3,18.4,81,,0.37
2020-11-21,nairobi,0.3,19.3,72,,2.01
2020-11-22,nairobi,3.7,19.1,79,,1.65
2020-11-23,nairobi,1.3,19.3,77,,0.94
2020-11-24,nairobi,1.0,19.3,78,,0.56
2020-11-25,nairobi,0.3,19.6,71,,0.37
2020-11-26,nairobi,2.6,19.3,75,,0.26
2020-11-27,nairobi,24.5,18.5,87,,0.2
2020-11-28,nairobi,13.8,17.4,94,,0.23
2020-11-29,nairobi,3.5,17.3,87,,9.0
2020-11-30,nairobi,0.0,18.7,74,,10.94
2020-12-01,nairobi,2.2,19.1,78,,5.56
2020-12-02,nairobi,6.6,19.0,79,,2.66
2020-12-03,nairobi,0.8,18.6,80,,1.44
2020-12-04,nairobi,0.6,18.7,78,,0.84
2020-12-05,nairobi,0.2,18.8,75,,0.54
2020-12-06,nairobi,0.8,19.0,80,,0.37
2020-12-07,nairobi,0.8,19.4,74,,0.27
2020-12-08,nairobi,12.7,18.4,83,,0.21
2020-12-09,nairobi,1.3,18.4,81,,0.17
2020-12-10,nairobi,0.5,18.5,76,,0.14
2020-12-11,nairobi,0.2,18.8,72,,0.12
2020-12-12,nairobi,0.0,18.7,69,,0.1
2020-12-13,nairobi,0.3,18.5,69,,0.09
2020-12-14,nairobi,0.0,18.6,66,,0.08
2020-12-15,nairobi,0.1,18.8,66,,0.06
2020-12-16,nairobi,0.0,19.3,65,,0.05
2020-12-17,nairobi,1.1,19.4,71,,0.05
2020-12-18,nairobi,0.0,19.2,66,,0.05
2020-12-19,nairobi,0.9,19.1,69,,0.05
2020-12-20,nairobi,1.7,19.1,74,,0.03
2020-12-21,nairobi,0.3,18.9,74,,0.03
2020-12-22,nairobi,0.4,19.3,72,,0.03
2020-12-23,nairobi,0.0,19.0,70,,0.03
2020-12-24,nairobi,1.1,19.0,74,,0.03
2020-12-25,nairobi,0.2,19.8,68,,0.03
2020-12-26,nairobi,0.3,20.0,65,,0.02
2020-12-27,nairobi,0.0,19.5,63,,0.02
2020-12-28,nairobi,0.0,19.2,57,,0.02
2020-12-29,nairobi,0.0,19.2,61,,0.02
2020-12-30,nairobi,0.0,19.7,66,,0.02
2020-12-31,nairobi,4.0,19.0,79,,0.02
2021-01-01,nairobi,4.4,17.7,83,,3.07
2021-01-02,nairobi,0.7,19.1,72,,2.71
2021-01-03,nairobi,0.3,19.8,66,,1.47
2021-01-04,nairobi,0.0,19.3,63,,0.85
2021-01-05,nairobi,0.1,19.3,67,,0.53
2021-01-06,nairobi,0.4,19.9,65,,0.36
2021-01-07,nairobi,0.0,19.8,62,,0.26
2021-01-08,nairobi,0.2,19.4,65,,0.2
2021-01-09,nairobi,7.3,18.6,79,,0.16
2021-01-10,nairobi,14.4,18.1,83,,4.71
2021-01-11,nairobi,2.1,18.0,82,,14.31
2021-01-12,nairobi,1.1,17.9,77,,17.71
2021-01-13,nairobi,0.0,18.7,68,,9.26
2021-01-14,nairobi,0.0,19.3,61,,4.75
2021-01-15,nairobi,0.0,19.3,65,,2.67
2021-01-16,nairobi,0.4,19.1,68,,1.59
2021-01-17,nairobi,0.3,19.5,65,,0.97
2021-01-18,nairobi,3.2,20.0,69,,0.63
2021-01-19,nairobi,3.9,20.0,67,,0.44
2021-01-20,nairobi,0.0,19.9,55,,0.33
2021-01-21,nairobi,0.0,19.5,62,,0.25
2021-01-22,nairobi,2.2,19.0,76,,0.2
2021-01-23,nairobi,4.2,18.2,82,,0.16
2021-01-24,nairobi,0.5,19.1,71,,0.23
2021-01-25,nairobi,2.5,18.7,74,,0.2
2021-01-26,nairobi,0.1,19.0,63,,0.16
2021-01-27,nairobi,0.0,19.2,61,,0.12
2021-01-28,nairobi,0.0,19.7,63,,0.11
2021-01-29,nairobi,0.5,19.6,67,,0.09
2021-01-30,nairobi,0.0,19.7,66,,0.08
2021-01-31,nairobi,0.0,19.3,58,,0.06
2021-02-01,nairobi,0.0,19.1,51,,0.06
2021-02-02,nairobi,0.0,20.2,53,,0.03
2021-02-03,nairobi,0.1,20.8,57,,0.03
2021-02-04,nairobi,0.0,20.9,54,,0.03
2021-02-05,nairobi,0.0,20.8,54,,0.03
2021-02-06,nairobi,2.9,20.3,69,,0.03
2021-02-07,nairobi,6.6,19.4,79,,12.49
2021-02-08,nairobi,18.5,17.9,88,,12.96
2021-02-09,nairobi,2.3,18.4,82,,16.06
2021-02-10,nairobi,6.0,18.6,81,,8.1
2021-02-11,nairobi,3.5,18.5,80,,3.88
2021-02-12,nairobi,23.8,18.9,81,,4.53
2021-02-13,nairobi,21.6,18.6,87,,4.94
2021-02-14,nairobi,1.3,19.2,79,,15.41
2021-02-15,nairobi,0.0,19.8,71,,8.4
2021-02-16,nairobi,0.0,20.3,66,,4.04
2021-02-17,nairobi,0.0,19.6,66,,2.25
2021-02-18,nairobi,0.0,19.6,63,,1.34
2021-02-19,nairobi,0.0,20.0,57,,0.85
2021-02-20,nairobi,0.2,19.8,58,,0.56
2021-02-21,nairobi,3.7,19.4,73,,0.41
2021-02-22,nairobi,10.1,18.4,84,,12.8
2021-02-23,nairobi,1.4,19.5,72,,15.63
2021-02-24,nairobi,0.1,19.4,66,,12.0
2021-02-25,nairobi,0.0,19.5,63,,6.41
2021-02-26,nairobi,0.0,19.8,54,,3.5
2021-02-27,nairobi,0.0,20.3,49,,2.16
2021-02-28,nairobi,0.0,21.2,38,,1.4
2021-03-01,nairobi,0.0,20.5,52,,0.94
2021-03-02,nairobi,0.0,20.4,56,,0.63
2021-03-03,nairobi,0.0,20.9,55,,0.44
2021-03-04,nairobi,0.4,19.8,67,,0.28
2021-03-05,nairobi,2.4,20.0,71,,0.22
2021-03-06,nairobi,0.9,20.7,63,,0.78
2021-03-07,nairobi,0.0,20.6,55,,0.78
2021-03-08,nairobi,0.0,20.7,58,,0.5
2021-03-09,nairobi,0.0,20.6,56,,0.34
2021-03-10,nairobi,0.0,19.9,55,,0.25
2021-03-11,nairobi,0.0,20.5,49,,0.19
2021-03-12,nairobi,0.0,20.3,50,,0.12
2021-03-13,nairobi,0.0,20.3,51,,0.09
2021-03-14,nairobi,0.0,20.4,54,,0.09
2021-03-15,nairobi,0.1,20.3,56,,0.06
2021-03-16,nairobi,3.4,19.2,70,,0.06
2021-03-17,nairobi,0.7,19.2,68,,0.03
2021-03-18,nairobi,0.0,19.9,62,,0.03
2021-03-19,nairobi,0.1,19.8,64,,0.03
2021-03-20,nairobi,1.4,19.6,70,,0.03
2021-03-21,nairobi,2.7,18.9,75,,0.03
2021-03-22,nairobi,0.8,19.3,69,,0.31
2021-03-23,nairobi,2.5,19.6,72,,0.28
2021-03-24,nairobi,0.7,19.7,66,,0.19
2021-03-25,nairobi,0.2,20.9,55,,0.16
2021-03-26,nairobi,0.0,20.2,57,,0.09
2021-03-27,nairobi,0.0,20.1,53,,0.06
2021-03-28,nairobi,0.1,20.4,60,,0.06
2021-03-29,nairobi,1.8,20.3,67,,0.03
2021-03-30,nairobi,2.0,19.6,72,,0.03
2021-03-31,nairobi,2.0,20.1,66,,0.06
2021-04-01,nairobi,2.8,20.2,69,,0.47
2021-04-02,nairobi,2.3,20.4,69,,0.44
2021-04-03,nairobi,1.9,20.6,68,,0.31
2021-04-04,nairobi,5.0,19.3,81,,0.53
2021-04-05,nairobi,20.5,19.1,81,,5.59
2021-04-06,nairobi,32.5,18.6,84,,15.14
2021-04-07,nairobi,2.7,19.2,77,,11.5
2021-04-08,nairobi,24.7,18.6,83,,5.97
2021-04-09,nairobi,2.1,18.9,80,,24.59
2021-04-10,nairobi,5.5,18.8,80,,18.14
2021-04-11,nairobi,6.3,18.8,81,,13.03
2021-04-12,nairobi,3.8,19.2,77,,8.1
2021-04-13,nairobi,3.5,18.8,83,,5.19
2021-04-14,nairobi,1.5,19.2,79,,4.0
2021-04-15,nairobi,3.3,18.4,80,,3.41
2021-04-16,nairobi,1.1,19.1,74,,2.53
2021-04-17,nairobi,0.9,19.2,74,,1.72
2021-04-18,nairobi,10.2,18.9,79,,1.78
2021-04-19,nairobi,4.8,18.7,81,,3.69
2021-04-20,nairobi,6.3,18.6,80,,2.47
2021-04-21,nairobi,8.5,18.6,84,,3.47
2021-04-22,nairobi,3.2,18.9,79,,2.91
2021-04-23,nairobi,9.6,18.6,84,,3.0
2021-04-24,nairobi,3.0,19.0,85,,3.25
2021-04-25,nairobi,11.4,18.1,88,,2.69
2021-04-26,nairobi,1.5,18.6,77,,1.75
2021-04-27,nairobi,2.1,18.6,80,,1.31
2021-04-28,nairobi,7.1,19.2,80,,0.94
2021-04-29,nairobi,33.5,19.1,79,,2.56
2021-04-30,nairobi,1.8,19.3,77,,2.31
2021-05-01,nairobi,1.6,18.8,79,,1.38
2021-05-02,nairobi,2.5,19.3,77,,0.85
2021-05-03,nairobi,28.6,18.7,86,,0.69
2021-05-04,nairobi,6.4,19.0,82,,3.94
2021-05-05,nairobi,5.5,18.3,86,,7.04
2021-05-06,nairobi,1.2,18.3,80,,10.51
2021-05-07,nairobi,9.3,18.2,83,,5.93
2021-05-08,nairobi,19.5,19.0,82,,28.24
2021-05-09,nairobi,3.1,18.5,83,,52.58
2021-05-10,nairobi,9.5,17.4,87,,30.7
2021-05-11,nairobi,8.7,17.1,89,,26.16
2021-05-12,nairobi,7.3,17.3,88,,40.4
2021-05-13,nairobi,15.6,18.2,86,,31.96
2021-05-14,nairobi,6.9,18.1,82,,24.64
2021-05-15,nairobi,0.3,18.3,74,,14.21
2021-05-16,nairobi,0.6,18.0,77,,9.16
2021-05-17,nairobi,0.7,18.6,76,,6.5
2021-05-18,nairobi,0.9,18.7,78,,5.0
2021-05-19,nairobi,0.2,18.5,75,,3.88
2021-05-20,nairobi,0.0,18.3,75,,3.0
2021-05-21,nairobi,0.0,18.3,76,,2.31
2021-05-22,nairobi,0.0,17.6,74,,1.75
2021-05-23,nairobi,0.5,18.5,72,,1.28
2021-05-24,nairobi,5.3,18.3,79,,0.91
2021-05-25,nairobi,1.2,18.0,79,,1.16
2021-05-26,nairobi,0.0,17.2,74,,1.06
2021-05-27,nairobi,0.0,17.4,74,,0.75
2021-05-28,nairobi,0.6,17.9,76,,0.5
2021-05-29,nairobi,2.4,18.4,77,,0.34
2021-05-30,nairobi,3.3,17.8,81,,0.31
2021-05-31,nairobi,0.3,17.6,76,,0.28
2021-06-01,nairobi,0.3,17.0,74,,0.22
2021-06-02,nairobi,0.0,17.3,70,,0.19
2021-06-03,nairobi,0.3,17.6,76,,0.16
2021-06-04,nairobi,1.1,17.6,78,,0.12
2021-06-05,nairobi,0.1,17.2,77,,0.12
2021-06-06,nairobi,1.1,17.5,72,,0.09
2021-06-07,nairobi,0.2,16.5,74,,0.09
2021-06-08,nairobi,0.2,16.3,74,,0.09
2021-06-09,nairobi,4.1,16.8,82,,0.06
2021-06-10,nairobi,0.0,16.9,76,,0.06
2021-06-11,nairobi,0.0,17.1,73,,0.06
2021-06-12,nairobi,0.0,16.5,76,,0.06
2021-06-13,nairobi,0.3,16.2,76,,0.06
2021-06-14,nairobi,0.1,17.0,74,,0.06
2021-06-15,nairobi,0.8,17.2,78,,0.03
2021-06-16,nairobi,0.6,17.8,77,,0.03
2021-06-17,nairobi,0.5,17.1,78,,0.03
2021-06-18,nairobi,0.1,17.6,73,,0.12
2021-06-19,nairobi,1.2,17.6,77,,0.22
2021-06-20,nairobi,0.0,16.7,72,,0.22
2021-06-21,nairobi,0.0,16.4,67,,0.22
2021-06-22,nairobi,2.5,16.6,75,,0.16
2021-06-23,nairobi,0.7,15.9,77,,1.16
2021-06-24,nairobi,0.0,16.4,72,,1.03
2021-06-25,nairobi,0.4,15.9,77,,0.63
2021-06-26,nairobi,1.3,17.1,78,,0.41
2021-06-27,nairobi,0.6,16.2,81,,0.28
2021-06-28,nairobi,1.1,16.5,72,,0.22
2021-06-29,nairobi,0.4,16.8,72,,0.17
2021-06-30,nairobi,0.3,16.8,73,,0.12
2021-07-01,nairobi,0.2,17.4,72,,0.11
2021-07-02,nairobi,0.0,16.8,76,,0.09
2021-07-03,nairobi,0.0,16.5,76,,0.08
2021-07-04,nairobi,0.0,16.7,71,,0.06
2021-07-05,nairobi,0.0,15.7,76,,0.05
2021-07-06,nairobi,0.0,16.2,74,,0.05
2021-07-07,nairobi,0.0,16.8,67,,0.03
2021-07-08,nairobi,1.5,16.4,74,,0.02
2021-07-09,nairobi,1.6,16.3,79,,0.03
2021-07-10,nairobi,0.1,15.8,72,,0.66
2021-07-11,nairobi,0.2,15.7,73,,0.67
2021-07-12,nairobi,3.7,14.9,80,,1.23
2021-07-13,nairobi,0.4,16.6,74,,1.03
2021-07-14,nairobi,0.8,17.7,73,,0.87
2021-07-15,nairobi,1.8,17.4,74,,0.63
2021-07-16,nairobi,0.1,17.9,69,,2.34
2021-07-17,nairobi,0.0,16.0,68,,2.86
2021-07-18,nairobi,0.0,16.9,66,,1.69
2021-07-19,nairobi,0.0,17.1,68,,0.97
2021-07-20,nairobi,0.0,16.5,73,,0.59
2021-07-21,nairobi,0.2,16.9,68,,0.39
2021-07-22,nairobi,0.0,17.1,68,,0.28
2021-07-23,nairobi,1.0,17.6,73,,0.2
2021-07-24,nairobi,0.0,18.0,61,,0.16
2021-07-25,nairobi,0.0,16.6,65,,0.12
2021-07-26,nairobi,0.0,16.5,64,,0.09
2021-07-27,nairobi,0.0,16.1,67,,0.08
2021-07-28,nairobi,0.0,16.1,70,,0.06
2021-07-29,nairobi,0.5,15.2,79,,0.06
2021-07-30,nairobi,0.6,16.3,73,,0.09
2021-07-31,nairobi,0.0,16.4,63,,0.09
2021-08-01,nairobi,0.2,16.3,68,,0.06
2021-08-02,nairobi,0.6,16.6,70,,0.05
2021-08-03,nairobi,0.0,16.4,70,,0.03
2021-08-04,nairobi,0.0,16.0,71,,0.03
2021-08-05,nairobi,0.5,16.9,71,,0.02
2021-08-06,nairobi,0.0,15.8,74,,0.02
2021-08-07,nairobi,0.6,17.1,75,,0.02
2021-08-08,nairobi,0.0,16.8,76,,0.02
2021-08-09,nairobi,4.2,18.0,77,,0.02
2021-08-10,nairobi,25.9,17.4,85,,0.87
2021-08-11,nairobi,3.9,16.5,85,,9.84
2021-08-12,nairobi,2.1,16.5,80,,9.74
2021-08-13,nairobi,0.5,15.9,77,,4.81
2021-08-14,nairobi,0.3,16.1,75,,2.34
2021-08-15,nairobi,0.1,17.0,67,,1.31
2021-08-16,nairobi,0.3,16.3,74,,0.81
2021-08-17,nairobi,0.0,17.2,71,,0.56
2021-08-18,nairobi,1.2,16.9,75,,0.42
2021-08-19,nairobi,2.0,16.3,81,,0.33
2021-08-20,nairobi,3.7,16.7,78,,0.3
2021-08-21,nairobi,0.0,18.1,68,,0.39
2021-08-22,nairobi,3.5,18.6,66,,0.34
2021-08-23,nairobi,0.2,18.3,59,,0.25
2021-08-24,nairobi,0.0,17.1,60,,0.19
2021-08-25,nairobi,0.0,17.7,60,,0.14
2021-08-26,nairobi,0.0,16.6,59,,0.11
2021-08-27,nairobi,0.0,17.0,55,,0.09
2021-08-28,nairobi,0.0,18.5,53,,0.07
2021-08-29,nairobi,0.0,19.6,49,,0.06
2021-08-30,nairobi,0.3,19.2,63,,0.05
2021-08-31,nairobi,0.3,18.9,71,,0.04
2021-09-01,nairobi,1.0,18.6,70,,0.43
2021-09-02,nairobi,1.6,18.6,70,,0.5
2021-09-03,nairobi,1.9,17.9,71,,0.36
2021-09-04,nairobi,0.3,17.6,69,,0.39
2021-09-05,nairobi,0.1,17.6,66,,0.35
2021-09-06,nairobi,0.6,17.8,70,,0.26
2021-09-07,nairobi,1.1,17.7,71,,0.33
2021-09-08,nairobi,0.3,18.7,64,,0.3
2021-09-09,nairobi,2.6,18.2,73,,0.22
2021-09-10,nairobi,2.7,17.6,71,,0.29
2021-09-11,nairobi,0.1,16.9,65,,0.37
2021-09-12,nairobi,0.3,17.8,65,,0.31
2021-09-13,nairobi,0.5,18.5,63,,0.23
2021-09-14,nairobi,0.0,18.7,64,,0.16
2021-09-15,nairobi,0.2,18.3,68,,0.12
2021-09-16,nairobi,0.8,18.4,71,,0.09
2021-09-17,nairobi,0.0,19.6,67,,0.08
2021-09-18,nairobi,1.7,18.9,72,,0.55
2021-09-19,nairobi,0.0,19.1,59,,7.02
2021-09-20,nairobi,0.0,18.4,58,,4.33
2021-09-21,nairobi,0.5,18.9,68,,2.05
2021-09-22,nairobi,0.4,18.6,66,,1.12
2021-09-23,nairobi,0.1,18.3,64,,0.69
2021-09-24,nairobi,0.6,18.5,65,,0.46
2021-09-25,nairobi,0.5,18.8,64,,0.33
2021-09-26,nairobi,0.4,18.9,65,,0.24
2021-09-27,nairobi,0.2,19.0,59,,0.19
2021-09-28,nairobi,0.1,19.0,58,,0.15
2021-09-29,nairobi,0.0,19.8,56,,0.12
2021-09-30,nairobi,0.7,20.5,64,,0.09
2021-10-01,nairobi,0.6,19.8,63,,0.08
2021-10-02,nairobi,0.0,20.4,55,,0.07
2021-10-03,nairobi,0.5,19.9,59,,0.06
2021-10-04,nairobi,0.7,20.0,64,,0.05
2021-10-05,nairobi,0.0,20.2,61,,0.04
2021-10-06,nairobi,0.0,20.3,52,,0.03
2021-10-07,nairobi,0.0,20.7,52,,0.03
2021-10-08,nairobi,0.4,20.5,62,,0.02
2021-10-09,nairobi,1.1,19.8,70,,0.02
2021-10-10,nairobi,0.7,19.9,68,,0.02
2021-10-11,nairobi,1.0,19.7,66,,0.02
2021-10-12,nairobi,0.0,20.2,54,,0.02
2021-10-13,nairobi,0.2,18.6,62,,0.02
2021-10-14,nairobi,0.6,20.7,60,,0.02
2021-10-15,nairobi,0.0,20.7,53,,0.02
2021-10-16,nairobi,1.0,20.3,62,,0.02
2021-10-17,nairobi,4.1,19.5,70,,0.02
2021-10-18,nairobi,0.0,20.0,63,,0.12
2021-10-19,nairobi,1.4,20.4,63,,0.12
2021-10-20,nairobi,3.8,18.6,74,,0.15
2021-10-21,nairobi,1.4,19.3,69,,0.43
2021-10-22,nairobi,0.7,20.0,62,,0.45
2021-10-23,nairobi,0.6,20.3,63,,0.32
2021-10-24,nairobi,0.0,20.8,57,,0.23
2021-10-25,nairobi,1.0,20.7,59,,0.19
2021-10-26,nairobi,1.1,20.7,60,,0.14
2021-10-27,nairobi,2.1,20.0,66,,0.11
2021-10-28,nairobi,0.4,20.3,58,,0.09
2021-10-29,nairobi,0.0,20.1,60,,0.08
2021-10-30,nairobi,3.6,18.6,73,,0.07
2021-10-31,nairobi,0.7,20.0,63,,0.05
2021-11-01,nairobi,0.0,20.4,58,,0.05
2021-11-02,nairobi,0.2,20.0,62,,0.05
2021-11-03,nairobi,0.5,20.2,60,,0.04
2021-11-04,nairobi,0.7,20.4,64,,0.04
2021-11-05,nairobi,0.2,20.0,62,,0.05
2021-11-06,nairobi,0.3,20.4,59,,0.19
2021-11-07,nairobi,0.3,20.9,52,,0.21
2021-11-08,nairobi,0.0,20.5,48,,0.16
2021-11-09,nairobi,0.2,20.2,55,,0.12
2021-11-10,nairobi,7.6,18.9,72,,0.09
2021-11-11,nairobi,0.3,20.2,64,,0.08
2021-11-12,nairobi,0.2,20.2,58,,0.06
2021-11-13,nairobi,0.0,19.9,63,,0.05
2021-11-14,nairobi,1.9,19.8,68,,0.05
2021-11-15,nairobi,1.9,19.8,69,,0.15
2021-11-16,nairobi,3.0,19.6,72,,0.16
2021-11-17,nairobi,0.7,19.5,67,,0.86
2021-11-18,nairobi,0.6,20.1,62,,0.79
2021-11-19,nairobi,0.6,20.5,64,,0.49
2021-11-20,nairobi,0.5,19.7,70,,0.33
2021-11-21,nairobi,1.4,19.3,73,,2.75
2021-11-22,nairobi,0.9,19.7,67,,2.47
2021-11-23,nairobi,0.0,20.5,53,,1.38
2021-11-24,nairobi,0.0,21.1,53,,0.8
2021-11-25,nairobi,0.6,21.0,57,,0.5
2021-11-26,nairobi,2.0,20.1,66,,0.34
2021-11-27,nairobi,10.2,18.0,79,,0.87
2021-11-28,nairobi,5.6,17.7,82,,17.88
2021-11-29,nairobi,3.3,18.6,79,,12.06
2021-11-30,nairobi,6.8,16.7,89,,9.69
2021-12-01,nairobi,0.3,18.2,76,,9.94
2021-12-02,nairobi,3.2,17.5,85,,4.71
2021-12-03,nairobi,8.4,17.2,84,,3.0
2021-12-04,nairobi,3.0,17.9,82,,8.29
2021-12-05,nairobi,3.2,18.0,79,,5.47
2021-12-06,nairobi,1.8,18.5,76,,2.91
2021-12-07,nairobi,2.9,18.9,76,,1.61
2021-12-08,nairobi,3.5,19.2,77,,1.0
2021-12-09,nairobi,2.7,19.0,76,,0.91
2021-12-10,nairobi,2.7,18.6,77,,0.67
2021-12-11,nairobi,1.7,18.5,72,,0.49
2021-12-12,nairobi,0.3,17.9,73,,0.36
2021-12-13,nairobi,2.8,17.9,78,,0.26
2021-12-14,nairobi,4.0,17.7,84,,0.2
2021-12-15,nairobi,3.9,18.0,84,,2.62
2021-12-16,nairobi,3.3,18.5,81,,5.43
2021-12-17,nairobi,1.7,18.4,79,,2.85
2021-12-18,nairobi,2.7,18.5,79,,1.45
2021-12-19,nairobi,4.5,18.1,84,,0.85
2021-12-20,nairobi,2.0,19.2,79,,0.73
2021-12-21,nairobi,8.0,18.0,87,,0.52
2021-12-22,nairobi,3.3,18.5,81,,0.95
2021-12-23,nairobi,4.3,18.6,82,,0.94
2021-12-24,nairobi,2.7,18.9,80,,0.69
2021-12-25,nairobi,2.5,18.6,82,,0.47
2021-12-26,nairobi,8.6,17.8,85,,1.08
2021-12-27,nairobi,10.0,18.4,79,,3.92
2021-12-28,nairobi,2.0,18.4,80,,2.36
2021-12-29,nairobi,0.1,18.6,75,,1.25
2021-12-30,nairobi,0.4,19.4,71,,0.73
2021-12-31,nairobi,0.0,19.0,67,,0.47
2022-01-01,nairobi,0.0,18.7,69,,0.33
2022-01-02,nairobi,0.0,19.4,67,,0.25
2022-01-03,nairobi,0.0,18.7,64,,0.19
2022-01-04,nairobi,0.0,18.9,62,,0.14
2022-01-05,nairobi,0.0,19.0,65,,0.12
2022-01-06,nairobi,2.5,19.2,74,,0.09
2022-01-07,nairobi,0.5,19.1,73,,0.09
2022-01-08,nairobi,0.9,19.3,73,,0.06
2022-01-09,nairobi,0.6,18.8,69,,0.06
2022-01-10,nairobi,0.2,19.3,69,,0.06
2022-01-11,nairobi,0.0,18.5,66,,0.03
2022-01-12,nairobi,0.0,18.2,64,,0.03
2022-01-13,nairobi,0.0,18.8,59,,0.03
2022-01-14,nairobi,0.0,19.8,52,,0.03
2022-01-15,nairobi,0.4,19.3,67,,0.02
2022-01-16,nairobi,0.2,20.0,67,,0.05
2022-01-17,nairobi,4.5,18.2,78,,2.18
2022-01-18,nairobi,11.6,18.2,76,,18.68
2022-01-19,nairobi,0.2,19.2,67,,10.78
2022-01-20,nairobi,0.0,19.2,64,,4.97
2022-01-21,nairobi,0.1,18.9,70,,2.42
2022-01-22,nairobi,0.1,19.1,67,,1.34
2022-01-23,nairobi,0.0,19.2,57,,0.85
2022-01-24,nairobi,0.0,19.5,62,,0.56
2022-01-25,nairobi,0.0,19.8,56,,0.41
2022-01-26,nairobi,0.0,18.8,56,,0.3
2022-01-27,nairobi,0.0,19.0,57,,0.23
2022-01-28,nairobi,0.0,20.2,54,,0.17
2022-01-29,nairobi,0.3,20.5,61,,0.14
2022-01-30,nairobi,0.1,20.0,64,,0.11
2022-01-31,nairobi,0.3,19.8,66,,1.2
2022-02-01,nairobi,1.1,20.2,65,,1.28
2022-02-02,nairobi,2.2,19.7,70,,2.17
2022-02-03,nairobi,1.9,19.5,72,,1.81
2022-02-04,nairobi,0.7,19.9,65,,1.08
2022-02-05,nairobi,0.1,20.5,57,,0.66
2022-02-06,nairobi,0.3,20.7,59,,0.44
2022-02-07,nairobi,0.5,19.4,63,,0.3
2022-02-08,nairobi,0.0,19.8,60,,0.22
2022-02-09,nairobi,0.0,19.8,50,,0.17
2022-02-10,nairobi,0.1,20.5,50,,0.12
2022-02-11,nairobi,0.0,20.5,54,,0.11
2022-02-12,nairobi,0.1,20.8,59,,0.08
2022-02-13,nairobi,0.0,20.8,60,,0.06
2022-02-14,nairobi,0.0,21.4,54,,0.05
2022-02-15,nairobi,0.0,20.6,54,,0.03
2022-02-16,nairobi,0.0,21.1,53,,0.03
2022-02-17,nairobi,0.0,21.5,50,,0.03
2022-02-18,nairobi,0.3,21.5,53,,0.02
2022-02-19,nairobi,0.3,21.3,59,,0.03
2022-02-20,nairobi,0.0,21.6,51,,0.09
2022-02-21,nairobi,0.7,20.6,56,,0.09
2022-02-22,nairobi,1.3,19.8,68,,0.06
2022-02-23,nairobi,1.2,19.3,72,,19.51
2022-02-24,nairobi,1.2,18.7,77,,17.45
2022-02-25,nairobi,3.1,19.1,72,,8.73
2022-02-26,nairobi,0.0,19.9,63,,4.15
2022-02-27,nairobi,0.0,20.5,54,,2.22
2022-02-28,nairobi,0.0,20.5,52,,1.31
2022-03-01,nairobi,0.1,20.0,60,,0.81
2022-03-02,nairobi,0.1,19.7,62,,0.53
2022-03-03,nairobi,0.0,20.6,47,,0.37
2022-03-04,nairobi,0.0,20.8,48,,0.28
2022-03-05,nairobi,0.0,20.7,46,,0.22
2022-03-06,nairobi,0.0,20.6,51,,0.16
2022-03-07,nairobi,0.0,21.1,56,,0.12
2022-03-08,nairobi,0.0,21.7,56,,0.12
2022-03-09,nairobi,0.0,21.0,55,,0.09
2022-03-10,nairobi,0.0,21.0,52,,0.06
2022-03-11,nairobi,0.0,20.9,52,,0.06
2022-03-12,nairobi,0.0,21.0,49,,0.03
2022-03-13,nairobi,0.0,21.3,43,,0.03
2022-03-14,nairobi,0.0,21.6,47,,0.03
2022-03-15,nairobi,0.0,21.8,48,,0.03
2022-03-16,nairobi,0.0,22.3,47,,0.03
2022-03-17,nairobi,0.0,21.9,48,,0.03
2022-03-18,nairobi,0.0,20.9,56,,0.03
2022-03-19,nairobi,0.0,20.9,56,,0.03
2022-03-20,nairobi,0.1,21.6,54,,0.03
2022-03-21,nairobi,0.6,21.4,56,,0.03
2022-03-22,nairobi,0.2,20.9,57,,0.03
2022-03-23,nairobi,0.0,20.7,54,,0.03
2022-03-24,nairobi,0.1,21.3,56,,0.03
2022-03-25,nairobi,0.1,22.0,54,,0.03
2022-03-26,nairobi,1.2,21.0,66,,0.03
2022-03-27,nairobi,0.5,20.2,69,,0.03
2022-03-28,nairobi,1.0,19.9,73,,0.03
2022-03-29,nairobi,0.7,20.0,72,,0.03
2022-03-30,nairobi,0.4,19.9,70,,0.03
2022-03-31,nairobi,4.4,19.4,73,,0.63
2022-04-01,nairobi,8.7,18.7,79,,0.53
2022-04-02,nairobi,2.5,18.9,75,,1.16
2022-04-03,nairobi,0.3,19.2,71,,1.72
2022-04-04,nairobi,0.4,19.6,69,,1.06
2022-04-05,nairobi,0.2,20.4,62,,0.63
2022-04-06,nairobi,1.1,19.7,65,,0.41
2022-04-07,nairobi,1.0,19.3,63,,0.28
2022-04-08,nairobi,0.0,19.6,62,,0.22
2022-04-09,nairobi,0.0,19.4,65,,0.16
2022-04-10,nairobi,2.4,19.7,68,,0.12
2022-04-11,nairobi,0.0,20.3,59,,0.09
2022-04-12,nairobi,0.6,20.4,59,,0.09
2022-04-13,nairobi,1.9,20.8,67,,0.06
2022-04-14,nairobi,1.8,20.3,72,,0.06
2022-04-15,nairobi,1.1,20.3,68,,0.28
2022-04-16,nairobi,1.0,20.6,65,,0.31
2022-04-17,nairobi,9.9,20.0,70,,0.22
2022-04-18,nairobi,1.6,19.4,78,,2.44
2022-04-19,nairobi,2.0,20.2,72,,1.75
2022-04-20,nairobi,6.6,19.3,76,,2.47
2022-04-21,nairobi,9.2,19.1,79,,7.41
2022-04-22,nairobi,5.4,19.1,80,,11.53
2022-04-23,nairobi,4.9,19.0,81,,15.87
2022-04-24,nairobi,4.2,18.7,80,,17.66
2022-04-25,nairobi,1.4,19.3,77,,8.59
2022-04-26,nairobi,2.7,18.7,81,,4.47
2022-04-27,nairobi,5.9,18.4,83,,2.91
2022-04-28,nairobi,11.0,17.9,86,,2.13
2022-04-29,nairobi,4.2,18.4,80,,9.62
2022-04-30,nairobi,2.8,19.1,78,,6.66
2022-05-01,nairobi,3.5,18.9,79,,3.32
2022-05-02,nairobi,3.0,18.8,76,,2.03
2022-05-03,nairobi,4.5,18.5,81,,1.31
2022-05-04,nairobi,4.1,17.9,80,,1.59
2022-05-05,nairobi,1.5,17.5,83,,1.16
2022-05-06,nairobi,2.6,17.8,81,,1.59
2022-05-07,nairobi,1.5,18.6,79,,1.25
2022-05-08,nairobi,0.8,18.8,74,,1.09
2022-05-09,nairobi,0.3,19.2,75,,0.81
2022-05-10,nairobi,0.7,19.3,74,,0.53
2022-05-11,nairobi,0.3,19.7,72,,0.37
2022-05-12,nairobi,0.0,19.1,70,,0.25
2022-05-13,nairobi,0.0,18.8,68,,0.19
2022-05-14,nairobi,0.0,19.5,68,,0.16
2022-05-15,nairobi,0.2,18.8,67,,0.12
2022-05-16,nairobi,0.6,18.6,69,,0.09
2022-05-17,nairobi,0.6,18.4,71,,0.09
2022-05-18,nairobi,0.5,18.5,71,,0.06
2022-05-19,nairobi,0.0,18.0,70,,0.06
2022-05-20,nairobi,0.6,18.6,69,,0.06
2022-05-21,nairobi,0.0,18.8,67,,0.03
2022-05-22,nairobi,0.4,19.6,69,,0.03
2022-05-23,nairobi,0.0,19.9,64,,0.03
2022-05-24,nairobi,0.0,19.4,65,,0.03
2022-05-25,nairobi,0.3,19.6,69,,0.03
2022-05-26,nairobi,0.1,18.9,70,,0.44
2022-05-27,nairobi,0.9,19.0,73,,0.78
2022-05-28,nairobi,1.1,18.7,74,,3.35
2022-05-29,nairobi,1.8,18.6,73,,2.34
2022-05-30,nairobi,0.5,18.0,70,,1.22
2022-05-31,nairobi,0.2,18.4,69,,0.72
2022-06-01,nairobi,1.4,18.6,70,,0.44
2022-06-02,nairobi,4.9,18.2,71,,0.31
2022-06-03,nairobi,0.2,17.3,68,,0.22
2022-06-04,nairobi,0.0,17.5,64,,0.19
2022-06-05,nairobi,0.2,17.3,66,,0.12
2022-06-06,nairobi,0.5,17.8,71,,0.09
2022-06-07,nairobi,3.2,17.7,72,,0.09
2022-06-08,nairobi,0.2,18.6,65,,0.06
2022-06-09,nairobi,0.1,18.2,65,,0.06
2022-06-10,nairobi,0.3,17.3,69,,0.06
2022-06-11,nairobi,0.0,18.2,67,,0.03
2022-06-12,nairobi,0.2,18.4,66,,0.03
2022-06-13,nairobi,0.0,17.7,69,,0.03
2022-06-14,nairobi,0.1,18.6,64,,0.03
2022-06-15,nairobi,0.0,17.7,68,,0.0
2022-06-16,nairobi,0.2,17.8,67,,0.0
2022-06-17,nairobi,0.8,17.0,67,,0.0
2022-06-18,nairobi,0.0,17.6,65,,0.0
2022-06-19,nairobi,0.3,17.1,70,,0.0
2022-06-20,nairobi,0.1,17.2,69,,0.0
2022-06-21,nairobi,0.0,16.7,66,,0.0
2022-06-22,nairobi,0.0,17.2,64,,0.0
2022-06-23,nairobi,1.6,16.8,72,,0.0
2022-06-24,nairobi,2.1,17.4,71,,0.03
2022-06-25,nairobi,0.0,17.2,69,,0.03
2022-06-26,nairobi,0.5,18.0,66,,0.03
2022-06-27,nairobi,0.3,17.5,65,,0.02
2022-06-28,nairobi,0.0,16.6,64,,0.02
2022-06-29,nairobi,0.0,15.4,68,,0.02
2022-06-30,nairobi,0.8,17.2,66,,0.02
2022-07-01,nairobi,0.1,15.4,71,,0.02
2022-07-02,nairobi,0.0,17.3,62,,0.02
2022-07-03,nairobi,0.0,16.3,61,,0.02
2022-07-04,nairobi,0.0,16.1,57,,0.02
2022-07-05,nairobi,0.0,16.0,68,,0.02
2022-07-06,nairobi,0.0,17.6,60,,0.02
2022-07-07,nairobi,0.0,16.0,70,,0.02
2022-07-08,nairobi,1.8,15.6,76,,0.02
2022-07-09,nairobi,0.8,15.4,75,,0.16
2022-07-10,nairobi,0.0,16.6,66,,0.23
2022-07-11,nairobi,1.6,16.8,69,,0.2
2022-07-12,nairobi,1.7,15.6,78,,0.16
2022-07-13,nairobi,0.5,17.3,62,,0.25
2022-07-14,nairobi,0.3,16.2,71,,0.25
2022-07-15,nairobi,0.0,17.4,70,,0.19
2022-07-16,nairobi,0.2,17.1,68,,0.16
2022-07-17,nairobi,0.1,15.7,71,,0.14
2022-07-18,nairobi,0.8,17.0,65,,0.11
2022-07-19,nairobi,0.3,16.2,69,,0.08
2022-07-20,nairobi,0.4,15.7,73,,0.06
2022-07-21,nairobi,0.7,16.7,67,,0.14
2022-07-22,nairobi,0.5,16.2,70,,0.16
2022-07-23,nairobi,0.0,16.0,68,,0.14
2022-07-24,nairobi,0.0,17.0,68,,0.12
2022-07-25,nairobi,0.0,16.8,68,,0.09
2022-07-26,nairobi,0.3,16.8,66,,0.08
2022-07-27,nairobi,0.0,16.6,66,,0.06
2022-07-28,nairobi,0.2,17.1,69,,0.05
2022-07-29,nairobi,0.8,17.3,71,,0.03
2022-07-30,nairobi,2.4,17.1,76,,0.12
2022-07-31,nairobi,0.4,17.3,72,,0.19
2022-08-01,nairobi,1.3,17.3,72,,0.16
2022-08-02,nairobi,5.1,15.8,81,,0.16
2022-08-03,nairobi,0.0,15.6,74,,1.31
2022-08-04,nairobi,2.7,15.8,75,,2.94
2022-08-05,nairobi,0.7,15.9,72,,1.92
2022-08-06,nairobi,0.0,15.8,73,,1.19
2022-08-07,nairobi,0.0,15.3,71,,0.75
2022-08-08,nairobi,0.1,14.9,71,,0.49
2022-08-09,nairobi,0.0,15.7,72,,0.34
2022-08-10,nairobi,0.0,16.6,68,,0.23
2022-08-11,nairobi,2.0,17.0,71,,0.17
2022-08-12,nairobi,1.2,16.8,68,,0.14
2022-08-13,nairobi,2.5,16.3,74,,0.12
2022-08-14,nairobi,0.3,16.9,74,,0.12
2022-08-15,nairobi,1.8,17.5,77,,0.12
2022-08-16,nairobi,1.7,17.8,77,,0.09
2022-08-17,nairobi,2.0,16.0,77,,0.08
2022-08-18,nairobi,0.0,16.3,62,,0.06
2022-08-19,nairobi,0.0,17.2,59,,0.08
2022-08-20,nairobi,0.0,19.2,54,,0.09
2022-08-21,nairobi,0.0,19.5,53,,0.06
2022-08-22,nairobi,0.0,17.4,61,,0.05
2022-08-23,nairobi,0.0,16.1,65,,0.03
2022-08-24,nairobi,0.2,16.8,64,,0.02
2022-08-25,nairobi,0.5,16.3,66,,0.02
2022-08-26,nairobi,1.0,17.3,69,,0.02
2022-08-27,nairobi,2.3,16.0,77,,0.02
2022-08-28,nairobi,0.0,16.0,74,,0.05
2022-08-29,nairobi,0.0,17.9,66,,0.3
2022-08-30,nairobi,0.4,18.3,62,,0.31
2022-08-31,nairobi,0.7,17.4,67,,0.27
2022-09-01,nairobi,0.0,17.5,63,,0.26
2022-09-02,nairobi,0.2,16.0,69,,0.19
2022-09-03,nairobi,0.2,16.7,69,,0.14
2022-09-04,nairobi,0.0,17.7,68,,0.11
2022-09-05,nairobi,0.1,18.2,67,,0.09
2022-09-06,nairobi,9.6,17.9,79,,0.06
2022-09-07,nairobi,1.4,17.1,81,,0.53
2022-09-08,nairobi,1.9,16.1,80,,14.14
2022-09-09,nairobi,0.1,16.3,73,,10.27
2022-09-10,nairobi,0.6,17.1,71,,5.05
2022-09-11,nairobi,0.1,17.7,68,,2.45
2022-09-12,nairobi,0.5,17.7,72,,1.35
2022-09-13,nairobi,1.0,18.1,72,,0.84
2022-09-14,nairobi,0.9,17.6,70,,0.56
2022-09-15,nairobi,0.6,17.4,66,,0.4
2022-09-16,nairobi,0.0,17.4,64,,0.3
2022-09-17,nairobi,0.3,17.9,66,,0.23
2022-09-18,nairobi,0.1,16.9,69,,0.17
2022-09-19,nairobi,0.2,18.7,61,,0.14
2022-09-20,nairobi,0.7,18.8,68,,0.11
2022-09-21,nairobi,0.3,18.8,61,,0.09
2022-09-22,nairobi,0.3,18.4,62,,0.07
2022-09-23,nairobi,0.1,18.6,59,,0.05
2022-09-24,nairobi,0.1,18.7,59,,0.05
2022-09-25,nairobi,1.5,19.0,64,,0.03
2022-09-26,nairobi,1.2,19.0,64,,0.02
2022-09-27,nairobi,0.1,19.1,58,,0.02
2022-09-28,nairobi,0.0,18.5,53,,0.02
2022-09-29,nairobi,0.0,18.8,57,,0.02
2022-09-30,nairobi,0.6,18.5,66,,0.02
2022-10-01,nairobi,0.0,19.3,66,,0.02
2022-10-02,nairobi,0.0,20.4,58,,0.02
2022-10-03,nairobi,0.1,19.2,65,,0.02
2022-10-04,nairobi,1.9,18.7,68,,0.02
2022-10-05,nairobi,0.3,19.7,61,,0.12
2022-10-06,nairobi,1.4,19.4,67,,0.18
2022-10-07,nairobi,0.2,19.6,61,,0.12
2022-10-08,nairobi,0.1,19.4,55,,0.09
2022-10-09,nairobi,0.0,19.1,50,,0.06
2022-10-10,nairobi,0.0,19.0,54,,0.04
2022-10-11,nairobi,0.0,18.2,57,,0.02
2022-10-12,nairobi,0.0,18.9,53,,0.02
2022-10-13,nairobi,0.0,19.8,51,,0.02
2022-10-14,nairobi,0.0,19.6,55,,0.02
2022-10-15,nairobi,0.2,19.6,57,,0.02
2022-10-16,nairobi,0.3,19.7,59,,0.02
2022-10-17,nairobi,1.1,20.5,60,,0.02
2022-10-18,nairobi,1.7,20.2,62,,0.02
2022-10-19,nairobi,0.5,19.4,61,,0.02
2022-10-20,nairobi,0.6,19.8,58,,0.02
2022-10-21,nairobi,0.2,19.5,56,,0.02
2022-10-22,nairobi,0.0,19.4,53,,0.02
2022-10-23,nairobi,0.4,19.2,57,,0.02
2022-10-24,nairobi,0.4,20.6,56,,0.02
2022-10-25,nairobi,1.3,20.8,57,,0.02
2022-10-26,nairobi,0.5,21.2,56,,0.01
2022-10-27,nairobi,1.9,21.1,61,,0.01
2022-10-28,nairobi,1.4,21.4,60,,0.01
2022-10-29,nairobi,0.3,20.8,57,,0.01
2022-10-30,nairobi,0.0,20.8,56,,0.01
2022-10-31,nairobi,2.5,19.6,69,,0.01
2022-11-01,nairobi,5.0,18.0,81,,0.01
2022-11-02,nairobi,4.1,18.0,81,,0.02
2022-11-03,nairobi,6.9,17.8,83,,1.75
2022-11-04,nairobi,10.5,18.1,79,,3.69
2022-11-05,nairobi,0.7,18.5,75,,2.37
2022-11-06,nairobi,1.7,19.1,75,,1.32
2022-11-07,nairobi,3.6,19.0,76,,0.77
2022-11-08,nairobi,2.5,19.3,71,,1.03
2022-11-09,nairobi,0.6,18.9,67,,1.09
2022-11-10,nairobi,0.9,19.3,67,,0.71
2022-11-11,nairobi,1.4,19.0,71,,0.45
2022-11-12,nairobi,12.7,17.8,81,,0.33
2022-11-13,nairobi,0.3,18.1,77,,0.41
2022-11-14,nairobi,5.4,17.9,82,,4.41
2022-11-15,nairobi,3.9,17.9,83,,2.66
2022-11-16,nairobi,7.7,17.2,87,,9.19
2022-11-17,nairobi,13.3,16.0,92,,6.18
2022-11-18,nairobi,0.2,18.3,73,,8.71
2022-11-19,nairobi,3.2,18.0,80,,17.58
2022-11-20,nairobi,6.5,17.9,84,,8.42
2022-11-21,nairobi,1.0,18.7,76,,5.47
2022-11-22,nairobi,1.6,18.3,79,,2.96
2022-11-23,nairobi,13.6,17.1,86,,1.62
2022-11-24,nairobi,1.8,17.8,79,,1.12
2022-11-25,nairobi,1.6,17.9,76,,1.54
2022-11-26,nairobi,1.4,18.1,74,,1.09
2022-11-27,nairobi,2.0,18.7,74,,0.71
2022-11-28,nairobi,5.6,17.4,84,,0.49
2022-11-29,nairobi,3.6,18.6,77,,0.4
2022-11-30,nairobi,4.1,17.7,83,,0.6
2022-12-01,nairobi,2.9,18.2,75,,1.18
2022-12-02,nairobi,1.9,18.3,73,,0.91
2022-12-03,nairobi,3.5,18.1,77,,0.58
2022-12-04,nairobi,2.5,17.8,81,,0.39
2022-12-05,nairobi,2.5,18.0,77,,0.28
2022-12-06,nairobi,0.6,18.4,75,,0.43
2022-12-07,nairobi,0.9,19.0,72,,0.44
2022-12-08,nairobi,3.9,18.4,76,,0.38
2022-12-09,nairobi,2.0,17.9,82,,0.31
2022-12-10,nairobi,2.8,18.4,76,,0.42
2022-12-11,nairobi,6.1,18.5,75,,1.48
2022-12-12,nairobi,2.8,17.9,77,,1.17
2022-12-13,nairobi,3.0,18.1,78,,1.55
2022-12-14,nairobi,0.4,18.3,72,,1.13
2022-12-15,nairobi,0.5,18.3,71,,0.68
2022-12-16,nairobi,1.0,18.9,70,,0.44
2022-12-17,nairobi,1.4,18.9,70,,0.31
2022-12-18,nairobi,0.3,19.0,69,,0.22
2022-12-19,nairobi,2.2,19.4,68,,0.16
2022-12-20,nairobi,0.6,19.5,66,,0.13
2022-12-21,nairobi,0.9,19.3,65,,0.1
2022-12-22,nairobi,0.5,19.2,72,,0.09
2022-12-23,nairobi,0.8,19.0,74,,0.07
2022-12-24,nairobi,1.1,19.3,71,,0.06
2022-12-25,nairobi,0.8,19.0,71,,0.21
2022-12-26,nairobi,0.2,19.5,70,,0.26
2022-12-27,nairobi,4.4,17.3,84,,0.21
2022-12-28,nairobi,0.2,18.7,71,,0.16
2022-12-29,nairobi,1.6,18.4,70,,0.95
2022-12-30,nairobi,0.7,17.8,66,,0.99
2022-12-31,nairobi,0.0,17.6,62,,0.59
2023-01-01,nairobi,0.0,18.3,59,,0.26
2023-01-02,nairobi,1.1,16.9,72,,0.19
2023-01-03,nairobi,4.7,16.6,83,,0.14
2023-01-04,nairobi,2.1,17.1,81,,2.79
2023-01-05,nairobi,0.5,17.7,73,,1.82
2023-01-06,nairobi,0.0,18.6,59,,1.0
2023-01-07,nairobi,0.0,19.0,59,,0.59
2023-01-08,nairobi,0.4,19.2,65,,0.39
2023-01-09,nairobi,1.4,19.0,71,,0.26
2023-01-10,nairobi,0.4,18.8,67,,0.2
2023-01-11,nairobi,0.1,19.0,65,,0.16
2023-01-12,nairobi,0.1,19.3,63,,0.12
2023-01-13,nairobi,0.0,19.1,58,,0.09
2023-01-14,nairobi,0.0,19.1,55,,0.08
2023-01-15,nairobi,0.0,19.4,54,,0.06
2023-01-16,nairobi,0.0,19.1,57,,0.05
2023-01-17,nairobi,0.0,18.7,57,,0.03
2023-01-18,nairobi,0.0,20.1,45,,0.03
2023-01-19,nairobi,0.0,20.8,45,,0.02
2023-01-20,nairobi,0.0,20.3,56,,0.02
2023-01-21,nairobi,0.0,20.1,54,,0.02
2023-01-22,nairobi,0.0,19.5,52,,0.02
2023-01-23,nairobi,0.2,19.3,62,,0.02
2023-01-24,nairobi,0.0,19.6,59,,0.02
2023-01-25,nairobi,0.0,20.1,54,,0.02
2023-01-26,nairobi,0.0,20.6,47,,0.02
2023-01-27,nairobi,0.0,19.6,50,,0.02
2023-01-28,nairobi,0.0,19.2,50,,0.02
2023-01-29,nairobi,0.0,19.8,46,,0.02
2023-01-30,nairobi,0.0,19.8,50,,0.02
2023-01-31,nairobi,0.0,19.9,52,,0.02
2023-02-01,nairobi,0.0,20.7,51,,0.02
2023-02-02,nairobi,0.0,21.0,45,,0.02
2023-02-03,nairobi,0.0,21.0,38,,0.02
2023-02-04,nairobi,0.0,21.3,41,,0.02
2023-02-05,nairobi,0.0,21.4,46,,0.02
2023-02-06,nairobi,0.0,21.8,39,,0.02
2023-02-07,nairobi,0.0,21.2,49,,0.02
2023-02-08,nairobi,0.0,21.3,55,,0.02
2023-02-09,nairobi,0.0,21.3,54,,0.02
2023-02-10,nairobi,0.0,21.6,44,,0.02
2023-02-11,nairobi,0.0,21.2,46,,0.02
2023-02-12,nairobi,0.0,20.6,45,,0.02
2023-02-13,nairobi,0.0,20.4,40,,0.02
2023-02-14,nairobi,0.0,20.8,44,,0.02
2023-02-15,nairobi,0.0,21.6,44,,0.02
2023-02-16,nairobi,0.2,21.5,50,,0.02
2023-02-17,nairobi,0.0,21.0,51,,0.02
2023-02-18,nairobi,0.0,20.2,53,,0.02
2023-02-19,nairobi,0.0,20.1,54,,0.02
2023-02-20,nairobi,0.0,21.2,46,,0.02
2023-02-21,nairobi,0.0,21.1,42,,0.02
2023-02-22,nairobi,0.0,21.6,42,,0.02
2023-02-23,nairobi,0.0,21.5,47,,0.0
2023-02-24,nairobi,0.0,21.7,47,,0.0
2023-02-25,nairobi,0.0,21.8,49,,0.0
2023-02-26,nairobi,0.1,22.0,53,,0.0
2023-02-27,nairobi,2.3,21.2,61,,0.0
2023-02-28,nairobi,0.0,20.7,58,,0.0
2023-03-01,nairobi,0.0,21.6,50,,0.0
2023-03-02,nairobi,0.0,22.0,48,,0.0
2023-03-03,nairobi,1.2,22.1,54,,0.0
2023-03-04,nairobi,0.0,21.5,51,,0.03
2023-03-05,nairobi,0.0,21.2,51,,0.06
2023-03-06,nairobi,0.0,21.3,49,,0.03
2023-03-07,nairobi,0.0,21.5,47,,0.03
2023-03-08,nairobi,0.0,22.0,48,,0.03
2023-03-09,nairobi,0.0,22.4,45,,0.03
2023-03-10,nairobi,0.1,22.4,48,,0.03
2023-03-11,nairobi,0.1,21.7,51,,0.03
2023-03-12,nairobi,0.0,21.8,52,,0.03
2023-03-13,nairobi,0.8,21.6,55,,0.03
2023-03-14,nairobi,1.5,21.3,57,,0.03
2023-03-15,nairobi,0.3,21.4,56,,0.03
2023-03-16,nairobi,2.1,19.0,74,,0.03
2023-03-17,nairobi,2.2,19.2,69,,5.65
2023-03-18,nairobi,0.1,20.4,58,,3.38
2023-03-19,nairobi,0.8,20.6,61,,1.62
2023-03-20,nairobi,0.7,20.2,66,,0.91
2023-03-21,nairobi,9.1,18.6,77,,0.56
2023-03-22,nairobi,2.6,19.5,74,,16.02
2023-03-23,nairobi,7.6,19.1,78,,13.79
2023-03-24,nairobi,7.4,19.3,77,,7.47
2023-03-25,nairobi,12.2,18.6,80,,3.91
2023-03-26,nairobi,6.5,17.8,82,,20.83
2023-03-27,nairobi,0.7,19.1,72,,20.68
2023-03-28,nairobi,2.1,19.7,75,,9.19
2023-03-29,nairobi,8.4,19.2,75,,4.87
2023-03-30,nairobi,1.5,19.6,74,,2.62
2023-03-31,nairobi,3.0,19.4,76,,1.5
2023-04-01,nairobi,0.4,20.1,68,,1.0
2023-04-02,nairobi,1.5,20.0,68,,6.59
2023-04-03,nairobi,3.0,19.4,76,,4.19
2023-04-04,nairobi,11.9,18.0,80,,3.09
2023-04-05,nairobi,3.1,19.0,77,,1.88
2023-04-06,nairobi,2.6,18.3,81,,1.69
2023-04-07,nairobi,0.4,19.1,73,,1.5
2023-04-08,nairobi,7.1,17.7,88,,1.28
2023-04-09,nairobi,2.3,18.6,81,,2.91
2023-04-10,nairobi,1.7,19.5,75,,2.66
2023-04-11,nairobi,11.0,18.6,83,,1.5
2023-04-12,nairobi,2.3,18.8,81,,1.47
2023-04-13,nairobi,3.7,18.3,83,,1.16
2023-04-14,nairobi,3.2,18.2,83,,1.28
2023-04-15,nairobi,2.7,18.8,79,,1.16
2023-04-16,nairobi,3.9,18.9,79,,2.09
2023-04-17,nairobi,4.6,19.1,79,,1.47
2023-04-18,nairobi,3.6,19.1,78,,3.53
2023-04-19,nairobi,2.0,19.3,77,,4.06
2023-04-20,nairobi,0.1,19.8,72,,2.28
2023-04-21,nairobi,0.9,20.3,72,,1.25
2023-04-22,nairobi,13.7,18.6,84,,0.75
2023-04-23,nairobi,7.4,18.2,82,,17.75
2023-04-24,nairobi,1.6,19.3,78,,13.06
2023-04-25,nairobi,17.5,18.3,85,,8.04
2023-04-26,nairobi,14.2,18.2,85,,14.78
2023-04-27,nairobi,2.8,19.1,79,,13.79
2023-04-28,nairobi,12.2,17.9,85,,8.59
2023-04-29,nairobi,1.4,18.2,80,,21.8
2023-04-30,nairobi,15.8,17.8,85,,13.06
2023-05-01,nairobi,12.2,17.3,88,,26.23
2023-05-02,nairobi,4.2,17.7,83,,19.8
2023-05-03,nairobi,11.8,18.3,85,,21.8
2023-05-04,nairobi,3.2,19.0,79,,14.7
2023-05-05,nairobi,1.4,19.2,75,,8.38
2023-05-06,nairobi,1.9,18.9,76,,5.31
2023-05-07,nairobi,2.3,19.1,78,,3.75
2023-05-08,nairobi,2.4,19.1,77,,2.75
2023-05-09,nairobi,3.9,19.0,79,,2.16
2023-05-10,nairobi,4.4,18.5,80,,2.47
2023-05-11,nairobi,5.9,18.4,81,,2.16
2023-05-12,nairobi,0.2,19.0,74,,1.65
2023-05-13,nairobi,3.0,19.0,76,,1.19
2023-05-14,nairobi,1.1,19.3,75,,0.81
2023-05-15,nairobi,0.2,19.1,75,,0.81
2023-05-16,nairobi,2.6,19.1,79,,2.34
2023-05-17,nairobi,0.8,18.9,77,,1.72
2023-05-18,nairobi,2.7,19.3,77,,1.06
2023-05-19,nairobi,0.3,19.5,72,,0.75
2023-05-20,nairobi,0.0,19.4,67,,0.53
2023-05-21,nairobi,0.1,19.1,69,,0.37
2023-05-22,nairobi,0.1,19.8,71,,0.28
2023-05-23,nairobi,1.4,19.7,73,,0.22
2023-05-24,nairobi,1.5,19.4,73,,0.25
2023-05-25,nairobi,0.3,19.5,66,,0.22
2023-05-26,nairobi,0.1,18.5,69,,0.19
2023-05-27,nairobi,2.4,18.3,71,,0.12
2023-05-28,nairobi,2.3,18.4,73,,0.12
2023-05-29,nairobi,9.2,17.7,83,,0.19
2023-05-30,nairobi,5.7,17.4,81,,1.9
2023-05-31,nairobi,0.9,18.5,72,,1.75
2023-06-01,nairobi,3.1,19.0,73,,1.09
2023-06-02,nairobi,3.2,19.0,73,,0.69
2023-06-03,nairobi,3.0,18.7,76,,0.85
2023-06-04,nairobi,3.2,18.5,74,,0.91
2023-06-05,nairobi,0.0,18.9,69,,0.69
2023-06-06,nairobi,2.2,18.9,74,,0.44
2023-06-07,nairobi,0.0,18.5,68,,0.56
2023-06-08,nairobi,0.0,18.4,60,,0.5
2023-06-09,nairobi,0.4,19.4,67,,0.34
2023-06-10,nairobi,0.1,19.3,67,,0.25
2023-06-11,nairobi,0.0,19.1,65,,0.19
2023-06-12,nairobi,0.0,18.8,64,,0.16
2023-06-13,nairobi,0.0,18.3,70,,0.12
2023-06-14,nairobi,0.2,19.8,67,,0.16
2023-06-15,nairobi,1.2,18.6,76,,0.31
2023-06-16,nairobi,0.1,19.0,72,,0.44
2023-06-17,nairobi,1.4,18.6,73,,0.37
2023-06-18,nairobi,0.2,18.5,69,,0.26
2023-06-19,nairobi,0.0,17.7,69,,0.19
2023-06-20,nairobi,0.2,18.9,69,,0.14
2023-06-21,nairobi,1.4,18.2,77,,0.11
2023-06-22,nairobi,0.5,18.7,72,,0.22
2023-06-23,nairobi,0.8,18.6,71,,0.26
2023-06-24,nairobi,1.1,18.4,69,,1.06
2023-06-25,nairobi,0.0,19.0,63,,1.62
2023-06-26,nairobi,0.2,18.2,68,,1.14
2023-06-27,nairobi,0.3,18.0,72,,0.7
2023-06-28,nairobi,0.3,18.1,74,,0.45
2023-06-29,nairobi,0.0,18.3,71,,0.34
2023-06-30,nairobi,1.1,17.8,72,,0.26
2023-07-01,nairobi,0.6,17.4,74,,0.22
2023-07-02,nairobi,0.3,17.2,70,,0.2
2023-07-03,nairobi,0.6,16.8,71,,0.17
2023-07-04,nairobi,2.0,16.5,74,,0.14
2023-07-05,nairobi,0.0,16.1,74,,0.14
2023-07-06,nairobi,0.1,16.3,73,,0.14
2023-07-07,nairobi,0.0,16.4,71,,0.11
2023-07-08,nairobi,0.3,16.8,69,,0.2
2023-07-09,nairobi,0.1,17.0,68,,0.23
2023-07-10,nairobi,0.0,17.9,66,,0.19
2023-07-11,nairobi,0.0,18.2,63,,0.14
2023-07-12,nairobi,0.4,17.5,71,,0.11
2023-07-13,nairobi,0.1,16.9,70,,0.08
2023-07-14,nairobi,0.3,17.8,64,,0.06
2023-07-15,nairobi,0.0,17.2,63,,0.05
2023-07-16,nairobi,0.0,16.6,69,,0.03
2023-07-17,nairobi,0.0,16.3,69,,0.02
2023-07-18,nairobi,0.0,16.6,68,,0.02
2023-07-19,nairobi,0.0,17.0,65,,0.02
2023-07-20,nairobi,0.1,18.6,60,,0.02
2023-07-21,nairobi,0.0,19.3,57,,0.02
2023-07-22,nairobi,0.0,17.2,65,,0.02
2023-07-23,nairobi,0.2,17.5,67,,0.02
2023-07-24,nairobi,0.2,17.8,68,,0.02
2023-07-25,nairobi,0.3,17.8,70,,0.02
2023-07-26,nairobi,0.0,17.5,67,,0.02
2023-07-27,nairobi,0.0,16.9,66,,0.02
2023-07-28,nairobi,0.6,17.4,67,,0.02
2023-07-29,nairobi,0.0,17.8,70,,0.02
2023-07-30,nairobi,0.8,18.5,70,,0.02
2023-07-31,nairobi,0.0,19.5,70,,0.02
2023-08-01,nairobi,0.2,18.5,69,,0.02
2023-08-02,nairobi,3.0,17.4,73,,0.03
2023-08-03,nairobi,1.7,17.4,72,,0.19
2023-08-04,nairobi,1.0,17.1,71,,1.19
2023-08-05,nairobi,0.0,17.1,66,,1.11
2023-08-06,nairobi,0.9,16.9,70,,2.01
2023-08-07,nairobi,0.2,17.4,65,,0.67
2023-08-08,nairobi,0.2,17.5,64,,0.78
2023-08-09,nairobi,0.0,17.2,70,,0.59
2023-08-10,nairobi,1.2,17.6,72,,0.32
2023-08-11,nairobi,0.2,17.5,70,,0.23
2023-08-12,nairobi,0.8,17.4,71,,0.57
2023-08-13,nairobi,0.0,18.0,63,,0.87
2023-08-14,nairobi,0.0,18.0,63,,0.71
2023-08-15,nairobi,0.1,19.3,64,,0.23
2023-08-16,nairobi,0.3,19.1,67,,0.16
2023-08-17,nairobi,0.5,18.9,64,,0.12
2023-08-18,nairobi,0.4,18.7,61,,0.11
2023-08-19,nairobi,0.0,18.0,58,,0.23
2023-08-20,nairobi,0.0,18.8,51,,0.21
2023-08-21,nairobi,0.0,19.0,51,,0.05
2023-08-22,nairobi,0.2,19.9,60,,0.05
2023-08-23,nairobi,0.0,19.7,56,,0.03
2023-08-24,nairobi,0.8,19.0,59,,0.02
2023-08-25,nairobi,0.0,19.0,56,,0.02
2023-08-26,nairobi,0.8,20.1,58,,0.02
2023-08-27,nairobi,0.0,20.7,54,,0.02
2023-08-28,nairobi,0.0,18.7,60,,0.02
2023-08-29,nairobi,0.1,18.5,61,,0.02
2023-08-30,nairobi,0.8,19.1,62,,0.02
2023-08-31,nairobi,0.8,19.4,62,,0.02
2023-09-01,nairobi,0.2,19.8,63,,0.63
2023-09-02,nairobi,0.3,19.7,63,,3.68
2023-09-03,nairobi,0.0,19.6,59,,3.29
2023-09-04,nairobi,0.0,19.1,59,,1.85
2023-09-05,nairobi,0.4,20.3,59,,0.84
2023-09-06,nairobi,0.3,19.9,60,,0.09
2023-09-07,nairobi,3.5,19.4,71,,0.17
2023-09-08,nairobi,1.0,18.3,78,,5.81
2023-09-09,nairobi,2.3,18.1,76,,6.53
2023-09-10,nairobi,0.0,19.7,64,,9.52
2023-09-11,nairobi,0.8,19.7,66,,19.8
2023-09-12,nairobi,1.1,19.2,70,,9.05
2023-09-13,nairobi,2.8,18.9,74,,4.9
2023-09-14,nairobi,3.2,18.8,66,,3.12
2023-09-15,nairobi,0.5,18.6,67,,4.83
2023-09-16,nairobi,0.1,19.3,66,,3.54
2023-09-17,nairobi,0.0,19.7,65,,1.45
2023-09-18,nairobi,0.0,20.3,64,,0.91
2023-09-19,nairobi,0.8,20.0,66,,0.56
2023-09-20,nairobi,0.5,20.3,67,,0.46
2023-09-21,nairobi,0.8,20.4,67,,0.47
2023-09-22,nairobi,3.9,19.7,66,,0.79
2023-09-23,nairobi,0.2,19.7,59,,0.66
2023-09-24,nairobi,0.1,19.2,64,,1.8
2023-09-25,nairobi,0.1,20.2,61,,1.19
2023-09-26,nairobi,1.0,19.5,67,,0.45
2023-09-27,nairobi,0.6,20.1,67,,0.59
2023-09-28,nairobi,0.4,19.4,66,,0.76
2023-09-29,nairobi,1.4,20.2,65,,0.48
2023-09-30,nairobi,2.3,20.9,66,,0.41
2023-10-01,nairobi,0.0,20.3,63,,0.43
2023-10-02,nairobi,3.9,19.5,69,,1.21
2023-10-03,nairobi,0.0,19.3,58,,0.96
2023-10-04,nairobi,3.4,17.9,76,,0.13
2023-10-05,nairobi,5.0,18.7,72,,0.08
2023-10-06,nairobi,1.2,20.4,63,,3.33
2023-10-07,nairobi,1.3,20.3,62,,5.07
2023-10-08,nairobi,0.0,20.3,55,,5.84
2023-10-09,nairobi,0.0,21.4,56,,3.05
2023-10-10,nairobi,2.8,21.2,61,,1.56
2023-10-11,nairobi,0.4,21.4,56,,0.16
2023-10-12,nairobi,0.3,21.1,56,,0.56
2023-10-13,nairobi,0.1,22.1,54,,0.61
2023-10-14,nairobi,0.2,22.0,56,,0.42
2023-10-15,nairobi,0.7,21.7,64,,0.12
2023-10-16,nairobi,1.9,20.3,70,,0.07
2023-10-17,nairobi,3.6,20.5,72,,0.46
2023-10-18,nairobi,2.4,19.9,75,,2.55
2023-10-19,nairobi,6.9,19.2,78,,9.45
2023-10-20,nairobi,1.9,19.4,73,,8.16
2023-10-21,nairobi,1.9,19.8,72,,14.89
2023-10-22,nairobi,0.1,20.6,61,,8.73
2023-10-23,nairobi,0.0,20.3,63,,4.31
2023-10-24,nairobi,0.2,21.2,58,,1.66
2023-10-25,nairobi,1.0,20.8,67,,0.42
2023-10-26,nairobi,2.5,19.4,75,,0.39
2023-10-27,nairobi,2.6,19.8,69,,0.54
2023-10-28,nairobi,0.6,20.5,64,,4.77
2023-10-29,nairobi,2.5,20.2,66,,3.04
2023-10-30,nairobi,1.2,20.5,64,,1.45
2023-10-31,nairobi,8.1,19.6,75,,3.55
2023-11-01,nairobi,3.1,20.4,69,,3.75
2023-11-02,nairobi,4.8,19.1,77,,6.74
2023-11-03,nairobi,22.8,18.1,87,,8.06
2023-11-04,nairobi,11.8,18.3,81,,20.28
2023-11-05,nairobi,3.5,18.8,82,,38.36
2023-11-06,nairobi,4.7,19.2,80,,20.09
2023-11-07,nairobi,12.4,19.0,82,,17.58
2023-11-08,nairobi,4.6,18.6,85,,24.06
2023-11-09,nairobi,0.5,19.1,74,,26.42
2023-11-10,nairobi,4.1,19.1,78,,24.59
2023-11-11,nairobi,3.8,18.6,80,,10.12
2023-11-12,nairobi,11.9,18.8,84,,6.13
2023-11-13,nairobi,4.6,18.8,83,,8.18
2023-11-14,nairobi,1.8,19.1,81,,14.28
2023-11-15,nairobi,8.1,18.6,86,,14.28
2023-11-16,nairobi,8.9,18.8,84,,10.27
2023-11-17,nairobi,5.2,18.9,82,,13.45
2023-11-18,nairobi,3.6,19.2,78,,23.72
2023-11-19,nairobi,2.9,19.1,79,,21.49
2023-11-20,nairobi,3.1,18.7,81,,22.93
2023-11-21,nairobi,7.2,18.4,85,,22.6
2023-11-22,nairobi,18.2,17.9,89,,15.79
2023-11-23,nairobi,4.5,18.6,83,,14.7
2023-11-24,nairobi,8.2,18.4,84,,15.03
2023-11-25,nairobi,12.8,18.5,84,,13.55
2023-11-26,nairobi,4.9,18.7,82,,16.14
2023-11-27,nairobi,0.6,19.1,78,,12.21
2023-11-28,nairobi,0.2,18.7,79,,13.59
2023-11-29,nairobi,0.1,19.1,72,,9.52
2023-11-30,nairobi,1.0,19.1,74,,6.13
2023-12-01,nairobi,0.0,18.9,70,,4.04
2023-12-02,nairobi,0.4,19.5,73,,1.88
2023-12-03,nairobi,1.4,19.4,76,,1.28
2023-12-04,nairobi,1.6,19.3,75,,0.84
2023-12-05,nairobi,0.9,19.2,73,,1.89
2023-12-06,nairobi,0.1,19.3,67,,1.7
2023-12-07,nairobi,0.0,19.1,64,,0.65
2023-12-08,nairobi,0.0,19.1,59,,0.4
2023-12-09,nairobi,0.0,19.3,67,,0.35
2023-12-10,nairobi,1.5,19.1,74,,0.23
2023-12-11,nairobi,2.3,19.7,75,,1.65
2023-12-12,nairobi,1.2,20.0,75,,3.56
2023-12-13,nairobi,1.9,20.2,75,,2.04
2023-12-14,nairobi,1.8,19.6,80,,0.39
2023-12-15,nairobi,3.0,19.2,80,,2.83
2023-12-16,nairobi,3.7,18.6,82,,4.68
2023-12-17,nairobi,0.9,19.3,75,,4.53
2023-12-18,nairobi,1.7,19.6,74,,4.48
2023-12-19,nairobi,0.2,19.4,73,,2.04
2023-12-20,nairobi,0.8,19.4,71,,0.42
2023-12-21,nairobi,0.7,19.5,73,,0.26
2023-12-22,nairobi,0.4,19.6,73,,0.58
2023-12-23,nairobi,1.1,19.7,75,,0.53
2023-12-24,nairobi,0.9,20.0,75,,0.54
2023-12-25,nairobi,1.5,20.3,73,,0.82
2023-12-26,nairobi,2.4,19.3,80,,0.76
2023-12-27,nairobi,0.1,19.7,69,,0.57
2023-12-28,nairobi,0.0,20.2,67,,2.44
2023-12-29,nairobi,1.8,20.6,73,,1.64
2023-12-30,nairobi,2.8,20.6,73,,0.08
2023-12-31,nairobi,1.1,20.8,70,,0.84
2024-01-01,nairobi,0.8,20.5,70,,0.95
2024-01-02,nairobi,1.6,20.3,73,,0.89
2024-01-03,nairobi,1.7,20.3,72,,2.69
2024-01-04,nairobi,0.4,20.5,68,,5.62
2024-01-05,nairobi,7.6,19.0,79,,3.72
2024-01-06,nairobi,1.4,19.7,75,,3.04
2024-01-07,nairobi,9.9,19.5,76,,13.69
2024-01-08,nairobi,0.3,19.7,70,,13.45
2024-01-09,nairobi,0.5,19.5,70,,12.3
2024-01-10,nairobi,2.5,19.1,75,,5.21
2024-01-11,nairobi,1.4,18.7,77,,0.83
2024-01-12,nairobi,1.3,19.2,75,,3.07
2024-01-13,nairobi,3.6,18.3,84,,9.57
2024-01-14,nairobi,12.0,19.3,81,,17.58
2024-01-15,nairobi,1.0,19.7,76,,21.13
2024-01-16,nairobi,1.7,19.6,75,,33.99
2024-01-17,nairobi,2.7,19.9,73,,16.91
2024-01-18,nairobi,9.8,19.0,79,,3.84
2024-01-19,nairobi,4.3,20.2,71,,2.95
2024-01-20,nairobi,10.1,18.9,84,,9.84
2024-01-21,nairobi,4.0,19.5,76,,17.16
2024-01-22,nairobi,0.4,19.7,71,,49.93
2024-01-23,nairobi,0.0,19.5,69,,29.9
2024-01-24,nairobi,0.0,20.0,64,,7.87
2024-01-25,nairobi,0.3,20.4,67,,5.32
2024-01-26,nairobi,0.6,20.4,71,,3.58
2024-01-27,nairobi,1.5,20.5,73,,2.56
2024-01-28,nairobi,0.7,20.4,71,,2.34
2024-01-29,nairobi,0.1,20.4,69,,2.31
2024-01-30,nairobi,0.2,20.7,68,,1.56
2024-01-31,nairobi,0.5,20.7,67,,0.86
2024-02-01,nairobi,0.3,20.4,64,,0.58
2024-02-02,nairobi,0.0,20.5,56,,0.42
2024-02-03,nairobi,0.2,21.2,58,,0.3
2024-02-04,nairobi,0.4,20.8,62,,0.22
2024-02-05,nairobi,0.1,20.7,62,,0.17
2024-02-06,nairobi,0.0,21.0,62,,0.16
2024-02-07,nairobi,0.2,20.8,61,,0.16
2024-02-08,nairobi,0.6,20.6,66,,0.09
2024-02-09,nairobi,0.0,21.2,65,,0.09
2024-02-10,nairobi,0.4,21.4,66,,0.36
2024-02-11,nairobi,0.0,20.9,65,,0.31
2024-02-12,nairobi,0.0,21.1,63,,0.3
2024-02-13,nairobi,0.0,21.7,61,,0.25
2024-02-14,nairobi,0.0,21.8,61,,0.09
2024-02-15,nairobi,0.0,22.0,56,,0.08
2024-02-16,nairobi,0.0,21.7,57,,0.06
2024-02-17,nairobi,0.3,21.8,61,,0.06
2024-02-18,nairobi,0.0,22.3,57,,0.05
2024-02-19,nairobi,0.0,22.9,57,,0.03
2024-02-20,nairobi,1.6,22.6,58,,0.03
2024-02-21,nairobi,1.1,21.9,61,,0.02
2024-02-22,nairobi,0.0,21.0,60,,0.03
2024-02-23,nairobi,0.8,20.1,59,,0.03
2024-02-24,nairobi,15.6,18.9,73,,0.02
2024-02-25,nairobi,0.1,20.6,64,,0.36
2024-02-26,nairobi,2.8,21.6,61,,6.29
2024-02-27,nairobi,2.0,20.6,71,,2.89
2024-02-28,nairobi,1.2,20.6,70,,1.36
2024-02-29,nairobi,0.1,21.2,66,,3.84
2024-03-01,nairobi,0.0,21.3,64,,9.5
2024-03-02,nairobi,0.0,21.4,59,,8.33
2024-03-03,nairobi,0.0,21.6,56,,5.41
2024-03-04,nairobi,0.7,22.3,59,,3.32
2024-03-05,nairobi,0.9,20.7,68,,2.39
2024-03-06,nairobi,0.3,20.6,66,,2.72
2024-03-07,nairobi,0.6,20.8,59,,2.72
2024-03-08,nairobi,0.0,21.8,59,,1.62
2024-03-09,nairobi,0.2,21.3,63,,0.85
2024-03-10,nairobi,0.4,21.2,62,,0.53
2024-03-11,nairobi,0.0,21.0,58,,0.41
2024-03-12,nairobi,0.0,21.1,53,,0.31
2024-03-13,nairobi,0.0,21.9,56,,0.25
2024-03-14,nairobi,0.0,21.3,62,,0.19
2024-03-15,nairobi,0.1,20.5,58,,0.16
2024-03-16,nairobi,0.0,21.2,55,,0.16
2024-03-17,nairobi,0.0,22.5,46,,0.14
2024-03-18,nairobi,0.1,21.9,54,,0.09
2024-03-19,nairobi,0.6,22.2,58,,0.08
2024-03-20,nairobi,0.0,21.8,54,,0.08
2024-03-21,nairobi,0.0,21.8,55,,0.06
2024-03-22,nairobi,0.2,21.9,55,,0.05
2024-03-23,nairobi,0.4,22.5,58,,0.05
2024-03-24,nairobi,2.3,21.8,67,,0.03
2024-03-25,nairobi,5.6,21.1,72,,0.03
2024-03-26,nairobi,4.0,21.1,72,,13.52
2024-03-27,nairobi,3.7,20.6,75,,9.28
2024-03-28,nairobi,1.2,20.6,73,,4.22
2024-03-29,nairobi,0.7,20.7,69,,5.46
2024-03-30,nairobi,4.4,20.1,77,,3.38
2024-03-31,nairobi,9.1,19.9,78,,2.64
2024-04-01,nairobi,2.7,20.5,74,,4.61
2024-04-02,nairobi,0.8,21.0,69,,7.02
2024-04-03,nairobi,5.2,20.4,73,,5.56
2024-04-04,nairobi,3.0,20.1,75,,5.03
2024-04-05,nairobi,9.9,19.9,77,,8.66
2024-04-06,nairobi,14.2,19.2,82,,6.96
2024-04-07,nairobi,2.6,20.4,77,,15.9
2024-04-08,nairobi,3.6,19.9,78,,22.12
2024-04-09,nairobi,3.3,20.0,71,,14.31
2024-04-10,nairobi,0.7,20.2,65,,16.82
2024-04-11,nairobi,0.8,20.8,71,,8.89
2024-04-12,nairobi,3.5,20.9,75,,2.89
2024-04-13,nairobi,6.7,20.0,80,,4.09
2024-04-14,nairobi,9.2,19.9,79,,10.97
2024-04-15,nairobi,2.8,19.4,82,,12.06
2024-04-16,nairobi,0.2,19.9,75,,13.69
2024-04-17,nairobi,0.8,20.2,72,,19.84
2024-04-18,nairobi,3.1,19.9,78,,10.69
2024-04-19,nairobi,1.8,19.8,79,,6.57
2024-04-20,nairobi,1.1,20.3,77,,6.01
2024-04-21,nairobi,1.8,18.9,83,,7.85
2024-04-22,nairobi,7.9,19.6,81,,6.19
2024-04-23,nairobi,6.3,20.0,80,,17.54
2024-04-24,nairobi,14.4,19.6,83,,28.58
2024-04-25,nairobi,9.8,19.8,81,,37.73
2024-04-26,nairobi,28.9,18.9,86,,49.23
2024-04-27,nairobi,13.4,18.9,82,,44.5
2024-04-28,nairobi,15.7,19.5,82,,65.99
2024-04-29,nairobi,1.8,19.4,81,,42.75
2024-04-30,nairobi,1.8,20.1,79,,38.63
2024-05-01,nairobi,11.9,20.4,78,,30.33
2024-05-02,nairobi,7.0,19.8,80,,43.26
2024-05-03,nairobi,4.5,19.6,79,,48.43
2024-05-04,nairobi,0.6,19.3,77,,32.34
2024-05-05,nairobi,5.1,19.6,79,,43.26
2024-05-06,nairobi,0.7,19.2,81,,26.73
2024-05-07,nairobi,9.2,19.2,85,,17.32
2024-05-08,nairobi,6.6,18.4,85,,30.41
2024-05-09,nairobi,2.0,18.9,81,,43.26
2024-05-10,nairobi,5.4,19.1,81,,38.54
2024-05-11,nairobi,0.9,19.2,80,,27.84
2024-05-12,nairobi,2.0,19.5,78,,24.06
2024-05-13,nairobi,0.1,19.7,74,,15.83
2024-05-14,nairobi,0.1,19.3,73,,12.15
2024-05-15,nairobi,0.3,19.4,73,,9.91
2024-05-16,nairobi,2.5,19.2,75,,8.51
2024-05-17,nairobi,0.2,19.7,75,,7.11
2024-05-18,nairobi,0.1,20.4,73,,6.18
2024-05-19,nairobi,2.3,19.7,76,,5.27
2024-05-20,nairobi,5.4,19.8,77,,4.92
2024-05-21,nairobi,1.6,19.4,79,,6.48
2024-05-22,nairobi,1.7,19.2,76,,20.13
2024-05-23,nairobi,5.3,19.1,79,,17.11
2024-05-24,nairobi,1.5,18.9,75,,9.14
2024-05-25,nairobi,1.8,19.2,77,,10.17
2024-05-26,nairobi,0.5,19.4,76,,8.04
2024-05-27,nairobi,0.1,19.7,73,,6.13
2024-05-28,nairobi,0.0,19.2,74,,4.47
2024-05-29,nairobi,0.1,19.2,72,,3.65
2024-05-30,nairobi,0.1,18.8,72,,2.83
2024-05-31,nairobi,0.2,19.5,70,,2.25
2024-06-01,nairobi,0.2,19.3,72,,1.74
2024-06-02,nairobi,0.0,19.8,71,,1.31
2024-06-03,nairobi,0.0,19.7,74,,0.95
2024-06-04,nairobi,6.6,19.3,78,,0.7
2024-06-05,nairobi,0.0,19.5,72,,6.48
2024-06-06,nairobi,0.1,18.4,76,,18.5
2024-06-07,nairobi,0.8,19.1,72,,9.07
2024-06-08,nairobi,1.5,19.1,75,,1.65
2024-06-09,nairobi,0.1,17.9,75,,1.19
2024-06-10,nairobi,1.8,19.1,66,,2.89
2024-06-11,nairobi,0.6,18.1,70,,3.65
2024-06-12,nairobi,0.2,17.8,68,,2.85
2024-06-13,nairobi,0.0,17.9,68,,1.78
2024-06-14,nairobi,0.0,17.7,70,,1.7
2024-06-15,nairobi,0.7,18.2,70,,1.19
2024-06-16,nairobi,0.0,18.7,69,,0.75
2024-06-17,nairobi,0.0,18.7,65,,0.52
2024-06-18,nairobi,0.0,17.7,63,,0.39
2024-06-19,nairobi,1.7,18.4,71,,0.3
2024-06-20,nairobi,6.3,17.7,80,,0.19
2024-06-21,nairobi,4.3,17.6,73,,1.01
2024-06-22,nairobi,0.1,17.4,68,,4.26
2024-06-23,nairobi,0.0,16.9,63,,2.34
2024-06-24,nairobi,0.0,16.2,65,,0.33
2024-06-25,nairobi,0.0,16.1,62,,0.22
2024-06-26,nairobi,0.0,16.7,62,,0.17
2024-06-27,nairobi,0.7,16.5,71,,0.14
2024-06-28,nairobi,0.0,16.2,68,,0.12
2024-06-29,nairobi,0.0,17.0,68,,0.34
2024-06-30,nairobi,0.0,16.9,70,,0.39
2024-07-01,nairobi,0.0,17.1,67,,0.08
2024-07-02,nairobi,0.0,17.9,64,,0.08
2024-07-03,nairobi,0.0,18.6,66,,0.06
2024-07-04,nairobi,0.0,18.7,68,,0.06
2024-07-05,nairobi,0.0,18.0,69,,0.06
2024-07-06,nairobi,9.9,17.8,78,,0.06
2024-07-07,nairobi,17.6,17.6,85,,0.05
2024-07-08,nairobi,6.4,18.0,82,,7.69
2024-07-09,nairobi,10.4,17.4,86,,20.98
2024-07-10,nairobi,0.6,17.1,80,,16.26
2024-07-11,nairobi,0.0,16.2,73,,31.06
2024-07-12,nairobi,0.1,16.8,66,,15.0
2024-07-13,nairobi,0.4,17.1,76,,6.21
2024-07-14,nairobi,0.0,17.7,72,,3.76
2024-07-15,nairobi,0.0,17.7,69,,2.48
2024-07-16,nairobi,1.2,18.0,74,,1.67
2024-07-17,nairobi,1.0,18.3,79,,1.17
2024-07-18,nairobi,0.3,17.2,79,,4.64
2024-07-19,nairobi,0.1,16.9,78,,5.37
2024-07-20,nairobi,0.0,17.2,76,,2.81
2024-07-21,nairobi,0.9,18.0,74,,1.38
2024-07-22,nairobi,0.0,18.5,71,,0.52
2024-07-23,nairobi,0.0,16.7,68,,0.59
2024-07-24,nairobi,0.0,16.3,71,,0.55
2024-07-25,nairobi,0.6,17.9,73,,0.22
2024-07-26,nairobi,1.6,18.2,80,,0.17
2024-07-27,nairobi,0.2,17.8,78,,0.19
2024-07-28,nairobi,0.2,17.9,78,,0.72
2024-07-29,nairobi,0.0,18.3,78,,1.08
2024-07-30,nairobi,0.0,18.4,74,,2.31
2024-07-31,nairobi,0.3,17.2,77,,8.23
2024-08-01,nairobi,0.0,16.3,72,,9.02
2024-08-02,nairobi,0.0,16.6,72,,3.85
2024-08-03,nairobi,0.0,17.2,73,,1.31
2024-08-04,nairobi,0.5,18.0,69,,0.77
2024-08-05,nairobi,0.0,17.9,64,,0.49
2024-08-06,nairobi,0.5,18.2,67,,0.35
2024-08-07,nairobi,0.1,17.4,67,,0.26
2024-08-08,nairobi,1.6,17.5,79,,0.19
2024-08-09,nairobi,1.3,17.8,77,,0.16
2024-08-10,nairobi,0.4,17.0,77,,1.76
2024-08-11,nairobi,0.4,16.8,76,,1.9
2024-08-12,nairobi,0.1,17.5,76,,0.42
2024-08-13,nairobi,0.1,17.4,73,,0.28
2024-08-14,nairobi,0.0,17.5,71,,0.21
2024-08-15,nairobi,0.7,18.5,71,,0.19
2024-08-16,nairobi,1.1,18.7,72,,0.14
2024-08-17,nairobi,0.0,17.7,63,,0.12
2024-08-18,nairobi,0.2,17.0,67,,0.21
2024-08-19,nairobi,0.0,17.0,63,,0.21
2024-08-20,nairobi,0.0,17.7,64,,0.12
2024-08-21,nairobi,0.1,17.5,67,,0.09
2024-08-22,nairobi,0.2,17.9,66,,0.08
2024-08-23,nairobi,0.0,17.9,69,,0.07
2024-08-24,nairobi,0.3,17.8,71,,0.06
2024-08-25,nairobi,2.1,16.5,74,,0.05
2024-08-26,nairobi,0.0,17.2,68,,0.1
2024-08-27,nairobi,1.6,18.6,74,,0.63
2024-08-28,nairobi,2.5,19.0,74,,0.58
2024-08-29,nairobi,1.7,18.9,72,,0.89
2024-08-30,nairobi,0.3,18.5,66,,2.84
2024-08-31,nairobi,0.0,18.0,66,,1.44
2024-09-01,nairobi,0.3,18.6,67,,0.16
2024-09-02,nairobi,0.0,17.5,70,,0.12
2024-09-03,nairobi,0.9,18.2,73,,0.17
2024-09-04,nairobi,2.7,18.1,71,,0.16
2024-09-05,nairobi,0.1,17.9,67,,1.01
2024-09-06,nairobi,5.0,17.7,72,,2.52
2024-09-07,nairobi,0.0,18.2,68,,1.29
2024-09-08,nairobi,0.0,18.4,67,,3.45
2024-09-09,nairobi,0.0,18.8,63,,2.16
2024-09-10,nairobi,0.1,19.6,63,,0.33
2024-09-11,nairobi,0.0,19.2,58,,0.23
2024-09-12,nairobi,0.0,18.8,59,,0.17
2024-09-13,nairobi,0.2,18.9,59,,0.13
2024-09-14,nairobi,0.0,18.8,53,,0.12
2024-09-15,nairobi,0.0,19.2,58,,0.1
2024-09-16,nairobi,0.2,18.5,64,,0.08
2024-09-17,nairobi,0.0,19.2,62,,0.06
2024-09-18,nairobi,0.0,19.5,62,,0.05
2024-09-19,nairobi,0.0,19.9,63,,0.04
2024-09-20,nairobi,0.3,20.2,63,,0.02
2024-09-21,nairobi,0.1,19.5,67,,0.66
2024-09-22,nairobi,0.1,20.0,63,,2.24
2024-09-23,nairobi,0.1,19.0,58,,3.12
2024-09-24,nairobi,0.0,19.3,59,,1.29
2024-09-25,nairobi,0.0,18.7,61,,0.09
2024-09-26,nairobi,0.2,19.6,59,,0.08
2024-09-27,nairobi,0.4,20.1,67,,0.06
2024-09-28,nairobi,0.6,19.7,71,,0.05
2024-09-29,nairobi,2.8,19.4,74,,0.23
2024-09-30,nairobi,8.0,19.1,75,,1.0
2024-10-01,nairobi,0.1,20.6,62,,3.69
2024-10-02,nairobi,1.1,20.0,64,,9.12
2024-10-03,nairobi,1.0,19.2,65,,5.31
2024-10-04,nairobi,0.0,19.0,57,,1.94
2024-10-05,nairobi,1.6,19.2,65,,1.22
2024-10-06,nairobi,1.3,19.6,65,,1.0
2024-10-07,nairobi,1.1,19.7,65,,1.11
2024-10-08,nairobi,0.5,20.5,63,,1.38
2024-10-09,nairobi,0.1,20.0,59,,1.34
2024-10-10,nairobi,0.0,19.5,58,,0.74
2024-10-11,nairobi,0.5,20.2,57,,0.31
2024-10-12,nairobi,1.0,20.0,62,,0.12
2024-10-13,nairobi,8.1,19.3,66,,0.08
2024-10-14,nairobi,0.1,19.8,60,,1.62
2024-10-15,nairobi,0.3,20.4,64,,1.57
2024-10-16,nairobi,0.5,20.7,60,,0.18
2024-10-17,nairobi,0.0,21.9,52,,1.9
2024-10-18,nairobi,4.8,19.7,68,,1.77
2024-10-19,nairobi,5.3,18.9,79,,0.11
2024-10-20,nairobi,6.0,19.3,79,,3.61
2024-10-21,nairobi,0.2,19.6,68,,11.85
2024-10-22,nairobi,0.3,20.1,62,,14.56
2024-10-23,nairobi,0.3,20.0,61,,6.28
2024-10-24,nairobi,0.3,20.2,61,,2.98
2024-10-25,nairobi,0.2,20.5,61,,1.69
2024-10-26,nairobi,0.0,21.0,57,,1.14
2024-10-27,nairobi,0.7,21.2,57,,0.76
2024-10-28,nairobi,0.0,21.6,56,,0.41
2024-10-29,nairobi,0.0,21.4,51,,0.41
2024-10-30,nairobi,0.0,21.8,47,,0.34
2024-10-31,nairobi,0.0,21.8,49,,0.16
2024-11-01,nairobi,1.8,20.8,59,,0.13
2024-11-02,nairobi,0.0,21.1,56,,0.11
2024-11-03,nairobi,0.2,21.5,55,,0.9
2024-11-04,nairobi,0.0,21.6,53,,0.85
2024-11-05,nairobi,3.6,20.1,68,,0.21
2024-11-06,nairobi,2.0,19.7,72,,0.12
2024-11-07,nairobi,5.1,18.5,83,,1.61
2024-11-08,nairobi,5.1,18.4,75,,3.35
2024-11-09,nairobi,1.3,19.2,69,,4.79
2024-11-10,nairobi,1.8,19.1,76,,3.99
2024-11-11,nairobi,9.8,16.9,85,,2.55
2024-11-12,nairobi,0.2,18.7,71,,2.12
2024-11-13,nairobi,2.8,19.0,77,,13.45
2024-11-14,nairobi,7.9,19.8,78,,6.5
2024-11-15,nairobi,7.2,17.6,88,,4.25
2024-11-16,nairobi,12.0,17.0,90,,5.62
2024-11-17,nairobi,1.3,18.5,76,,10.09
2024-11-18,nairobi,0.6,19.4,70,,13.89
2024-11-19,nairobi,1.7,19.7,74,,7.07
2024-11-20,nairobi,2.2,19.7,77,,6.48
2024-11-21,nairobi,6.7,18.5,84,,4.83
2024-11-22,nairobi,2.5,19.1,80,,4.47
2024-11-23,nairobi,1.6,19.3,77,,12.49
2024-11-24,nairobi,19.9,19.0,82,,8.59
2024-11-25,nairobi,21.2,18.1,86,,5.07
2024-11-26,nairobi,2.0,18.7,79,,22.6
2024-11-27,nairobi,3.2,18.5,83,,39.64
2024-11-28,nairobi,4.4,19.2,81,,17.92
2024-11-29,nairobi,0.4,19.3,78,,11.82
2024-11-30,nairobi,0.5,19.0,75,,14.28
2024-12-01,nairobi,12.2,18.6,78,,7.93
2024-12-02,nairobi,1.2,19.4,73,,3.3
2024-12-03,nairobi,4.2,19.2,73,,10.43
2024-12-04,nairobi,0.4,20.0,66,,6.73
2024-12-05,nairobi,0.2,20.5,63,,2.15
2024-12-06,nairobi,0.3,20.7,62,,1.21
2024-12-07,nairobi,0.6,20.9,55,,0.49
2024-12-08,nairobi,0.2,20.7,56,,0.34
2024-12-09,nairobi,0.5,20.2,65,,0.25
2024-12-10,nairobi,2.1,20.3,69,,0.19
2024-12-11,nairobi,2.2,20.1,69,,0.16
2024-12-12,nairobi,1.7,20.5,66,,1.37
2024-12-13,nairobi,0.3,21.2,62,,1.32
2024-12-14,nairobi,0.0,21.6,61,,0.64
2024-12-15,nairobi,1.2,21.6,63,,0.36
2024-12-16,nairobi,1.9,20.4,69,,0.37
2024-12-17,nairobi,1.3,19.9,69,,0.73
2024-12-18,nairobi,1.1,20.6,65,,0.84
2024-12-19,nairobi,5.1,19.1,77,,0.56
2024-12-20,nairobi,5.6,19.1,78,,0.29
2024-12-21,nairobi,7.8,18.4,86,,9.47
2024-12-22,nairobi,3.1,18.7,82,,7.53
2024-12-23,nairobi,3.3,18.8,82,,11.36
2024-12-24,nairobi,6.9,18.7,84,,7.63
2024-12-25,nairobi,4.8,18.6,82,,4.79
2024-12-26,nairobi,1.9,18.8,76,,8.27
2024-12-27,nairobi,0.3,19.0,71,,8.04
2024-12-28,nairobi,0.4,19.3,67,,3.06
2024-12-29,nairobi,0.0,19.9,61,,0.87
2024-12-30,nairobi,0.0,20.3,59,,0.45
2024-12-31,nairobi,0.6,20.1,67,,0.33
2015-01-01,tana_river_hola,0.0,29.8,52,,0.0
2015-01-02,tana_river_hola,0.0,30.2,48,,0.0
2015-01-03,tana_river_hola,0.0,30.3,51,,0.0
2015-01-04,tana_river_hola,0.0,30.0,52,,0.0
2015-01-05,tana_river_hola,0.0,30.0,54,,0.0
2015-01-06,tana_river_hola,0.0,30.0,54,,0.0
2015-01-07,tana_river_hola,0.0,30.0,56,,0.0
2015-01-08,tana_river_hola,0.0,30.1,54,,0.0
2015-01-09,tana_river_hola,0.0,30.0,54,,0.0
2015-01-10,tana_river_hola,0.0,30.0,55,,0.0
2015-01-11,tana_river_hola,0.0,30.0,55,,0.0
2015-01-12,tana_river_hola,0.0,30.2,55,,0.0
2015-01-13,tana_river_hola,0.0,30.2,52,,0.0
2015-01-14,tana_river_hola,0.0,30.6,44,,0.0
2015-01-15,tana_river_hola,0.0,30.5,47,,0.0
2015-01-16,tana_river_hola,0.0,30.3,51,,0.0
2015-01-17,tana_river_hola,0.0,30.2,50,,0.0
2015-01-18,tana_river_hola,0.0,30.2,50,,0.0
2015-01-19,tana_river_hola,0.0,29.8,56,,0.0
2015-01-20,tana_river_hola,0.0,29.7,54,,0.0
2015-01-21,tana_river_hola,0.0,28.7,56,,0.0
2015-01-22,tana_river_hola,0.5,28.4,58,,0.0
2015-01-23,tana_river_hola,0.0,27.8,60,,0.0
2015-01-24,tana_river_hola,0.0,27.8,60,,0.0
2015-01-25,tana_river_hola,0.0,28.3,55,,0.0
2015-01-26,tana_river_hola,0.0,28.7,54,,0.0
2015-01-27,tana_river_hola,0.0,29.3,54,,0.0
2015-01-28,tana_river_hola,0.0,29.2,55,,0.0
2015-01-29,tana_river_hola,0.0,29.2,56,,0.0
2015-01-30,tana_river_hola,0.0,29.9,52,,0.0
2015-01-31,tana_river_hola,0.0,29.7,56,,0.0
2015-02-01,tana_river_hola,0.0,29.4,57,,0.0
2015-02-02,tana_river_hola,0.0,29.6,54,,0.0
2015-02-03,tana_river_hola,0.0,29.6,54,,0.0
2015-02-04,tana_river_hola,0.0,28.9,58,,0.0
2015-02-05,tana_river_hola,0.0,29.1,59,,0.0
2015-02-06,tana_river_hola,0.0,29.9,56,,0.0
2015-02-07,tana_river_hola,0.0,30.0,55,,0.0
2015-02-08,tana_river_hola,0.0,28.9,58,,0.0
2015-02-09,tana_river_hola,0.0,28.7,62,,0.0
2015-02-10,tana_river_hola,0.0,29.1,59,,0.0
2015-02-11,tana_river_hola,0.0,29.4,57,,0.0
2015-02-12,tana_river_hola,0.0,29.3,60,,0.0
2015-02-13,tana_river_hola,0.0,29.6,59,,0.0
2015-02-14,tana_river_hola,0.0,29.5,58,,0.0
2015-02-15,tana_river_hola,0.0,28.7,62,,0.0
2015-02-16,tana_river_hola,0.0,30.0,58,,0.0
2015-02-17,tana_river_hola,0.0,30.5,55,,0.0
2015-02-18,tana_river_hola,0.0,29.0,58,,0.0
2015-02-19,tana_river_hola,0.0,29.2,58,,0.0
2015-02-20,tana_river_hola,0.0,29.7,57,,0.0
2015-02-21,tana_river_hola,0.0,29.7,58,,0.0
2015-02-22,tana_river_hola,0.0,29.8,57,,0.0
2015-02-23,tana_river_hola,0.0,29.5,58,,0.0
2015-02-24,tana_river_hola,0.0,29.6,57,,0.0
2015-02-25,tana_river_hola,0.0,29.7,55,,0.0
2015-02-26,tana_river_hola,0.0,29.0,61,,0.0
2015-02-27,tana_river_hola,0.0,30.1,56,,0.0
2015-02-28,tana_river_hola,0.0,31.0,51,,0.0
2015-03-01,tana_river_hola,0.0,30.5,52,,0.0
2015-03-02,tana_river_hola,0.0,29.9,54,,0.0
2015-03-03,tana_river_hola,0.0,30.0,52,,0.0
2015-03-04,tana_river_hola,0.0,30.0,51,,0.0
2015-03-05,tana_river_hola,0.0,29.4,57,,0.0
2015-03-06,tana_river_hola,0.0,29.6,56,,0.0
2015-03-07,tana_river_hola,0.0,30.0,55,,0.0
2015-03-08,tana_river_hola,0.0,30.2,54,,0.0
2015-03-09,tana_river_hola,0.0,30.4,53,,0.0
2015-03-10,tana_river_hola,0.0,30.0,53,,0.0
2015-03-11,tana_river_hola,0.0,30.2,54,,0.0
2015-03-12,tana_river_hola,0.0,29.6,57,,0.0
2015-03-13,tana_river_hola,0.0,29.4,60,,0.0
2015-03-14,tana_river_hola,0.0,29.6,56,,0.0
2015-03-15,tana_river_hola,0.0,29.7,54,,0.0
2015-03-16,tana_river_hola,0.0,30.3,56,,0.0
2015-03-17,tana_river_hola,0.0,29.9,58,,0.0
2015-03-18,tana_river_hola,0.5,30.1,58,,0.0
2015-03-19,tana_river_hola,0.0,30.3,56,,0.0
2015-03-20,tana_river_hola,0.2,30.1,63,,0.0
2015-03-21,tana_river_hola,0.2,29.8,66,,0.0
2015-03-22,tana_river_hola,2.0,29.3,66,,0.0
2015-03-23,tana_river_hola,2.7,28.8,69,,0.0
2015-03-24,tana_river_hola,0.4,28.1,71,,0.0
2015-03-25,tana_river_hola,6.1,27.3,76,,0.0
2015-03-26,tana_river_hola,5.0,26.9,79,,0.0
2015-03-27,tana_river_hola,3.2,27.7,76,,0.0
2015-03-28,tana_river_hola,0.7,28.5,74,,0.0
2015-03-29,tana_river_hola,0.5,28.8,72,,0.0
2015-03-30,tana_river_hola,2.2,28.7,74,,0.0
2015-03-31,tana_river_hola,4.0,28.2,75,,0.0
2015-04-01,tana_river_hola,1.4,28.8,74,,0.0
2015-04-02,tana_river_hola,0.4,29.5,69,,0.0
2015-04-03,tana_river_hola,0.1,29.5,69,,0.0
2015-04-04,tana_river_hola,0.6,29.4,68,,0.0
2015-04-05,tana_river_hola,5.4,28.9,71,,0.0
2015-04-06,tana_river_hola,0.5,29.9,68,,0.0
2015-04-07,tana_river_hola,0.0,30.1,65,,0.0
2015-04-08,tana_river_hola,0.5,29.9,65,,0.0
2015-04-09,tana_river_hola,0.0,30.1,59,,0.0
2015-04-10,tana_river_hola,1.9,29.5,65,,0.0
2015-04-11,tana_river_hola,3.8,29.2,69,,0.0
2015-04-12,tana_river_hola,4.7,28.8,72,,0.0
2015-04-13,tana_river_hola,1.3,28.4,74,,0.0
2015-04-14,tana_river_hola,0.7,29.0,70,,0.0
2015-04-15,tana_river_hola,0.5,28.9,70,,0.0
2015-04-16,tana_river_hola,1.0,28.9,70,,0.0
2015-04-17,tana_river_hola,2.2,28.4,71,,0.0
2015-04-18,tana_river_hola,0.4,28.8,67,,0.0
2015-04-19,tana_river_hola,0.0,29.2,65,,0.0
2015-04-20,tana_river_hola,1.2,29.1,68,,0.0
2015-04-21,tana_river_hola,1.8,28.7,69,,0.0
2015-04-22,tana_river_hola,4.8,27.9,72,,0.0
2015-04-23,tana_river_hola,1.0,28.3,69,,0.0
2015-04-24,tana_river_hola,0.2,28.9,68,,0.0
2015-04-25,tana_river_hola,5.4,27.1,75,,0.0
2015-04-26,tana_river_hola,1.6,27.9,71,,0.0
2015-04-27,tana_river_hola,1.0,28.3,70,,0.0
2015-04-28,tana_river_hola,2.4,27.8,74,,0.0
2015-04-29,tana_river_hola,2.2,28.2,72,,0.0
2015-04-30,tana_river_hola,0.6,28.7,71,,0.0
2015-05-01,tana_river_hola,0.5,29.0,68,,0.0
2015-05-02,tana_river_hola,0.1,29.3,64,,0.0
2015-05-03,tana_river_hola,0.1,28.2,70,,0.0
2015-05-04,tana_river_hola,2.7,27.6,73,,0.0
2015-05-05,tana_river_hola,16.1,26.0,83,,0.0
2015-05-06,tana_river_hola,0.9,27.0,77,,0.0
2015-05-07,tana_river_hola,5.4,26.7,78,,0.0
2015-05-08,tana_river_hola,4.2,27.1,74,,0.0
2015-05-09,tana_river_hola,0.5,26.6,75,,0.0
2015-05-10,tana_river_hola,0.0,27.6,69,,0.0
2015-05-11,tana_river_hola,0.4,27.6,70,,0.0
2015-05-12,tana_river_hola,0.9,27.8,69,,0.0
2015-05-13,tana_river_hola,0.4,28.1,69,,0.0
2015-05-14,tana_river_hola,0.2,28.5,69,,0.0
2015-05-15,tana_river_hola,5.9,27.8,72,,0.0
2015-05-16,tana_river_hola,0.0,28.2,69,,0.0
2015-05-17,tana_river_hola,0.1,28.2,67,,0.0
2015-05-18,tana_river_hola,0.0,29.0,57,,0.0
2015-05-19,tana_river_hola,0.1,28.3,61,,0.0
2015-05-20,tana_river_hola,0.0,28.6,60,,0.0
2015-05-21,tana_river_hola,0.0,28.9,58,,0.0
2015-05-22,tana_river_hola,0.1,28.3,62,,0.0
2015-05-23,tana_river_hola,0.0,28.2,64,,0.0
2015-05-24,tana_river_hola,0.1,27.9,65,,0.0
2015-05-25,tana_river_hola,0.0,28.3,65,,0.0
2015-05-26,tana_river_hola,0.7,28.5,66,,0.0
2015-05-27,tana_river_hola,0.4,28.2,68,,0.0
2015-05-28,tana_river_hola,0.3,27.8,69,,0.0
2015-05-29,tana_river_hola,2.9,26.5,74,,0.0
2015-05-30,tana_river_hola,0.5,27.0,71,,0.0
2015-05-31,tana_river_hola,0.8,26.7,72,,0.0
2015-06-01,tana_river_hola,0.4,26.4,71,,0.0
2015-06-02,tana_river_hola,0.0,27.2,68,,0.0
2015-06-03,tana_river_hola,0.0,27.3,69,,0.0
2015-06-04,tana_river_hola,0.0,28.0,67,,0.0
2015-06-05,tana_river_hola,0.0,28.6,64,,0.0
2015-06-06,tana_river_hola,0.0,28.8,61,,0.0
2015-06-07,tana_river_hola,0.0,28.4,60,,0.0
2015-06-08,tana_river_hola,0.0,27.7,61,,0.0
2015-06-09,tana_river_hola,0.0,27.5,62,,0.0
2015-06-10,tana_river_hola,0.0,27.5,61,,0.0
2015-06-11,tana_river_hola,0.0,27.6,61,,0.0
2015-06-12,tana_river_hola,0.0,27.6,63,,0.0
2015-06-13,tana_river_hola,0.0,27.1,65,,0.0
2015-06-14,tana_river_hola,0.0,27.3,55,,0.0
2015-06-15,tana_river_hola,0.0,27.4,54,,0.0
2015-06-16,tana_river_hola,0.0,26.5,63,,0.0
2015-06-17,tana_river_hola,0.0,27.1,61,,0.0
2015-06-18,tana_river_hola,0.0,27.2,67,,0.0
2015-06-19,tana_river_hola,0.0,27.4,63,,0.0
2015-06-20,tana_river_hola,0.0,27.2,60,,0.0
2015-06-21,tana_river_hola,0.0,27.4,58,,0.0
2015-06-22,tana_river_hola,1.1,27.2,58,,0.0
2015-06-23,tana_river_hola,0.0,27.5,60,,0.0
2015-06-24,tana_river_hola,0.0,27.3,65,,0.0
2015-06-25,tana_river_hola,0.0,27.1,60,,0.0
2015-06-26,tana_river_hola,0.0,27.0,59,,0.0
2015-06-27,tana_river_hola,0.0,26.9,61,,0.0
2015-06-28,tana_river_hola,0.1,27.1,65,,0.0
2015-06-29,tana_river_hola,0.6,27.0,69,,0.0
2015-06-30,tana_river_hola,0.1,27.1,68,,0.0
2015-07-01,tana_river_hola,0.0,27.1,66,,0.0
2015-07-02,tana_river_hola,0.0,26.6,66,,0.0
2015-07-03,tana_river_hola,0.0,26.6,63,,0.0
2015-07-04,tana_river_hola,0.0,26.6,63,,0.0
2015-07-05,tana_river_hola,0.3,26.7,65,,0.0
2015-07-06,tana_river_hola,2.7,25.7,75,,0.0
2015-07-07,tana_river_hola,0.7,26.3,70,,0.0
2015-07-08,tana_river_hola,0.0,26.0,68,,0.0
2015-07-09,tana_river_hola,0.0,26.2,65,,0.0
2015-07-10,tana_river_hola,1.4,25.3,70,,0.0
2015-07-11,tana_river_hola,0.4,25.3,69,,0.0
2015-07-12,tana_river_hola,0.3,25.4,71,,0.0
2015-07-13,tana_river_hola,0.0,26.1,65,,0.0
2015-07-14,tana_river_hola,0.0,26.1,66,,0.0
2015-07-15,tana_river_hola,0.0,26.4,64,,0.0
2015-07-16,tana_river_hola,0.0,26.5,63,,0.0
2015-07-17,tana_river_hola,0.0,26.6,62,,0.0
2015-07-18,tana_river_hola,0.6,26.3,69,,0.0
2015-07-19,tana_river_hola,0.0,26.0,69,,0.0
2015-07-20,tana_river_hola,0.1,25.7,67,,0.0
2015-07-21,tana_river_hola,0.0,26.0,65,,0.0
2015-07-22,tana_river_hola,0.6,25.6,68,,0.0
2015-07-23,tana_river_hola,0.3,25.7,67,,0.0
2015-07-24,tana_river_hola,0.1,26.1,66,,0.0
2015-07-25,tana_river_hola,0.0,26.4,62,,0.0
2015-07-26,tana_river_hola,0.1,26.0,67,,0.0
2015-07-27,tana_river_hola,0.1,26.0,68,,0.0
2015-07-28,tana_river_hola,0.3,26.0,69,,0.0
2015-07-29,tana_river_hola,1.9,25.5,73,,0.0
2015-07-30,tana_river_hola,0.1,26.2,69,,0.0
2015-07-31,tana_river_hola,0.0,26.5,66,,0.0
2015-08-01,tana_river_hola,0.0,26.4,67,,0.0
2015-08-02,tana_river_hola,0.7,26.0,69,,0.0
2015-08-03,tana_river_hola,0.3,26.4,65,,0.0
2015-08-04,tana_river_hola,0.0,26.4,63,,0.0
2015-08-05,tana_river_hola,0.3,26.0,68,,0.0
2015-08-06,tana_river_hola,0.4,26.2,68,,0.0
2015-08-07,tana_river_hola,0.0,25.9,65,,0.0
2015-08-08,tana_river_hola,0.0,25.7,63,,0.0
2015-08-09,tana_river_hola,0.0,26.0,61,,0.0
2015-08-10,tana_river_hola,0.0,25.7,66,,0.0
2015-08-11,tana_river_hola,0.8,26.1,66,,0.0
2015-08-12,tana_river_hola,0.0,26.1,65,,0.0
2015-08-13,tana_river_hola,0.3,26.1,68,,0.0
2015-08-14,tana_river_hola,0.4,26.0,68,,0.0
2015-08-15,tana_river_hola,0.0,26.6,62,,0.0
2015-08-16,tana_river_hola,0.3,26.5,64,,0.0
2015-08-17,tana_river_hola,0.0,26.3,64,,0.0
2015-08-18,tana_river_hola,0.0,26.4,63,,0.0
2015-08-19,tana_river_hola,0.0,26.4,63,,0.0
2015-08-20,tana_river_hola,0.1,26.0,65,,0.0
2015-08-21,tana_river_hola,0.0,26.1,67,,0.0
2015-08-22,tana_river_hola,0.2,25.5,68,,0.0
2015-08-23,tana_river_hola,0.0,25.6,65,,0.0
2015-08-24,tana_river_hola,0.8,25.7,67,,0.0
2015-08-25,tana_river_hola,0.0,26.3,64,,0.0
2015-08-26,tana_river_hola,0.0,26.1,62,,0.0
2015-08-27,tana_river_hola,0.0,26.4,64,,0.0
2015-08-28,tana_river_hola,2.8,25.2,74,,0.0
2015-08-29,tana_river_hola,0.3,26.5,66,,0.0
2015-08-30,tana_river_hola,0.1,26.2,67,,0.0
2015-08-31,tana_river_hola,0.1,26.5,65,,0.0
2015-09-01,tana_river_hola,0.1,26.2,66,,0.0
2015-09-02,tana_river_hola,0.0,26.6,65,,0.0
2015-09-03,tana_river_hola,0.0,26.8,66,,0.0
2015-09-04,tana_river_hola,0.8,26.9,63,,0.0
2015-09-05,tana_river_hola,0.1,26.4,64,,0.0
2015-09-06,tana_river_hola,0.0,26.4,65,,0.0
2015-09-07,tana_river_hola,0.2,26.2,62,,0.0
2015-09-08,tana_river_hola,0.2,25.9,66,,0.0
2015-09-09,tana_river_hola,0.0,26.3,66,,0.0
2015-09-10,tana_river_hola,0.0,26.6,65,,0.0
2015-09-11,tana_river_hola,1.0,26.4,68,,0.0
2015-09-12,tana_river_hola,0.0,27.1,63,,0.0
2015-09-13,tana_river_hola,0.0,27.5,63,,0.0
2015-09-14,tana_river_hola,0.1,26.9,66,,0.0
2015-09-15,tana_river_hola,0.2,26.4,62,,0.0
2015-09-16,tana_river_hola,0.0,26.7,61,,0.0
2015-09-17,tana_river_hola,0.0,26.4,69,,0.0
2015-09-18,tana_river_hola,0.0,26.9,68,,0.0
2015-09-19,tana_river_hola,0.0,27.3,65,,0.0
2015-09-20,tana_river_hola,0.0,26.6,63,,0.0
2015-09-21,tana_river_hola,0.0,26.5,63,,0.0
2015-09-22,tana_river_hola,0.0,27.0,60,,0.0
2015-09-23,tana_river_hola,0.1,27.1,63,,0.0
2015-09-24,tana_river_hola,0.0,26.9,63,,0.0
2015-09-25,tana_river_hola,0.0,27.0,61,,0.0
2015-09-26,tana_river_hola,0.4,26.8,65,,0.0
2015-09-27,tana_river_hola,0.7,26.5,70,,0.0
2015-09-28,tana_river_hola,0.7,27.2,68,,0.0
2015-09-29,tana_river_hola,0.0,27.9,67,,0.0
2015-09-30,tana_river_hola,0.0,28.3,64,,0.0
2015-10-01,tana_river_hola,0.0,27.8,65,,0.0
2015-10-02,tana_river_hola,0.2,28.1,67,,0.0
2015-10-03,tana_river_hola,0.4,28.4,67,,0.0
2015-10-04,tana_river_hola,1.1,27.7,71,,0.0
2015-10-05,tana_river_hola,0.7,28.1,63,,0.0
2015-10-06,tana_river_hola,0.6,27.4,70,,0.0
2015-10-07,tana_river_hola,1.7,27.0,73,,0.0
2015-10-08,tana_river_hola,1.1,27.6,72,,0.0
2015-10-09,tana_river_hola,0.1,27.5,71,,0.0
2015-10-10,tana_river_hola,0.0,27.8,65,,0.0
2015-10-11,tana_river_hola,0.1,27.7,68,,0.0
2015-10-12,tana_river_hola,5.7,26.3,80,,0.0
2015-10-13,tana_river_hola,0.2,27.6,71,,0.0
2015-10-14,tana_river_hola,0.3,27.9,69,,0.0
2015-10-15,tana_river_hola,0.4,27.2,74,,0.0
2015-10-16,tana_river_hola,1.6,27.6,72,,0.0
2015-10-17,tana_river_hola,0.0,28.3,67,,0.0
2015-10-18,tana_river_hola,0.6,28.0,70,,0.0
2015-10-19,tana_river_hola,0.0,28.1,65,,0.0
2015-10-20,tana_river_hola,0.2,27.9,65,,0.0
2015-10-21,tana_river_hola,0.3,27.8,67,,0.0
2015-10-22,tana_river_hola,0.5,28.3,66,,0.0
2015-10-23,tana_river_hola,0.0,28.9,63,,0.0
2015-10-24,tana_river_hola,0.6,28.4,68,,0.0
2015-10-25,tana_river_hola,0.8,28.6,64,,0.0
2015-10-26,tana_river_hola,0.0,28.8,63,,0.0
2015-10-27,tana_river_hola,0.0,28.9,63,,0.0
2015-10-28,tana_river_hola,0.2,29.1,66,,0.0
2015-10-29,tana_river_hola,0.4,28.8,67,,0.0
2015-10-30,tana_river_hola,5.8,28.8,69,,0.0
2015-10-31,tana_river_hola,1.5,28.8,72,,0.0
2015-11-01,tana_river_hola,7.1,28.0,77,,0.0
2015-11-02,tana_river_hola,4.3,27.9,77,,0.0
2015-11-03,tana_river_hola,0.6,28.6,74,,0.0
2015-11-04,tana_river_hola,3.4,28.5,75,,0.0
2015-11-05,tana_river_hola,7.7,27.6,76,,0.0
2015-11-06,tana_river_hola,0.3,27.1,75,,0.0
2015-11-07,tana_river_hola,0.0,27.7,67,,0.0
2015-11-08,tana_river_hola,4.3,27.4,73,,0.0
2015-11-09,tana_river_hola,2.7,26.4,80,,0.0
2015-11-10,tana_river_hola,0.8,27.1,76,,0.0
2015-11-11,tana_river_hola,1.3,27.3,74,,0.0
2015-11-12,tana_river_hola,0.5,27.6,74,,0.0
2015-11-13,tana_river_hola,4.2,27.6,77,,0.0
2015-11-14,tana_river_hola,5.6,26.9,79,,0.0
2015-11-15,tana_river_hola,3.3,26.8,81,,0.0
2015-11-16,tana_river_hola,14.8,26.4,85,,0.0
2015-11-17,tana_river_hola,7.1,25.7,86,,0.0
2015-11-18,tana_river_hola,1.7,26.7,81,,0.0
2015-11-19,tana_river_hola,2.0,27.3,80,,0.0
2015-11-20,tana_river_hola,7.7,27.0,80,,0.0
2015-11-21,tana_river_hola,9.1,26.3,84,,0.0
2015-11-22,tana_river_hola,1.7,26.9,81,,0.0
2015-11-23,tana_river_hola,3.7,27.2,82,,0.0
2015-11-24,tana_river_hola,2.5,27.2,82,,0.0
2015-11-25,tana_river_hola,0.0,28.0,78,,0.0
2015-11-26,tana_river_hola,6.3,27.3,80,,0.0
2015-11-27,tana_river_hola,0.1,27.1,78,,0.0
2015-11-28,tana_river_hola,2.4,26.9,80,,0.0
2015-11-29,tana_river_hola,0.8,27.0,80,,0.0
2015-11-30,tana_river_hola,1.7,27.1,77,,0.0
2015-12-01,tana_river_hola,0.1,27.4,78,,0.0
2015-12-02,tana_river_hola,1.4,27.7,77,,0.0
2015-12-03,tana_river_hola,3.5,26.9,80,,0.0
2015-12-04,tana_river_hola,1.6,27.4,78,,0.0
2015-12-05,tana_river_hola,3.0,27.5,79,,0.0
2015-12-06,tana_river_hola,1.7,28.3,77,,0.0
2015-12-07,tana_river_hola,0.4,29.1,73,,0.0
2015-12-08,tana_river_hola,3.4,28.7,75,,0.0
2015-12-09,tana_river_hola,0.2,29.8,69,,0.0
2015-12-10,tana_river_hola,0.0,29.9,65,,0.0
2015-12-11,tana_river_hola,0.1,30.2,64,,0.0
2015-12-12,tana_river_hola,0.0,29.8,65,,0.0
2015-12-13,tana_river_hola,0.0,29.3,66,,0.0
2015-12-14,tana_river_hola,3.0,28.6,72,,0.0
2015-12-15,tana_river_hola,15.4,28.2,77,,0.0
2015-12-16,tana_river_hola,0.2,28.4,76,,0.0
2015-12-17,tana_river_hola,6.8,27.5,78,,0.0
2015-12-18,tana_river_hola,5.6,27.6,78,,0.0
2015-12-19,tana_river_hola,5.7,27.1,80,,0.0
2015-12-20,tana_river_hola,0.4,28.0,73,,0.0
2015-12-21,tana_river_hola,0.0,28.5,65,,0.0
2015-12-22,tana_river_hola,0.0,28.9,65,,0.0
2015-12-23,tana_river_hola,0.2,28.8,65,,0.0
2015-12-24,tana_river_hola,0.0,29.0,62,,0.0
2015-12-25,tana_river_hola,0.4,28.8,69,,0.0
2015-12-26,tana_river_hola,0.7,29.2,67,,0.0
2015-12-27,tana_river_hola,0.3,29.3,68,,0.0
2015-12-28,tana_river_hola,0.0,30.0,58,,0.0
2015-12-29,tana_river_hola,0.0,30.1,55,,0.0
2015-12-30,tana_river_hola,0.0,30.7,54,,0.0
2015-12-31,tana_river_hola,0.0,31.1,58,,0.0
2016-01-01,tana_river_hola,0.0,31.2,59,,0.0
2016-01-02,tana_river_hola,0.0,30.5,64,,0.0
2016-01-03,tana_river_hola,0.0,30.9,61,,0.0
2016-01-04,tana_river_hola,0.0,30.6,60,,0.0
2016-01-05,tana_river_hola,0.1,29.8,64,,0.0
2016-01-06,tana_river_hola,0.1,30.0,62,,0.0
2016-01-07,tana_river_hola,0.0,29.8,61,,0.0
2016-01-08,tana_river_hola,0.0,30.8,52,,0.0
2016-01-09,tana_river_hola,0.0,31.1,53,,0.0
2016-01-10,tana_river_hola,0.0,30.5,55,,0.0
2016-01-11,tana_river_hola,0.0,29.9,57,,0.0
2016-01-12,tana_river_hola,0.0,30.2,57,,0.0
2016-01-13,tana_river_hola,0.0,30.3,57,,0.0
2016-01-14,tana_river_hola,0.0,30.3,58,,0.0
2016-01-15,tana_river_hola,0.1,30.4,59,,0.0
2016-01-16,tana_river_hola,0.0,30.6,55,,0.0
2016-01-17,tana_river_hola,0.0,30.8,57,,0.0
2016-01-18,tana_river_hola,0.0,31.0,53,,0.0
2016-01-19,tana_river_hola,0.0,30.1,58,,0.0
2016-01-20,tana_river_hola,0.0,30.7,57,,0.0
2016-01-21,tana_river_hola,0.0,30.4,56,,0.0
2016-01-22,tana_river_hola,0.0,30.5,51,,0.0
2016-01-23,tana_river_hola,0.0,30.6,50,,0.0
2016-01-24,tana_river_hola,0.0,30.3,55,,0.0
2016-01-25,tana_river_hola,0.0,30.2,58,,0.0
2016-01-26,tana_river_hola,0.0,30.5,58,,0.0
2016-01-27,tana_river_hola,0.0,30.7,56,,0.0
2016-01-28,tana_river_hola,0.0,29.6,62,,0.0
2016-01-29,tana_river_hola,0.0,30.3,58,,0.0
2016-01-30,tana_river_hola,0.0,30.5,55,,0.0
2016-01-31,tana_river_hola,0.0,30.7,55,,0.0
2016-02-01,tana_river_hola,0.0,31.3,51,,0.0
2016-02-02,tana_river_hola,0.0,30.2,51,,0.0
2016-02-03,tana_river_hola,0.0,30.8,50,,0.0
2016-02-04,tana_river_hola,0.0,31.5,49,,0.0
2016-02-05,tana_river_hola,0.0,31.6,50,,0.0
2016-02-06,tana_river_hola,0.0,31.0,50,,0.0
2016-02-07,tana_river_hola,0.0,30.3,56,,0.0
2016-02-08,tana_river_hola,0.0,30.9,57,,0.0
2016-02-09,tana_river_hola,0.0,30.5,59,,0.0
2016-02-10,tana_river_hola,0.0,30.3,60,,0.0
2016-02-11,tana_river_hola,0.0,30.7,56,,0.0
2016-02-12,tana_river_hola,0.0,30.7,57,,0.0
2016-02-13,tana_river_hola,0.0,31.5,50,,0.0
2016-02-14,tana_river_hola,0.0,30.6,52,,0.0
2016-02-15,tana_river_hola,0.0,29.6,55,,0.0
2016-02-16,tana_river_hola,0.0,29.7,57,,0.0
2016-02-17,tana_river_hola,0.0,30.1,57,,0.0
2016-02-18,tana_river_hola,0.0,30.5,54,,0.0
2016-02-19,tana_river_hola,0.0,30.3,55,,0.0
2016-02-20,tana_river_hola,0.0,29.9,54,,0.0
2016-02-21,tana_river_hola,0.0,30.1,50,,0.0
2016-02-22,tana_river_hola,0.0,29.9,55,,0.0
2016-02-23,tana_river_hola,0.0,29.9,57,,0.0
2016-02-24,tana_river_hola,0.0,30.2,57,,0.0
2016-02-25,tana_river_hola,0.0,30.4,59,,0.0
2016-02-26,tana_river_hola,0.3,30.5,60,,0.0
2016-02-27,tana_river_hola,1.1,30.3,65,,0.0
2016-02-28,tana_river_hola,0.0,30.8,61,,0.0
2016-02-29,tana_river_hola,0.5,30.2,66,,0.0
2016-03-01,tana_river_hola,1.6,29.3,71,,0.0
2016-03-02,tana_river_hola,0.5,30.1,66,,0.0
2016-03-03,tana_river_hola,0.0,30.8,63,,0.0
2016-03-04,tana_river_hola,0.0,30.7,60,,0.0
2016-03-05,tana_river_hola,0.2,30.5,64,,0.0
2016-03-06,tana_river_hola,0.0,30.8,63,,0.0
2016-03-07,tana_river_hola,0.6,30.8,66,,0.0
2016-03-08,tana_river_hola,0.4,31.0,65,,0.0
2016-03-09,tana_river_hola,3.3,29.9,68,,0.0
2016-03-10,tana_river_hola,0.1,30.6,67,,0.0
2016-03-11,tana_river_hola,0.6,30.9,65,,0.0
2016-03-12,tana_river_hola,0.0,31.4,56,,0.0
2016-03-13,tana_river_hola,0.0,30.8,60,,0.0
2016-03-14,tana_river_hola,0.0,30.8,61,,0.0
2016-03-15,tana_river_hola,0.0,31.2,59,,0.0
2016-03-16,tana_river_hola,0.0,31.5,59,,0.0
2016-03-17,tana_river_hola,0.3,31.7,59,,0.0
2016-03-18,tana_river_hola,0.8,31.6,62,,0.0
2016-03-19,tana_river_hola,0.2,31.9,62,,0.0
2016-03-20,tana_river_hola,0.0,31.9,58,,0.0
2016-03-21,tana_river_hola,0.0,31.3,58,,0.0
2016-03-22,tana_river_hola,0.0,31.7,55,,0.0
2016-03-23,tana_river_hola,0.0,31.7,56,,0.0
2016-03-24,tana_river_hola,0.0,31.6,56,,0.0
2016-03-25,tana_river_hola,0.0,31.5,55,,0.0
2016-03-26,tana_river_hola,0.1,31.2,57,,0.0
2016-03-27,tana_river_hola,0.0,31.6,55,,0.0
2016-03-28,tana_river_hola,0.0,31.2,58,,0.0
2016-03-29,tana_river_hola,0.0,31.2,57,,0.0
2016-03-30,tana_river_hola,0.0,31.7,60,,0.0
2016-03-31,tana_river_hola,0.0,31.4,61,,0.0
2016-04-01,tana_river_hola,0.1,31.2,60,,0.0
2016-04-02,tana_river_hola,0.0,30.8,59,,0.0
2016-04-03,tana_river_hola,0.1,30.7,62,,0.0
2016-04-04,tana_river_hola,0.1,31.0,61,,0.0
2016-04-05,tana_river_hola,0.9,30.3,65,,0.0
2016-04-06,tana_river_hola,0.5,30.8,61,,0.0
2016-04-07,tana_river_hola,0.0,31.0,58,,0.0
2016-04-08,tana_river_hola,0.8,30.4,66,,0.0
2016-04-09,tana_river_hola,0.5,30.0,68,,0.0
2016-04-10,tana_river_hola,1.3,29.3,69,,0.0
2016-04-11,tana_river_hola,0.3,29.3,68,,0.0
2016-04-12,tana_river_hola,1.5,29.5,68,,0.0
2016-04-13,tana_river_hola,2.4,29.2,68,,0.0
2016-04-14,tana_river_hola,0.9,29.4,68,,0.0
2016-04-15,tana_river_hola,1.3,29.7,68,,0.0
2016-04-16,tana_river_hola,0.6,29.4,69,,0.0
2016-04-17,tana_river_hola,1.1,28.9,71,,0.0
2016-04-18,tana_river_hola,0.0,30.7,62,,0.0
2016-04-19,tana_river_hola,0.3,30.6,63,,0.0
2016-04-20,tana_river_hola,1.2,30.4,66,,0.0
2016-04-21,tana_river_hola,0.5,30.5,67,,0.0
2016-04-22,tana_river_hola,0.3,30.3,69,,0.0
2016-04-23,tana_river_hola,4.1,29.9,67,,0.0
2016-04-24,tana_river_hola,2.6,29.0,71,,0.0
2016-04-25,tana_river_hola,3.0,28.9,70,,0.0
2016-04-26,tana_river_hola,0.8,29.5,66,,0.0
2016-04-27,tana_river_hola,6.4,29.1,68,,0.0
2016-04-28,tana_river_hola,5.2,27.0,78,,0.0
2016-04-29,tana_river_hola,3.8,27.3,76,,0.0
2016-04-30,tana_river_hola,0.8,28.1,73,,0.0
2016-05-01,tana_river_hola,0.6,28.6,70,,0.0
2016-05-02,tana_river_hola,0.0,29.3,62,,0.0
2016-05-03,tana_river_hola,0.1,28.9,65,,0.0
2016-05-04,tana_river_hola,0.3,29.1,69,,0.0
2016-05-05,tana_river_hola,3.6,27.7,73,,0.0
2016-05-06,tana_river_hola,0.1,28.7,61,,0.0
2016-05-07,tana_river_hola,0.0,29.0,57,,0.0
2016-05-08,tana_river_hola,0.4,28.0,65,,0.0
2016-05-09,tana_river_hola,0.0,28.2,58,,0.0
2016-05-10,tana_river_hola,2.7,26.3,61,,0.0
2016-05-11,tana_river_hola,13.3,24.0,82,,0.0
2016-05-12,tana_river_hola,0.7,26.5,70,,0.0
2016-05-13,tana_river_hola,0.0,27.5,66,,0.0
2016-05-14,tana_river_hola,0.0,27.6,65,,0.0
2016-05-15,tana_river_hola,0.0,28.1,64,,0.0
2016-05-16,tana_river_hola,0.0,28.3,64,,0.0
2016-05-17,tana_river_hola,0.2,28.6,66,,0.0
2016-05-18,tana_river_hola,0.0,28.6,66,,0.0
2016-05-19,tana_river_hola,0.0,28.2,59,,0.0
2016-05-20,tana_river_hola,0.0,28.3,56,,0.0
2016-05-21,tana_river_hola,0.0,27.8,63,,0.0
2016-05-22,tana_river_hola,0.3,27.0,64,,0.0
2016-05-23,tana_river_hola,0.0,27.5,60,,0.0
2016-05-24,tana_river_hola,0.0,27.4,61,,0.0
2016-05-25,tana_river_hola,0.0,27.4,60,,0.0
2016-05-26,tana_river_hola,0.0,27.4,62,,0.0
2016-05-27,tana_river_hola,0.0,27.7,60,,0.0
2016-05-28,tana_river_hola,0.0,27.7,58,,0.0
2016-05-29,tana_river_hola,0.0,27.7,60,,0.0
2016-05-30,tana_river_hola,0.0,27.8,61,,0.0
2016-05-31,tana_river_hola,0.3,28.0,61,,0.0
2016-06-01,tana_river_hola,0.0,27.8,63,,0.0
2016-06-02,tana_river_hola,0.0,27.8,64,,0.0
2016-06-03,tana_river_hola,0.0,28.1,61,,0.0
2016-06-04,tana_river_hola,0.0,27.9,62,,0.0
2016-06-05,tana_river_hola,0.0,27.6,67,,0.0
2016-06-06,tana_river_hola,0.2,27.8,64,,0.0
2016-06-07,tana_river_hola,0.0,27.8,62,,0.0
2016-06-08,tana_river_hola,0.0,27.4,59,,0.0
2016-06-09,tana_river_hola,0.0,26.7,64,,0.0
2016-06-10,tana_river_hola,0.2,26.8,64,,0.0
2016-06-11,tana_river_hola,0.1,26.6,64,,0.0
2016-06-12,tana_river_hola,0.0,27.1,62,,0.0
2016-06-13,tana_river_hola,0.0,27.1,56,,0.0
2016-06-14,tana_river_hola,0.0,27.5,53,,0.0
2016-06-15,tana_river_hola,0.8,26.6,63,,0.0
2016-06-16,tana_river_hola,0.0,27.2,64,,0.0
2016-06-17,tana_river_hola,0.0,27.2,65,,0.0
2016-06-18,tana_river_hola,0.3,27.0,69,,0.0
2016-06-19,tana_river_hola,0.5,26.5,71,,0.0
2016-06-20,tana_river_hola,0.9,26.3,70,,0.0
2016-06-21,tana_river_hola,0.7,26.3,68,,0.0
2016-06-22,tana_river_hola,0.0,26.7,63,,0.0
2016-06-23,tana_river_hola,0.0,26.8,62,,0.0
2016-06-24,tana_river_hola,0.0,26.6,61,,0.0
2016-06-25,tana_river_hola,0.1,26.1,65,,0.0
2016-06-26,tana_river_hola,0.5,26.0,65,,0.0
2016-06-27,tana_river_hola,0.1,25.8,66,,0.0
2016-06-28,tana_river_hola,0.0,26.0,66,,0.0
2016-06-29,tana_river_hola,0.0,26.2,64,,0.0
2016-06-30,tana_river_hola,0.0,26.4,61,,0.0
2016-07-01,tana_river_hola,0.0,26.3,64,,0.0
2016-07-02,tana_river_hola,0.0,26.4,66,,0.0
2016-07-03,tana_river_hola,0.7,25.9,67,,0.0
2016-07-04,tana_river_hola,0.0,25.9,61,,0.0
2016-07-05,tana_river_hola,0.0,26.0,60,,0.0
2016-07-06,tana_river_hola,0.2,25.5,65,,0.0
2016-07-07,tana_river_hola,0.0,25.5,64,,0.0
2016-07-08,tana_river_hola,0.0,25.6,64,,0.0
2016-07-09,tana_river_hola,0.0,25.8,60,,0.0
2016-07-10,tana_river_hola,0.0,25.4,62,,0.0
2016-07-11,tana_river_hola,0.1,25.1,63,,0.0
2016-07-12,tana_river_hola,0.0,25.0,63,,0.0
2016-07-13,tana_river_hola,0.0,25.3,63,,0.0
2016-07-14,tana_river_hola,0.0,25.4,62,,0.0
2016-07-15,tana_river_hola,0.0,25.4,64,,0.0
2016-07-16,tana_river_hola,0.0,25.6,63,,0.0
2016-07-17,tana_river_hola,0.0,25.9,63,,0.0
2016-07-18,tana_river_hola,0.0,25.8,64,,0.0
2016-07-19,tana_river_hola,0.1,25.4,64,,0.0
2016-07-20,tana_river_hola,0.0,26.1,59,,0.0
2016-07-21,tana_river_hola,0.0,26.4,61,,0.0
2016-07-22,tana_river_hola,0.0,26.6,60,,0.0
2016-07-23,tana_river_hola,0.0,26.3,61,,0.0
2016-07-24,tana_river_hola,0.4,26.7,66,,0.0
2016-07-25,tana_river_hola,0.0,26.6,65,,0.0
2016-07-26,tana_river_hola,0.0,26.1,66,,0.0
2016-07-27,tana_river_hola,0.0,25.8,63,,0.0
2016-07-28,tana_river_hola,0.3,25.9,67,,0.0
2016-07-29,tana_river_hola,0.2,26.1,65,,0.0
2016-07-30,tana_river_hola,0.0,26.0,64,,0.0
2016-07-31,tana_river_hola,0.0,26.4,61,,0.0
2016-08-01,tana_river_hola,0.0,26.0,61,,0.0
2016-08-02,tana_river_hola,0.0,25.9,61,,0.0
2016-08-03,tana_river_hola,0.0,26.2,63,,0.0
2016-08-04,tana_river_hola,0.0,26.4,62,,0.0
2016-08-05,tana_river_hola,0.0,26.4,64,,0.0
2016-08-06,tana_river_hola,0.1,26.5,63,,0.0
2016-08-07,tana_river_hola,0.4,25.9,67,,0.0
2016-08-08,tana_river_hola,0.5,25.6,70,,0.0
2016-08-09,tana_river_hola,0.2,26.3,63,,0.0
2016-08-10,tana_river_hola,0.8,25.4,67,,0.0
2016-08-11,tana_river_hola,0.4,25.4,69,,0.0
2016-08-12,tana_river_hola,0.7,25.7,67,,0.0
2016-08-13,tana_river_hola,0.2,25.9,67,,0.0
2016-08-14,tana_river_hola,0.6,26.1,67,,0.0
2016-08-15,tana_river_hola,0.3,26.1,68,,0.0
2016-08-16,tana_river_hola,0.2,26.2,67,,0.0
2016-08-17,tana_river_hola,0.2,26.2,68,,0.0
2016-08-18,tana_river_hola,0.3,26.1,68,,0.0
2016-08-19,tana_river_hola,0.0,26.0,65,,0.0
2016-08-20,tana_river_hola,0.0,26.3,61,,0.0
2016-08-21,tana_river_hola,0.0,26.2,65,,0.0
2016-08-22,tana_river_hola,0.4,25.8,66,,0.0
2016-08-23,tana_river_hola,0.0,26.0,58,,0.0
2016-08-24,tana_river_hola,0.1,25.7,62,,0.0
2016-08-25,tana_river_hola,0.0,26.3,61,,0.0
2016-08-26,tana_river_hola,0.0,26.4,60,,0.0
2016-08-27,tana_river_hola,0.0,26.4,57,,0.0
2016-08-28,tana_river_hola,0.1,25.9,64,,0.0
2016-08-29,tana_river_hola,0.1,25.5,64,,0.0
2016-08-30,tana_river_hola,0.3,25.2,65,,0.0
2016-08-31,tana_river_hola,0.1,25.5,64,,0.0
2016-09-01,tana_river_hola,0.8,25.6,63,,0.0
2016-09-02,tana_river_hola,0.1,25.1,63,,0.0
2016-09-03,tana_river_hola,0.0,25.5,60,,0.0
2016-09-04,tana_river_hola,0.2,25.4,66,,0.0
2016-09-05,tana_river_hola,0.3,25.7,65,,0.0
2016-09-06,tana_river_hola,0.1,25.6,65,,0.0
2016-09-07,tana_river_hola,0.2,25.7,64,,0.0
2016-09-08,tana_river_hola,0.0,26.0,65,,0.0
2016-09-09,tana_river_hola,0.3,26.6,63,,0.0
2016-09-10,tana_river_hola,0.9,26.1,70,,0.0
2016-09-11,tana_river_hola,0.0,26.1,63,,0.0
2016-09-12,tana_river_hola,0.0,26.0,63,,0.0
2016-09-13,tana_river_hola,0.0,25.8,66,,0.0
2016-09-14,tana_river_hola,0.1,25.5,65,,0.0
2016-09-15,tana_river_hola,0.0,25.9,62,,0.0
2016-09-16,tana_river_hola,0.0,26.1,61,,0.0
2016-09-17,tana_river_hola,0.1,26.1,61,,0.0
2016-09-18,tana_river_hola,0.0,26.2,60,,0.0
2016-09-19,tana_river_hola,0.0,25.6,61,,0.0
2016-09-20,tana_river_hola,0.0,26.2,58,,0.0
2016-09-21,tana_river_hola,0.1,26.0,60,,0.0
2016-09-22,tana_river_hola,0.1,25.8,67,,0.0
2016-09-23,tana_river_hola,0.7,26.6,67,,0.0
2016-09-24,tana_river_hola,0.4,26.8,64,,0.0
2016-09-25,tana_river_hola,0.1,26.5,63,,0.0
2016-09-26,tana_river_hola,0.0,26.5,63,,0.0
2016-09-27,tana_river_hola,0.2,26.8,64,,0.0
2016-09-28,tana_river_hola,1.3,27.0,69,,0.0
2016-09-29,tana_river_hola,0.2,27.1,66,,0.0
2016-09-30,tana_river_hola,0.0,26.7,63,,0.0
2016-10-01,tana_river_hola,0.1,26.6,61,,0.0
2016-10-02,tana_river_hola,0.4,26.7,66,,0.0
2016-10-03,tana_river_hola,0.0,27.2,66,,0.0
2016-10-04,tana_river_hola,0.1,27.6,65,,0.0
2016-10-05,tana_river_hola,0.3,27.4,65,,0.0
2016-10-06,tana_river_hola,0.0,27.4,63,,0.0
2016-10-07,tana_river_hola,0.0,27.7,62,,0.0
2016-10-08,tana_river_hola,0.3,27.6,64,,0.0
2016-10-09,tana_river_hola,0.3,27.9,63,,0.0
2016-10-10,tana_river_hola,0.0,28.0,62,,0.0
2016-10-11,tana_river_hola,0.0,27.8,59,,0.0
2016-10-12,tana_river_hola,0.1,27.0,60,,0.0
2016-10-13,tana_river_hola,0.1,27.2,62,,0.0
2016-10-14,tana_river_hola,0.0,27.2,63,,0.0
2016-10-15,tana_river_hola,0.0,27.1,61,,0.0
2016-10-16,tana_river_hola,0.1,27.2,61,,0.0
2016-10-17,tana_river_hola,0.0,27.7,58,,0.0
2016-10-18,tana_river_hola,0.0,27.8,58,,0.0
2016-10-19,tana_river_hola,0.1,27.5,62,,0.0
2016-10-20,tana_river_hola,1.0,26.9,65,,0.0
2016-10-21,tana_river_hola,0.0,27.2,65,,0.0
2016-10-22,tana_river_hola,0.6,27.2,64,,0.0
2016-10-23,tana_river_hola,0.6,27.3,63,,0.0
2016-10-24,tana_river_hola,0.0,27.8,62,,0.0
2016-10-25,tana_river_hola,1.0,27.8,67,,0.0
2016-10-26,tana_river_hola,0.7,28.4,65,,0.0
2016-10-27,tana_river_hola,0.6,28.1,66,,0.0
2016-10-28,tana_river_hola,0.0,28.6,62,,0.0
2016-10-29,tana_river_hola,0.0,28.5,62,,0.0
2016-10-30,tana_river_hola,0.0,29.1,62,,0.0
2016-10-31,tana_river_hola,0.0,29.2,62,,0.0
2016-11-01,tana_river_hola,0.3,29.0,63,,0.0
2016-11-02,tana_river_hola,1.7,28.6,67,,0.0
2016-11-03,tana_river_hola,0.4,28.0,70,,0.0
2016-11-04,tana_river_hola,4.0,27.6,72,,0.0
2016-11-05,tana_river_hola,2.4,27.4,72,,0.0
2016-11-06,tana_river_hola,0.3,27.8,69,,0.0
2016-11-07,tana_river_hola,0.5,27.8,67,,0.0
2016-11-08,tana_river_hola,0.8,28.4,63,,0.0
2016-11-09,tana_river_hola,0.5,28.5,66,,0.0
2016-11-10,tana_river_hola,0.3,28.2,68,,0.0
2016-11-11,tana_river_hola,0.0,28.5,67,,0.0
2016-11-12,tana_river_hola,0.0,28.3,64,,0.0
2016-11-13,tana_river_hola,0.0,29.1,63,,0.0
2016-11-14,tana_river_hola,3.1,28.1,69,,0.0
2016-11-15,tana_river_hola,3.3,28.1,70,,0.0
2016-11-16,tana_river_hola,1.2,28.4,68,,0.0
2016-11-17,tana_river_hola,1.6,28.4,70,,0.0
2016-11-18,tana_river_hola,9.6,27.7,75,,0.0
2016-11-19,tana_river_hola,5.8,27.1,78,,0.0
2016-11-20,tana_river_hola,1.1,27.9,75,,0.0
2016-11-21,tana_river_hola,4.9,27.3,77,,0.0
2016-11-22,tana_river_hola,3.1,27.1,76,,0.0
2016-11-23,tana_river_hola,0.7,26.8,78,,0.0
2016-11-24,tana_river_hola,9.9,26.7,78,,0.0
2016-11-25,tana_river_hola,0.0,27.2,72,,0.0
2016-11-26,tana_river_hola,0.4,27.3,74,,0.0
2016-11-27,tana_river_hola,0.6,27.5,76,,0.0
2016-11-28,tana_river_hola,2.4,27.4,76,,0.0
2016-11-29,tana_river_hola,0.0,27.8,73,,0.0
2016-11-30,tana_river_hola,5.7,27.5,74,,0.0
2016-12-01,tana_river_hola,0.0,27.8,68,,0.0
2016-12-02,tana_river_hola,2.4,27.2,72,,0.0
2016-12-03,tana_river_hola,4.4,27.3,77,,0.0
2016-12-04,tana_river_hola,0.6,27.4,75,,0.0
2016-12-05,tana_river_hola,0.1,27.5,73,,0.0
2016-12-06,tana_river_hola,0.0,28.4,67,,0.0
2016-12-07,tana_river_hola,0.6,28.4,66,,0.0
2016-12-08,tana_river_hola,0.0,28.3,65,,0.0
2016-12-09,tana_river_hola,0.9,28.6,66,,0.0
2016-12-10,tana_river_hola,0.5,28.7,66,,0.0
2016-12-11,tana_river_hola,2.6,28.4,68,,0.0
2016-12-12,tana_river_hola,6.8,27.5,76,,0.0
2016-12-13,tana_river_hola,0.7,27.6,73,,0.0
2016-12-14,tana_river_hola,0.0,27.5,67,,0.0
2016-12-15,tana_river_hola,0.0,28.4,64,,0.0
2016-12-16,tana_river_hola,0.0,29.1,65,,0.0
2016-12-17,tana_river_hola,0.4,28.7,69,,0.0
2016-12-18,tana_river_hola,0.1,28.7,62,,0.0
2016-12-19,tana_river_hola,0.0,29.4,58,,0.0
2016-12-20,tana_river_hola,0.2,29.0,64,,0.0
2016-12-21,tana_river_hola,0.4,28.9,66,,0.0
2016-12-22,tana_river_hola,0.0,29.0,66,,0.0
2016-12-23,tana_river_hola,0.0,29.1,62,,0.0
2016-12-24,tana_river_hola,0.0,28.7,65,,0.0
2016-12-25,tana_river_hola,1.8,27.5,73,,0.0
2016-12-26,tana_river_hola,0.4,28.1,71,,0.0
2016-12-27,tana_river_hola,0.0,28.7,63,,0.0
2016-12-28,tana_river_hola,0.0,28.6,59,,0.0
2016-12-29,tana_river_hola,0.0,29.1,60,,0.0
2016-12-30,tana_river_hola,0.0,28.8,62,,0.0
2016-12-31,tana_river_hola,0.2,28.9,63,,0.0
2017-01-01,tana_river_hola,0.1,29.2,60,,0.0
2017-01-02,tana_river_hola,0.0,29.5,58,,0.0
2017-01-03,tana_river_hola,0.0,29.4,59,,0.0
2017-01-04,tana_river_hola,0.1,29.3,59,,0.0
2017-01-05,tana_river_hola,0.0,29.6,58,,0.0
2017-01-06,tana_river_hola,0.0,29.1,58,,0.0
2017-01-07,tana_river_hola,0.0,29.9,50,,0.0
2017-01-08,tana_river_hola,0.0,30.1,49,,0.0
2017-01-09,tana_river_hola,0.0,29.9,51,,0.0
2017-01-10,tana_river_hola,0.0,29.7,51,,0.0
2017-01-11,tana_river_hola,0.0,29.6,46,,0.0
2017-01-12,tana_river_hola,0.0,29.9,48,,0.0
2017-01-13,tana_river_hola,0.0,29.1,52,,0.0
2017-01-14,tana_river_hola,0.0,29.7,52,,0.0
2017-01-15,tana_river_hola,0.0,30.1,53,,0.0
2017-01-16,tana_river_hola,0.0,29.3,55,,0.0
2017-01-17,tana_river_hola,0.0,29.6,52,,0.0
2017-01-18,tana_river_hola,0.1,29.6,56,,0.0
2017-01-19,tana_river_hola,0.0,30.0,53,,0.0
2017-01-20,tana_river_hola,0.0,29.7,53,,0.0
2017-01-21,tana_river_hola,0.0,29.8,55,,0.0
2017-01-22,tana_river_hola,0.1,29.5,54,,0.0
2017-01-23,tana_river_hola,0.0,29.4,55,,0.0
2017-01-24,tana_river_hola,0.0,29.3,54,,0.0
2017-01-25,tana_river_hola,0.0,29.3,54,,0.0
2017-01-26,tana_river_hola,0.2,30.0,53,,0.0
2017-01-27,tana_river_hola,0.0,30.2,53,,0.0
2017-01-28,tana_river_hola,0.1,30.1,58,,0.0
2017-01-29,tana_river_hola,0.0,29.9,58,,0.0
2017-01-30,tana_river_hola,0.3,30.4,57,,0.0
2017-01-31,tana_river_hola,0.1,29.9,58,,0.0
2017-02-01,tana_river_hola,0.0,30.1,57,,0.0
2017-02-02,tana_river_hola,0.0,29.9,55,,0.0
2017-02-03,tana_river_hola,0.0,30.2,52,,0.0
2017-02-04,tana_river_hola,0.1,30.2,52,,0.0
2017-02-05,tana_river_hola,0.1,30.1,55,,0.0
2017-02-06,tana_river_hola,0.2,29.7,59,,0.0
2017-02-07,tana_river_hola,0.0,29.8,57,,0.0
2017-02-08,tana_river_hola,0.6,29.7,58,,0.0
2017-02-09,tana_river_hola,0.0,30.0,54,,0.0
2017-02-10,tana_river_hola,0.4,29.1,56,,0.0
2017-02-11,tana_river_hola,0.0,29.2,58,,0.0
2017-02-12,tana_river_hola,0.0,29.7,59,,0.0
2017-02-13,tana_river_hola,0.1,29.6,61,,0.0
2017-02-14,tana_river_hola,0.0,29.9,58,,0.0
2017-02-15,tana_river_hola,0.0,29.9,59,,0.0
2017-02-16,tana_river_hola,1.3,29.2,63,,0.0
2017-02-17,tana_river_hola,0.3,29.5,65,,0.0
2017-02-18,tana_river_hola,0.1,30.4,59,,0.0
2017-02-19,tana_river_hola,0.0,30.6,57,,0.0
2017-02-20,tana_river_hola,0.0,31.0,52,,0.0
2017-02-21,tana_river_hola,0.0,30.7,50,,0.0
2017-02-22,tana_river_hola,0.2,29.4,61,,0.0
2017-02-23,tana_river_hola,0.0,30.7,58,,0.0
2017-02-24,tana_river_hola,0.3,29.9,60,,0.0
2017-02-25,tana_river_hola,0.2,29.9,59,,0.0
2017-02-26,tana_river_hola,0.0,30.1,57,,0.0
2017-02-27,tana_river_hola,0.2,29.6,61,,0.0
2017-02-28,tana_river_hola,0.2,30.2,57,,0.0
2017-03-01,tana_river_hola,0.0,30.1,55,,0.0
2017-03-02,tana_river_hola,0.0,29.7,59,,0.0
2017-03-03,tana_river_hola,0.0,30.4,58,,0.0
2017-03-04,tana_river_hola,0.0,30.7,57,,0.0
2017-03-05,tana_river_hola,0.0,30.3,59,,0.0
2017-03-06,tana_river_hola,0.0,30.5,54,,0.0
2017-03-07,tana_river_hola,0.0,30.6,54,,0.0
2017-03-08,tana_river_hola,0.0,30.7,54,,0.0
2017-03-09,tana_river_hola,0.0,30.6,56,,0.0
2017-03-10,tana_river_hola,0.0,31.4,54,,0.0
2017-03-11,tana_river_hola,0.0,31.0,57,,0.0
2017-03-12,tana_river_hola,0.1,30.6,54,,0.0
2017-03-13,tana_river_hola,0.0,30.5,53,,0.0
2017-03-14,tana_river_hola,0.1,30.4,59,,0.0
2017-03-15,tana_river_hola,1.0,30.3,63,,0.0
2017-03-16,tana_river_hola,0.0,30.1,63,,0.0
2017-03-17,tana_river_hola,0.0,30.6,60,,0.0
2017-03-18,tana_river_hola,1.6,29.9,65,,0.0
2017-03-19,tana_river_hola,0.1,30.2,65,,0.0
2017-03-20,tana_river_hola,0.5,30.5,63,,0.0
2017-03-21,tana_river_hola,0.4,30.7,62,,0.0
2017-03-22,tana_river_hola,1.2,30.3,65,,0.0
2017-03-23,tana_river_hola,0.4,30.6,62,,0.0
2017-03-24,tana_river_hola,0.0,30.7,56,,0.0
2017-03-25,tana_river_hola,0.1,31.1,56,,0.0
2017-03-26,tana_river_hola,0.0,31.2,58,,0.0
2017-03-27,tana_river_hola,0.4,30.7,60,,0.0
2017-03-28,tana_river_hola,0.4,31.1,57,,0.0
2017-03-29,tana_river_hola,0.0,31.1,57,,0.0
2017-03-30,tana_river_hola,0.8,30.4,60,,0.0
2017-03-31,tana_river_hola,0.0,30.5,56,,0.0
2017-04-01,tana_river_hola,0.0,30.5,57,,0.0
2017-04-02,tana_river_hola,0.4,30.5,57,,0.0
2017-04-03,tana_river_hola,0.2,30.8,57,,0.0
2017-04-04,tana_river_hola,2.3,30.1,63,,0.0
2017-04-05,tana_river_hola,0.9,29.3,66,,0.0
2017-04-06,tana_river_hola,0.7,29.4,66,,0.0
2017-04-07,tana_river_hola,2.3,28.6,69,,0.0
2017-04-08,tana_river_hola,0.6,28.8,68,,0.0
2017-04-09,tana_river_hola,2.7,29.2,67,,0.0
2017-04-10,tana_river_hola,0.5,29.5,64,,0.0
2017-04-11,tana_river_hola,0.5,29.9,63,,0.0
2017-04-12,tana_river_hola,0.3,29.9,63,,0.0
2017-04-13,tana_river_hola,0.0,30.8,59,,0.0
2017-04-14,tana_river_hola,0.8,30.5,62,,0.0
2017-04-15,tana_river_hola,1.2,29.9,66,,0.0
2017-04-16,tana_river_hola,1.3,29.7,67,,0.0
2017-04-17,tana_river_hola,0.0,30.1,65,,0.0
2017-04-18,tana_river_hola,1.6,29.4,68,,0.0
2017-04-19,tana_river_hola,4.5,29.4,68,,0.0
2017-04-20,tana_river_hola,0.9,29.1,70,,0.0
2017-04-21,tana_river_hola,0.4,29.1,69,,0.0
2017-04-22,tana_river_hola,0.8,29.1,69,,0.0
2017-04-23,tana_river_hola,0.0,29.1,66,,0.0
2017-04-24,tana_river_hola,0.4,28.9,68,,0.0
2017-04-25,tana_river_hola,2.4,28.4,70,,0.0
2017-04-26,tana_river_hola,1.1,29.0,68,,0.0
2017-04-27,tana_river_hola,1.1,28.9,67,,0.0
2017-04-28,tana_river_hola,1.3,28.9,66,,0.0
2017-04-29,tana_river_hola,1.4,27.8,70,,0.0
2017-04-30,tana_river_hola,1.5,27.3,71,,0.0
2017-05-01,tana_river_hola,1.1,26.5,75,,0.0
2017-05-02,tana_river_hola,5.7,26.5,78,,0.0
2017-05-03,tana_river_hola,3.9,25.9,80,,0.0
2017-05-04,tana_river_hola,1.8,26.5,78,,0.0
2017-05-05,tana_river_hola,14.0,25.8,84,,0.0
2017-05-06,tana_river_hola,3.3,26.5,80,,0.0
2017-05-07,tana_river_hola,5.1,26.4,80,,0.0
2017-05-08,tana_river_hola,54.9,25.4,86,,0.0
2017-05-09,tana_river_hola,1.9,26.0,83,,0.0
2017-05-10,tana_river_hola,3.6,26.5,79,,0.0
2017-05-11,tana_river_hola,5.6,26.5,80,,0.0
2017-05-12,tana_river_hola,8.1,26.2,81,,0.0
2017-05-13,tana_river_hola,0.2,26.6,75,,0.0
2017-05-14,tana_river_hola,0.8,26.1,78,,0.0
2017-05-15,tana_river_hola,1.0,26.6,76,,0.0
2017-05-16,tana_river_hola,1.9,26.7,77,,0.0
2017-05-17,tana_river_hola,5.6,25.0,86,,0.0
2017-05-18,tana_river_hola,6.8,26.5,78,,0.0
2017-05-19,tana_river_hola,3.0,25.8,82,,0.0
2017-05-20,tana_river_hola,0.8,26.4,77,,0.0
2017-05-21,tana_river_hola,1.0,26.0,76,,0.0
2017-05-22,tana_river_hola,0.8,25.4,79,,0.0
2017-05-23,tana_river_hola,2.3,25.6,81,,0.0
2017-05-24,tana_river_hola,1.2,26.3,76,,0.0
2017-05-25,tana_river_hola,0.1,26.7,72,,0.0
2017-05-26,tana_river_hola,0.0,26.7,73,,0.0
2017-05-27,tana_river_hola,0.8,26.9,75,,0.0
2017-05-28,tana_river_hola,1.0,27.2,74,,0.0
2017-05-29,tana_river_hola,1.1,27.4,74,,0.0
2017-05-30,tana_river_hola,0.6,27.1,73,,0.0
2017-05-31,tana_river_hola,0.2,27.3,67,,0.0
2017-06-01,tana_river_hola,0.3,27.0,67,,0.0
2017-06-02,tana_river_hola,0.0,27.6,62,,0.0
2017-06-03,tana_river_hola,0.3,27.2,69,,0.0
2017-06-04,tana_river_hola,0.0,27.4,67,,0.0
2017-06-05,tana_river_hola,0.5,26.9,69,,0.0
2017-06-06,tana_river_hola,0.6,27.0,69,,0.0
2017-06-07,tana_river_hola,0.1,27.1,66,,0.0
2017-06-08,tana_river_hola,0.0,27.1,66,,0.0
2017-06-09,tana_river_hola,0.0,27.0,67,,0.0
2017-06-10,tana_river_hola,0.0,27.5,63,,0.0
2017-06-11,tana_river_hola,0.5,27.5,66,,0.0
2017-06-12,tana_river_hola,2.5,26.5,73,,0.0
2017-06-13,tana_river_hola,1.8,26.5,72,,0.0
2017-06-14,tana_river_hola,0.6,26.4,72,,0.0
2017-06-15,tana_river_hola,0.7,26.7,70,,0.0
2017-06-16,tana_river_hola,0.5,26.6,71,,0.0
2017-06-17,tana_river_hola,0.1,27.1,65,,0.0
2017-06-18,tana_river_hola,0.2,26.8,67,,0.0
2017-06-19,tana_river_hola,0.5,26.6,68,,0.0
2017-06-20,tana_river_hola,0.2,26.8,67,,0.0
2017-06-21,tana_river_hola,0.0,27.0,62,,0.0
2017-06-22,tana_river_hola,0.0,27.0,63,,0.0
2017-06-23,tana_river_hola,0.1,27.2,66,,0.0
2017-06-24,tana_river_hola,1.5,26.3,72,,0.0
2017-06-25,tana_river_hola,0.0,26.5,69,,0.0
2017-06-26,tana_river_hola,0.3,26.5,63,,0.0
2017-06-27,tana_river_hola,0.0,26.5,66,,0.0
2017-06-28,tana_river_hola,0.1,26.3,65,,0.0
2017-06-29,tana_river_hola,0.6,26.2,68,,0.0
2017-06-30,tana_river_hola,0.1,26.5,64,,0.0
2017-07-01,tana_river_hola,0.0,26.5,61,,0.0
2017-07-02,tana_river_hola,0.3,26.4,63,,0.0
2017-07-03,tana_river_hola,0.4,26.3,63,,0.0
2017-07-04,tana_river_hola,0.0,26.6,62,,0.0
2017-07-05,tana_river_hola,0.0,26.5,62,,0.0
2017-07-06,tana_river_hola,0.0,26.6,65,,0.0
2017-07-07,tana_river_hola,0.1,26.6,64,,0.0
2017-07-08,tana_river_hola,0.5,26.2,65,,0.0
2017-07-09,tana_river_hola,0.0,26.3,62,,0.0
2017-07-10,tana_river_hola,0.1,26.3,63,,0.0
2017-07-11,tana_river_hola,0.3,26.6,62,,0.0
2017-07-12,tana_river_hola,0.0,26.5,61,,0.0
2017-07-13,tana_river_hola,0.0,26.2,59,,0.0
2017-07-14,tana_river_hola,0.0,26.4,60,,0.0
2017-07-15,tana_river_hola,0.0,26.7,60,,0.0
2017-07-16,tana_river_hola,0.2,26.7,66,,0.0
2017-07-17,tana_river_hola,0.3,27.1,69,,0.0
2017-07-18,tana_river_hola,0.0,27.6,64,,0.0
2017-07-19,tana_river_hola,0.3,27.3,64,,0.0
2017-07-20,tana_river_hola,0.4,26.7,67,,0.0
2017-07-21,tana_river_hola,0.3,26.8,63,,0.0
2017-07-22,tana_river_hola,0.0,26.7,62,,0.0
2017-07-23,tana_river_hola,0.0,26.8,63,,0.0
2017-07-24,tana_river_hola,0.0,27.1,58,,0.0
2017-07-25,tana_river_hola,0.0,26.9,61,,0.0
2017-07-26,tana_river_hola,0.0,26.7,64,,0.0
2017-07-27,tana_river_hola,0.2,26.9,60,,0.0
2017-07-28,tana_river_hola,0.0,26.7,56,,0.0
2017-07-29,tana_river_hola,0.0,26.7,61,,0.0
2017-07-30,tana_river_hola,0.6,26.6,67,,0.0
2017-07-31,tana_river_hola,1.2,26.8,67,,0.0
2017-08-01,tana_river_hola,0.9,26.7,68,,0.0
2017-08-02,tana_river_hola,0.6,26.7,66,,0.0
2017-08-03,tana_river_hola,1.1,26.3,66,,0.0
2017-08-04,tana_river_hola,1.5,25.6,69,,0.0
2017-08-05,tana_river_hola,0.3,25.9,67,,0.0
2017-08-06,tana_river_hola,0.2,26.2,64,,0.0
2017-08-07,tana_river_hola,0.0,26.4,63,,0.0
2017-08-08,tana_river_hola,0.1,26.3,62,,0.0
2017-08-09,tana_river_hola,0.0,26.1,62,,0.0
2017-08-10,tana_river_hola,0.0,26.5,60,,0.0
2017-08-11,tana_river_hola,0.2,26.4,64,,0.0
2017-08-12,tana_river_hola,0.0,26.6,64,,0.0
2017-08-13,tana_river_hola,0.9,25.7,70,,0.0
2017-08-14,tana_river_hola,0.4,26.2,69,,0.0
2017-08-15,tana_river_hola,0.6,26.1,68,,0.0
2017-08-16,tana_river_hola,0.0,26.4,66,,0.0
2017-08-17,tana_river_hola,0.0,26.6,65,,0.0
2017-08-18,tana_river_hola,0.0,26.9,66,,0.0
2017-08-19,tana_river_hola,1.4,27.1,68,,0.0
2017-08-20,tana_river_hola,1.0,27.0,66,,0.0
2017-08-21,tana_river_hola,3.0,25.9,70,,0.0
2017-08-22,tana_river_hola,0.3,26.4,67,,0.0
2017-08-23,tana_river_hola,0.0,27.1,63,,0.0
2017-08-24,tana_river_hola,0.5,27.2,66,,0.0
2017-08-25,tana_river_hola,0.0,26.8,65,,0.0
2017-08-26,tana_river_hola,0.0,27.3,61,,0.0
2017-08-27,tana_river_hola,0.7,26.7,65,,0.0
2017-08-28,tana_river_hola,0.1,26.8,63,,0.0
2017-08-29,tana_river_hola,0.2,26.8,63,,0.0
2017-08-30,tana_river_hola,0.1,26.9,62,,0.0
2017-08-31,tana_river_hola,0.0,27.1,61,,0.0
2017-09-01,tana_river_hola,0.0,26.9,64,,0.0
2017-09-02,tana_river_hola,0.9,27.0,67,,0.0
2017-09-03,tana_river_hola,0.2,27.1,66,,0.0
2017-09-04,tana_river_hola,0.0,26.5,66,,0.0
2017-09-05,tana_river_hola,0.0,27.1,61,,0.0
2017-09-06,tana_river_hola,0.0,27.4,62,,0.0
2017-09-07,tana_river_hola,0.6,27.4,66,,0.0
2017-09-08,tana_river_hola,1.1,27.0,66,,0.0
2017-09-09,tana_river_hola,0.1,27.0,61,,0.0
2017-09-10,tana_river_hola,0.1,26.6,62,,0.0
2017-09-11,tana_river_hola,0.2,27.0,60,,0.0
2017-09-12,tana_river_hola,0.1,27.1,62,,0.0
2017-09-13,tana_river_hola,0.4,26.8,65,,0.0
2017-09-14,tana_river_hola,0.1,27.2,63,,0.0
2017-09-15,tana_river_hola,0.4,27.1,66,,0.0
2017-09-16,tana_river_hola,0.0,27.4,60,,0.0
2017-09-17,tana_river_hola,0.0,26.9,57,,0.0
2017-09-18,tana_river_hola,0.0,27.3,57,,0.0
2017-09-19,tana_river_hola,1.2,27.3,69,,0.0
2017-09-20,tana_river_hola,3.3,25.7,78,,0.0
2017-09-21,tana_river_hola,3.9,25.5,75,,0.0
2017-09-22,tana_river_hola,0.0,25.8,66,,0.0
2017-09-23,tana_river_hola,0.2,26.2,68,,0.0
2017-09-24,tana_river_hola,0.0,27.1,67,,0.0
2017-09-25,tana_river_hola,0.1,27.7,61,,0.0
2017-09-26,tana_river_hola,0.0,27.5,63,,0.0
2017-09-27,tana_river_hola,0.1,27.5,65,,0.0
2017-09-28,tana_river_hola,0.8,27.6,65,,0.0
2017-09-29,tana_river_hola,0.9,27.4,63,,0.0
2017-09-30,tana_river_hola,0.0,27.8,60,,0.0
2017-10-01,tana_river_hola,0.0,27.7,60,,0.0
2017-10-02,tana_river_hola,0.4,27.4,62,,0.0
2017-10-03,tana_river_hola,0.2,27.9,59,,0.0
2017-10-04,tana_river_hola,1.2,27.0,70,,0.0
2017-10-05,tana_river_hola,1.1,28.1,64,,0.0
2017-10-06,tana_river_hola,0.1,28.1,65,,0.0
2017-10-07,tana_river_hola,1.1,27.7,66,,0.0
2017-10-08,tana_river_hola,0.8,28.1,64,,0.0
2017-10-09,tana_river_hola,0.0,28.0,63,,0.0
2017-10-10,tana_river_hola,0.0,28.5,62,,0.0
2017-10-11,tana_river_hola,0.0,28.8,59,,0.0
2017-10-12,tana_river_hola,0.0,29.1,58,,0.0
2017-10-13,tana_river_hola,0.0,28.6,60,,0.0
2017-10-14,tana_river_hola,0.0,28.7,58,,0.0
2017-10-15,tana_river_hola,0.2,29.0,59,,0.0
2017-10-16,tana_river_hola,0.0,29.2,55,,0.0
2017-10-17,tana_river_hola,0.0,29.4,59,,0.0
2017-10-18,tana_river_hola,0.1,29.4,59,,0.0
2017-10-19,tana_river_hola,0.3,29.2,62,,0.0
2017-10-20,tana_river_hola,0.1,29.2,62,,0.0
2017-10-21,tana_river_hola,0.5,28.5,65,,0.0
2017-10-22,tana_river_hola,0.4,28.8,61,,0.0
2017-10-23,tana_river_hola,0.2,27.1,67,,0.0
2017-10-24,tana_river_hola,1.8,28.3,69,,0.0
2017-10-25,tana_river_hola,7.0,26.6,77,,0.0
2017-10-26,tana_river_hola,2.7,27.8,71,,0.0
2017-10-27,tana_river_hola,0.5,28.9,66,,0.0
2017-10-28,tana_river_hola,0.2,28.6,67,,0.0
2017-10-29,tana_river_hola,2.4,28.4,69,,0.0
2017-10-30,tana_river_hola,1.1,27.9,69,,0.0
2017-10-31,tana_river_hola,1.1,27.4,69,,0.0
2017-11-01,tana_river_hola,2.2,27.3,72,,0.0
2017-11-02,tana_river_hola,1.0,27.0,72,,0.0
2017-11-03,tana_river_hola,1.5,27.2,72,,0.0
2017-11-04,tana_river_hola,2.4,27.3,72,,0.0
2017-11-05,tana_river_hola,4.5,27.5,71,,0.0
2017-11-06,tana_river_hola,8.5,26.2,78,,0.0
2017-11-07,tana_river_hola,3.5,26.7,76,,0.0
2017-11-08,tana_river_hola,0.1,27.4,75,,0.0
2017-11-09,tana_river_hola,0.9,27.8,75,,0.0
2017-11-10,tana_river_hola,0.1,28.2,72,,0.0
2017-11-11,tana_river_hola,0.1,28.6,69,,0.0
2017-11-12,tana_river_hola,2.4,27.9,73,,0.0
2017-11-13,tana_river_hola,3.1,27.6,74,,0.0
2017-11-14,tana_river_hola,6.9,26.6,79,,0.0
2017-11-15,tana_river_hola,0.7,27.5,74,,0.0
2017-11-16,tana_river_hola,0.0,28.8,65,,0.0
2017-11-17,tana_river_hola,0.0,28.9,63,,0.0
2017-11-18,tana_river_hola,0.5,28.2,69,,0.0
2017-11-19,tana_river_hola,0.2,28.7,66,,0.0
2017-11-20,tana_river_hola,0.1,28.8,66,,0.0
2017-11-21,tana_river_hola,0.0,29.1,63,,0.0
2017-11-22,tana_river_hola,0.4,28.9,66,,0.0
2017-11-23,tana_river_hola,0.6,29.0,66,,0.0
2017-11-24,tana_river_hola,0.2,29.1,65,,0.0
2017-11-25,tana_river_hola,1.6,28.7,67,,0.0
2017-11-26,tana_river_hola,0.1,30.0,59,,0.0
2017-11-27,tana_river_hola,0.1,30.0,57,,0.0
2017-11-28,tana_river_hola,0.0,30.4,57,,0.0
2017-11-29,tana_river_hola,0.2,29.9,63,,0.0
2017-11-30,tana_river_hola,0.0,29.8,58,,0.0
2017-12-01,tana_river_hola,0.0,30.0,54,,0.0
2017-12-02,tana_river_hola,0.0,30.1,57,,0.0
2017-12-03,tana_river_hola,0.0,30.0,58,,0.0
2017-12-04,tana_river_hola,0.0,29.9,59,,0.0
2017-12-05,tana_river_hola,0.0,29.8,59,,0.0
2017-12-06,tana_river_hola,0.1,29.7,59,,0.0
2017-12-07,tana_river_hola,0.0,30.0,59,,0.0
2017-12-08,tana_river_hola,0.0,30.2,57,,0.0
2017-12-09,tana_river_hola,0.0,30.2,51,,0.0
2017-12-10,tana_river_hola,0.0,30.1,49,,0.0
2017-12-11,tana_river_hola,0.0,30.3,52,,0.0
2017-12-12,tana_river_hola,0.0,29.9,52,,0.0
2017-12-13,tana_river_hola,0.0,29.2,58,,0.0
2017-12-14,tana_river_hola,0.0,29.1,57,,0.0
2017-12-15,tana_river_hola,0.0,30.0,55,,0.0
2017-12-16,tana_river_hola,0.0,29.9,55,,0.0
2017-12-17,tana_river_hola,0.1,29.1,58,,0.0
2017-12-18,tana_river_hola,0.2,29.7,57,,0.0
2017-12-19,tana_river_hola,0.0,29.7,55,,0.0
2017-12-20,tana_river_hola,0.0,29.7,53,,0.0
2017-12-21,tana_river_hola,0.0,29.9,52,,0.0
2017-12-22,tana_river_hola,0.0,29.9,52,,0.0
2017-12-23,tana_river_hola,0.0,30.8,45,,0.0
2017-12-24,tana_river_hola,0.0,31.0,45,,0.0
2017-12-25,tana_river_hola,0.0,29.9,50,,0.0
2017-12-26,tana_river_hola,0.0,29.7,57,,0.0
2017-12-27,tana_river_hola,0.0,29.7,56,,0.0
2017-12-28,tana_river_hola,0.0,29.6,55,,0.0
2017-12-29,tana_river_hola,0.0,29.4,55,,0.0
2017-12-30,tana_river_hola,0.0,29.3,54,,0.0
2017-12-31,tana_river_hola,0.0,29.2,54,,0.0
2018-01-01,tana_river_hola,0.0,29.4,54,,0.0
2018-01-02,tana_river_hola,0.0,29.4,56,,0.0
2018-01-03,tana_river_hola,0.0,30.2,50,,0.0
2018-01-04,tana_river_hola,0.0,28.9,56,,0.0
2018-01-05,tana_river_hola,0.0,30.1,50,,0.0
2018-01-06,tana_river_hola,0.0,29.8,49,,0.0
2018-01-07,tana_river_hola,0.0,30.1,48,,0.0
2018-01-08,tana_river_hola,0.0,30.3,49,,0.0
2018-01-09,tana_river_hola,0.0,30.3,49,,0.0
2018-01-10,tana_river_hola,0.0,29.6,50,,0.0
2018-01-11,tana_river_hola,0.0,29.7,50,,0.0
2018-01-12,tana_river_hola,0.0,29.6,48,,0.0
2018-01-13,tana_river_hola,0.0,28.8,46,,0.0
2018-01-14,tana_river_hola,0.0,29.1,47,,0.0
2018-01-15,tana_river_hola,0.0,29.2,52,,0.0
2018-01-16,tana_river_hola,0.0,29.2,55,,0.0
2018-01-17,tana_river_hola,0.2,29.4,56,,0.0
2018-01-18,tana_river_hola,0.0,29.2,57,,0.0
2018-01-19,tana_river_hola,0.0,28.6,59,,0.0
2018-01-20,tana_river_hola,0.0,29.3,55,,0.0
2018-01-21,tana_river_hola,0.0,29.1,56,,0.0
2018-01-22,tana_river_hola,0.0,28.8,56,,0.0
2018-01-23,tana_river_hola,0.0,28.3,56,,0.0
2018-01-24,tana_river_hola,0.0,27.7,57,,0.0
2018-01-25,tana_river_hola,0.0,28.5,56,,0.0
2018-01-26,tana_river_hola,0.0,28.8,58,,0.0
2018-01-27,tana_river_hola,0.3,28.4,59,,0.0
2018-01-28,tana_river_hola,0.0,28.5,58,,0.0
2018-01-29,tana_river_hola,0.0,29.3,55,,0.0
2018-01-30,tana_river_hola,0.0,29.4,57,,0.0
2018-01-31,tana_river_hola,0.0,28.9,56,,0.0
2018-02-01,tana_river_hola,0.0,28.2,59,,0.0
2018-02-02,tana_river_hola,0.0,28.5,57,,0.0
2018-02-03,tana_river_hola,0.0,28.7,57,,0.0
2018-02-04,tana_river_hola,0.0,29.0,57,,0.0
2018-02-05,tana_river_hola,0.0,29.7,55,,0.0
2018-02-06,tana_river_hola,0.0,29.7,52,,0.0
2018-02-07,tana_river_hola,0.0,29.5,50,,0.0
2018-02-08,tana_river_hola,0.0,28.5,53,,0.0
2018-02-09,tana_river_hola,0.0,29.0,54,,0.0
2018-02-10,tana_river_hola,0.0,28.4,59,,0.0
2018-02-11,tana_river_hola,0.0,29.1,58,,0.0
2018-02-12,tana_river_hola,0.0,28.7,59,,0.0
2018-02-13,tana_river_hola,0.7,28.2,66,,0.0
2018-02-14,tana_river_hola,0.3,29.4,63,,0.0
2018-02-15,tana_river_hola,0.2,29.2,62,,0.0
2018-02-16,tana_river_hola,0.0,29.6,57,,0.0
2018-02-17,tana_river_hola,0.0,29.7,59,,0.0
2018-02-18,tana_river_hola,0.1,29.7,61,,0.0
2018-02-19,tana_river_hola,0.1,29.9,62,,0.0
2018-02-20,tana_river_hola,0.9,30.0,58,,0.0
2018-02-21,tana_river_hola,0.2,29.9,60,,0.0
2018-02-22,tana_river_hola,0.0,30.0,57,,0.0
2018-02-23,tana_river_hola,0.0,30.2,58,,0.0
2018-02-24,tana_river_hola,0.0,30.1,59,,0.0
2018-02-25,tana_river_hola,0.0,30.0,58,,0.0
2018-02-26,tana_river_hola,0.0,30.0,59,,0.0
2018-02-27,tana_river_hola,0.8,29.6,60,,0.0
2018-02-28,tana_river_hola,0.0,30.5,58,,0.0
2018-03-01,tana_river_hola,1.8,30.3,58,,0.0
2018-03-02,tana_river_hola,7.2,28.9,65,,0.0
2018-03-03,tana_river_hola,0.3,29.8,63,,0.0
2018-03-04,tana_river_hola,6.6,26.9,77,,0.0
2018-03-05,tana_river_hola,2.1,27.7,74,,0.0
2018-03-06,tana_river_hola,0.0,29.5,66,,0.0
2018-03-07,tana_river_hola,0.0,29.6,65,,0.0
2018-03-08,tana_river_hola,0.1,29.9,63,,0.0
2018-03-09,tana_river_hola,0.0,30.1,58,,0.0
2018-03-10,tana_river_hola,0.0,30.0,57,,0.0
2018-03-11,tana_river_hola,0.0,29.5,57,,0.0
2018-03-12,tana_river_hola,0.0,29.8,59,,0.0
2018-03-13,tana_river_hola,2.3,29.8,63,,0.0
2018-03-14,tana_river_hola,0.4,30.2,64,,0.0
2018-03-15,tana_river_hola,12.5,28.8,73,,0.0
2018-03-16,tana_river_hola,11.8,26.8,82,,0.0
2018-03-17,tana_river_hola,2.0,29.3,70,,0.0
2018-03-18,tana_river_hola,0.4,29.6,65,,0.0
2018-03-19,tana_river_hola,0.2,28.9,66,,0.0
2018-03-20,tana_river_hola,2.2,28.2,67,,0.0
2018-03-21,tana_river_hola,0.3,28.5,67,,0.0
2018-03-22,tana_river_hola,0.3,28.6,65,,0.0
2018-03-23,tana_river_hola,0.3,28.9,65,,0.0
2018-03-24,tana_river_hola,0.3,29.1,66,,0.0
2018-03-25,tana_river_hola,2.1,28.8,71,,0.0
2018-03-26,tana_river_hola,6.4,28.7,69,,0.0
2018-03-27,tana_river_hola,10.5,28.4,71,,0.0
2018-03-28,tana_river_hola,0.4,28.1,71,,0.0
2018-03-29,tana_river_hola,0.2,28.9,64,,0.0
2018-03-30,tana_river_hola,0.0,28.5,67,,0.0
2018-03-31,tana_river_hola,0.6,29.0,67,,0.0
2018-04-01,tana_river_hola,0.3,29.7,65,,0.0
2018-04-02,tana_river_hola,0.1,29.7,64,,0.0
2018-04-03,tana_river_hola,1.9,29.0,69,,0.0
2018-04-04,tana_river_hola,2.9,28.6,71,,0.0
2018-04-05,tana_river_hola,4.7,28.6,70,,0.0
2018-04-06,tana_river_hola,0.9,28.9,69,,0.0
2018-04-07,tana_river_hola,3.2,28.4,73,,0.0
2018-04-08,tana_river_hola,3.3,27.3,78,,0.0
2018-04-09,tana_river_hola,1.5,27.4,76,,0.0
2018-04-10,tana_river_hola,4.2,28.4,72,,0.0
2018-04-11,tana_river_hola,10.1,27.8,76,,0.0
2018-04-12,tana_river_hola,8.5,26.7,80,,0.0
2018-04-13,tana_river_hola,3.3,27.5,77,,0.0
2018-04-14,tana_river_hola,19.7,25.6,86,,0.0
2018-04-15,tana_river_hola,0.6,26.8,78,,0.0
2018-04-16,tana_river_hola,1.0,28.1,68,,0.0
2018-04-17,tana_river_hola,2.9,27.8,67,,0.0
2018-04-18,tana_river_hola,0.3,27.5,72,,0.0
2018-04-19,tana_river_hola,2.5,27.9,72,,0.0
2018-04-20,tana_river_hola,5.2,27.9,74,,0.0
2018-04-21,tana_river_hola,0.3,27.9,74,,0.0
2018-04-22,tana_river_hola,1.0,27.9,76,,0.0
2018-04-23,tana_river_hola,0.9,27.9,75,,0.0
2018-04-24,tana_river_hola,8.4,26.7,82,,0.0
2018-04-25,tana_river_hola,1.7,27.2,76,,0.0
2018-04-26,tana_river_hola,0.2,27.8,70,,0.0
2018-04-27,tana_river_hola,0.4,27.9,70,,0.0
2018-04-28,tana_river_hola,4.1,27.3,76,,0.0
2018-04-29,tana_river_hola,3.3,26.9,77,,0.0
2018-04-30,tana_river_hola,8.1,25.2,86,,0.0
2018-05-01,tana_river_hola,9.0,24.6,89,,0.0
2018-05-02,tana_river_hola,12.5,24.6,89,,0.0
2018-05-03,tana_river_hola,5.8,26.0,82,,0.0
2018-05-04,tana_river_hola,1.0,26.3,80,,0.0
2018-05-05,tana_river_hola,6.1,25.7,83,,0.0
2018-05-06,tana_river_hola,12.3,25.1,85,,0.0
2018-05-07,tana_river_hola,1.3,24.3,83,,0.0
2018-05-08,tana_river_hola,4.9,25.3,84,,0.0
2018-05-09,tana_river_hola,3.2,25.5,83,,0.0
2018-05-10,tana_river_hola,3.9,25.6,84,,0.0
2018-05-11,tana_river_hola,2.0,26.6,78,,0.0
2018-05-12,tana_river_hola,1.1,26.8,79,,0.0
2018-05-13,tana_river_hola,1.2,26.8,77,,0.0
2018-05-14,tana_river_hola,1.4,26.7,79,,0.0
2018-05-15,tana_river_hola,0.0,27.3,73,,0.0
2018-05-16,tana_river_hola,0.5,26.9,76,,0.0
2018-05-17,tana_river_hola,1.3,26.4,78,,0.0
2018-05-18,tana_river_hola,0.0,27.0,69,,0.0
2018-05-19,tana_river_hola,0.0,26.9,71,,0.0
2018-05-20,tana_river_hola,0.6,26.7,74,,0.0
2018-05-21,tana_river_hola,0.8,26.8,73,,0.0
2018-05-22,tana_river_hola,1.2,26.6,74,,0.0
2018-05-23,tana_river_hola,0.4,26.9,73,,0.0
2018-05-24,tana_river_hola,0.1,27.6,69,,0.0
2018-05-25,tana_river_hola,0.1,26.8,74,,0.0
2018-05-26,tana_river_hola,1.7,26.5,74,,0.0
2018-05-27,tana_river_hola,0.3,27.0,70,,0.0
2018-05-28,tana_river_hola,0.0,27.3,66,,0.0
2018-05-29,tana_river_hola,0.3,27.4,65,,0.0
2018-05-30,tana_river_hola,0.1,27.4,66,,0.0
2018-05-31,tana_river_hola,7.4,26.4,75,,0.0
2018-06-01,tana_river_hola,0.3,26.4,75,,0.0
2018-06-02,tana_river_hola,0.5,26.3,75,,0.0
2018-06-03,tana_river_hola,0.4,27.0,68,,0.0
2018-06-04,tana_river_hola,0.2,26.5,66,,0.0
2018-06-05,tana_river_hola,0.1,26.9,60,,0.0
2018-06-06,tana_river_hola,0.9,27.1,62,,0.0
2018-06-07,tana_river_hola,0.0,26.6,60,,0.0
2018-06-08,tana_river_hola,0.0,26.6,59,,0.0
2018-06-09,tana_river_hola,0.0,26.7,60,,0.0
2018-06-10,tana_river_hola,0.0,26.8,62,,0.0
2018-06-11,tana_river_hola,0.1,27.2,63,,0.0
2018-06-12,tana_river_hola,6.8,24.2,83,,0.0
2018-06-13,tana_river_hola,2.4,24.9,79,,0.0
2018-06-14,tana_river_hola,0.0,25.5,72,,0.0
2018-06-15,tana_river_hola,0.0,26.1,70,,0.0
2018-06-16,tana_river_hola,0.9,26.3,71,,0.0
2018-06-17,tana_river_hola,0.0,26.6,68,,0.0
2018-06-18,tana_river_hola,0.9,26.4,69,,0.0
2018-06-19,tana_river_hola,0.3,26.3,69,,0.0
2018-06-20,tana_river_hola,0.0,26.6,70,,0.0
2018-06-21,tana_river_hola,2.7,25.5,78,,0.0
2018-06-22,tana_river_hola,4.1,25.0,81,,0.0
2018-06-23,tana_river_hola,1.4,24.9,77,,0.0
2018-06-24,tana_river_hola,0.0,25.9,67,,0.0
2018-06-25,tana_river_hola,1.0,25.5,74,,0.0
2018-06-26,tana_river_hola,1.8,25.2,75,,0.0
2018-06-27,tana_river_hola,0.0,26.2,67,,0.0
2018-06-28,tana_river_hola,0.3,26.3,71,,0.0
2018-06-29,tana_river_hola,0.1,26.4,71,,0.0
2018-06-30,tana_river_hola,0.3,26.1,70,,0.0
2018-07-01,tana_river_hola,2.0,25.6,73,,0.0
2018-07-02,tana_river_hola,1.0,25.4,72,,0.0
2018-07-03,tana_river_hola,1.2,25.1,75,,0.0
2018-07-04,tana_river_hola,0.9,25.2,72,,0.0
2018-07-05,tana_river_hola,1.0,25.7,67,,0.0
2018-07-06,tana_river_hola,0.5,25.8,67,,0.0
2018-07-07,tana_river_hola,0.4,25.9,66,,0.0
2018-07-08,tana_river_hola,1.4,25.8,68,,0.0
2018-07-09,tana_river_hola,0.0,26.0,67,,0.0
2018-07-10,tana_river_hola,0.4,26.2,66,,0.0
2018-07-11,tana_river_hola,0.6,26.1,67,,0.0
2018-07-12,tana_river_hola,0.0,26.1,67,,0.0
2018-07-13,tana_river_hola,0.0,26.1,64,,0.0
2018-07-14,tana_river_hola,0.1,26.1,65,,0.0
2018-07-15,tana_river_hola,0.3,25.9,66,,0.0
2018-07-16,tana_river_hola,0.2,25.9,62,,0.0
2018-07-17,tana_river_hola,0.0,26.1,61,,0.0
2018-07-18,tana_river_hola,0.1,26.0,60,,0.0
2018-07-19,tana_river_hola,0.9,25.8,64,,0.0
2018-07-20,tana_river_hola,1.0,25.5,67,,0.0
2018-07-21,tana_river_hola,1.2,25.2,68,,0.0
2018-07-22,tana_river_hola,0.9,25.6,65,,0.0
2018-07-23,tana_river_hola,0.6,25.5,65,,0.0
2018-07-24,tana_river_hola,0.9,25.2,67,,0.0
2018-07-25,tana_river_hola,0.7,25.3,66,,0.0
2018-07-26,tana_river_hola,0.1,26.1,63,,0.0
2018-07-27,tana_river_hola,0.2,26.6,65,,0.0
2018-07-28,tana_river_hola,0.7,26.4,70,,0.0
2018-07-29,tana_river_hola,1.5,26.4,70,,0.0
2018-07-30,tana_river_hola,1.3,26.5,69,,0.0
2018-07-31,tana_river_hola,0.0,26.6,69,,0.0
2018-08-01,tana_river_hola,0.1,26.9,65,,0.0
2018-08-02,tana_river_hola,0.1,26.2,64,,0.0
2018-08-03,tana_river_hola,0.2,26.2,66,,0.0
2018-08-04,tana_river_hola,2.1,25.8,71,,0.0
2018-08-05,tana_river_hola,0.8,26.0,68,,0.0
2018-08-06,tana_river_hola,0.9,26.0,66,,0.0
2018-08-07,tana_river_hola,0.0,25.9,65,,0.0
2018-08-08,tana_river_hola,0.0,25.2,69,,0.0
2018-08-09,tana_river_hola,0.0,26.2,62,,0.0
2018-08-10,tana_river_hola,0.0,25.9,61,,0.0
2018-08-11,tana_river_hola,1.4,25.0,68,,0.0
2018-08-12,tana_river_hola,0.2,25.8,65,,0.0
2018-08-13,tana_river_hola,0.2,25.3,67,,0.0
2018-08-14,tana_river_hola,0.4,26.0,65,,0.0
2018-08-15,tana_river_hola,0.8,25.7,65,,0.0
2018-08-16,tana_river_hola,2.1,25.4,68,,0.0
2018-08-17,tana_river_hola,0.6,25.8,65,,0.0
2018-08-18,tana_river_hola,0.1,25.8,64,,0.0
2018-08-19,tana_river_hola,0.0,25.5,66,,0.0
2018-08-20,tana_river_hola,0.2,26.2,63,,0.0
2018-08-21,tana_river_hola,1.2,25.9,67,,0.0
2018-08-22,tana_river_hola,0.4,26.1,65,,0.0
2018-08-23,tana_river_hola,0.0,26.3,61,,0.0
2018-08-24,tana_river_hola,0.0,26.3,63,,0.0
2018-08-25,tana_river_hola,3.1,24.7,76,,0.0
2018-08-26,tana_river_hola,0.6,25.5,67,,0.0
2018-08-27,tana_river_hola,0.0,25.7,66,,0.0
2018-08-28,tana_river_hola,0.1,25.7,67,,0.0
2018-08-29,tana_river_hola,0.2,26.3,63,,0.0
2018-08-30,tana_river_hola,0.0,26.3,63,,0.0
2018-08-31,tana_river_hola,0.5,26.5,62,,0.0
2018-09-01,tana_river_hola,0.7,26.3,63,,0.0
2018-09-02,tana_river_hola,0.2,26.5,62,,0.0
2018-09-03,tana_river_hola,0.0,26.6,65,,0.0
2018-09-04,tana_river_hola,1.3,26.5,71,,0.0
2018-09-05,tana_river_hola,0.6,26.5,70,,0.0
2018-09-06,tana_river_hola,1.3,26.5,68,,0.0
2018-09-07,tana_river_hola,0.6,26.6,66,,0.0
2018-09-08,tana_river_hola,0.9,27.2,64,,0.0
2018-09-09,tana_river_hola,0.7,27.0,70,,0.0
2018-09-10,tana_river_hola,2.4,27.1,69,,0.0
2018-09-11,tana_river_hola,1.3,26.9,64,,0.0
2018-09-12,tana_river_hola,0.4,27.0,66,,0.0
2018-09-13,tana_river_hola,1.5,26.6,71,,0.0
2018-09-14,tana_river_hola,0.8,27.7,65,,0.0
2018-09-15,tana_river_hola,0.4,27.3,61,,0.0
2018-09-16,tana_river_hola,0.0,26.9,62,,0.0
2018-09-17,tana_river_hola,0.3,26.8,62,,0.0
2018-09-18,tana_river_hola,0.0,26.8,60,,0.0
2018-09-19,tana_river_hola,0.2,27.0,60,,0.0
2018-09-20,tana_river_hola,0.7,26.9,68,,0.0
2018-09-21,tana_river_hola,2.1,26.7,70,,0.0
2018-09-22,tana_river_hola,1.3,26.8,67,,0.0
2018-09-23,tana_river_hola,0.0,27.5,63,,0.0
2018-09-24,tana_river_hola,1.1,26.8,69,,0.0
2018-09-25,tana_river_hola,0.6,27.4,68,,0.0
2018-09-26,tana_river_hola,1.5,26.4,73,,0.0
2018-09-27,tana_river_hola,2.3,26.3,72,,0.0
2018-09-28,tana_river_hola,1.0,26.5,71,,0.0
2018-09-29,tana_river_hola,0.9,26.5,68,,0.0
2018-09-30,tana_river_hola,0.6,26.3,68,,0.0
2018-10-01,tana_river_hola,0.0,26.9,64,,0.0
2018-10-02,tana_river_hola,0.0,27.1,63,,0.0
2018-10-03,tana_river_hola,0.4,27.0,65,,0.0
2018-10-04,tana_river_hola,0.0,27.8,63,,0.0
2018-10-05,tana_river_hola,0.7,28.0,66,,0.0
2018-10-06,tana_river_hola,0.8,27.7,66,,0.0
2018-10-07,tana_river_hola,0.0,27.9,62,,0.0
2018-10-08,tana_river_hola,0.0,27.9,63,,0.0
2018-10-09,tana_river_hola,0.0,28.0,60,,0.0
2018-10-10,tana_river_hola,0.7,27.6,64,,0.0
2018-10-11,tana_river_hola,0.0,27.8,61,,0.0
2018-10-12,tana_river_hola,0.1,28.3,64,,0.0
2018-10-13,tana_river_hola,0.6,27.8,65,,0.0
2018-10-14,tana_river_hola,0.3,27.8,66,,0.0
2018-10-15,tana_river_hola,1.0,28.7,63,,0.0
2018-10-16,tana_river_hola,1.6,28.8,67,,0.0
2018-10-17,tana_river_hola,1.4,29.0,65,,0.0
2018-10-18,tana_river_hola,1.4,28.6,66,,0.0
2018-10-19,tana_river_hola,0.0,29.2,61,,0.0
2018-10-20,tana_river_hola,0.1,29.0,62,,0.0
2018-10-21,tana_river_hola,0.2,28.8,64,,0.0
2018-10-22,tana_river_hola,3.0,27.4,69,,0.0
2018-10-23,tana_river_hola,1.5,26.9,66,,0.0
2018-10-24,tana_river_hola,22.3,24.8,78,,0.0
2018-10-25,tana_river_hola,31.7,24.0,86,,0.0
2018-10-26,tana_river_hola,6.2,25.3,83,,0.0
2018-10-27,tana_river_hola,8.9,25.4,83,,0.0
2018-10-28,tana_river_hola,1.8,26.5,76,,0.0
2018-10-29,tana_river_hola,0.5,26.7,74,,0.0
2018-10-30,tana_river_hola,0.6,27.1,71,,0.0
2018-10-31,tana_river_hola,1.8,26.5,79,,0.0
2018-11-01,tana_river_hola,2.0,27.0,79,,0.0
2018-11-02,tana_river_hola,0.4,27.3,79,,0.0
2018-11-03,tana_river_hola,0.6,28.0,71,,0.0
2018-11-04,tana_river_hola,0.5,27.2,75,,0.0
2018-11-05,tana_river_hola,0.1,27.7,68,,0.0
2018-11-06,tana_river_hola,0.1,28.3,68,,0.0
2018-11-07,tana_river_hola,0.0,28.4,67,,0.0
2018-11-08,tana_river_hola,0.7,28.4,69,,0.0
2018-11-09,tana_river_hola,0.2,28.7,69,,0.0
2018-11-10,tana_river_hola,2.5,28.0,71,,0.0
2018-11-11,tana_river_hola,0.7,28.5,69,,0.0
2018-11-12,tana_river_hola,0.0,28.6,66,,0.0
2018-11-13,tana_river_hola,1.6,28.2,67,,0.0
2018-11-14,tana_river_hola,2.0,28.1,69,,0.0
2018-11-15,tana_river_hola,0.0,28.6,63,,0.0
2018-11-16,tana_river_hola,0.7,28.4,67,,0.0
2018-11-17,tana_river_hola,1.7,28.6,68,,0.0
2018-11-18,tana_river_hola,0.1,29.2,64,,0.0
2018-11-19,tana_river_hola,5.7,27.7,76,,0.0
2018-11-20,tana_river_hola,9.9,27.1,81,,0.0
2018-11-21,tana_river_hola,1.0,27.4,79,,0.0
2018-11-22,tana_river_hola,0.0,28.4,70,,0.0
2018-11-23,tana_river_hola,0.9,28.4,70,,0.0
2018-11-24,tana_river_hola,0.4,28.6,69,,0.0
2018-11-25,tana_river_hola,2.5,27.7,74,,0.0
2018-11-26,tana_river_hola,1.0,28.4,67,,0.0
2018-11-27,tana_river_hola,0.0,28.9,68,,0.0
2018-11-28,tana_river_hola,2.9,28.5,71,,0.0
2018-11-29,tana_river_hola,0.7,29.0,67,,0.0
2018-11-30,tana_river_hola,5.5,28.9,69,,0.0
2018-12-01,tana_river_hola,0.2,29.3,66,,0.0
2018-12-02,tana_river_hola,1.0,28.4,71,,0.0
2018-12-03,tana_river_hola,4.9,27.8,74,,0.0
2018-12-04,tana_river_hola,1.6,28.3,73,,0.0
2018-12-05,tana_river_hola,8.1,28.0,74,,0.0
2018-12-06,tana_river_hola,3.1,27.9,76,,0.0
2018-12-07,tana_river_hola,2.8,28.0,77,,0.0
2018-12-08,tana_river_hola,2.2,28.1,77,,0.0
2018-12-09,tana_river_hola,0.6,28.9,70,,0.0
2018-12-10,tana_river_hola,0.8,28.7,71,,0.0
2018-12-11,tana_river_hola,7.4,28.5,71,,0.0
2018-12-12,tana_river_hola,0.9,28.4,74,,0.0
2018-12-13,tana_river_hola,2.0,27.7,75,,0.0
2018-12-14,tana_river_hola,21.1,26.9,79,,0.0
2018-12-15,tana_river_hola,0.4,27.3,79,,0.0
2018-12-16,tana_river_hola,0.3,28.0,72,,0.0
2018-12-17,tana_river_hola,0.1,28.4,68,,0.0
2018-12-18,tana_river_hola,0.0,28.3,68,,0.0
2018-12-19,tana_river_hola,0.0,28.9,64,,0.0
2018-12-20,tana_river_hola,0.0,29.3,61,,0.0
2018-12-21,tana_river_hola,0.1,30.0,58,,0.0
2018-12-22,tana_river_hola,0.0,30.0,57,,0.0
2018-12-23,tana_river_hola,0.0,30.5,54,,0.0
2018-12-24,tana_river_hola,0.0,30.6,53,,0.0
2018-12-25,tana_river_hola,0.3,30.0,56,,0.0
2018-12-26,tana_river_hola,0.3,29.7,57,,0.0
2018-12-27,tana_river_hola,0.0,29.8,57,,0.0
2018-12-28,tana_river_hola,0.1,29.6,58,,0.0
2018-12-29,tana_river_hola,0.0,29.7,60,,0.0
2018-12-30,tana_river_hola,0.0,29.7,60,,0.0
2018-12-31,tana_river_hola,0.1,29.8,59,,0.0
2019-01-01,tana_river_hola,0.1,30.0,57,,0.0
2019-01-02,tana_river_hola,0.0,30.6,56,,0.0
2019-01-03,tana_river_hola,0.8,29.7,62,,0.0
2019-01-04,tana_river_hola,3.2,29.4,64,,0.0
2019-01-05,tana_river_hola,0.5,28.8,66,,0.0
2019-01-06,tana_river_hola,0.0,30.0,58,,0.0
2019-01-07,tana_river_hola,0.0,30.0,54,,0.0
2019-01-08,tana_river_hola,0.1,29.1,57,,0.0
2019-01-09,tana_river_hola,0.2,29.6,58,,0.0
2019-01-10,tana_river_hola,0.0,30.0,59,,0.0
2019-01-11,tana_river_hola,0.4,29.6,59,,0.0
2019-01-12,tana_river_hola,0.0,29.8,53,,0.0
2019-01-13,tana_river_hola,0.3,28.9,63,,0.0
2019-01-14,tana_river_hola,0.2,29.4,60,,0.0
2019-01-15,tana_river_hola,4.1,28.0,67,,0.0
2019-01-16,tana_river_hola,1.3,29.1,64,,0.0
2019-01-17,tana_river_hola,0.0,30.3,59,,0.0
2019-01-18,tana_river_hola,0.0,29.6,58,,0.0
2019-01-19,tana_river_hola,0.0,29.7,56,,0.0
2019-01-20,tana_river_hola,0.0,30.2,53,,0.0
2019-01-21,tana_river_hola,0.0,29.8,53,,0.0
2019-01-22,tana_river_hola,0.0,29.3,57,,0.0
2019-01-23,tana_river_hola,0.0,29.4,56,,0.0
2019-01-24,tana_river_hola,0.0,29.7,57,,0.0
2019-01-25,tana_river_hola,0.0,29.8,57,,0.0
2019-01-26,tana_river_hola,0.0,29.6,57,,0.0
2019-01-27,tana_river_hola,0.0,30.2,53,,0.0
2019-01-28,tana_river_hola,0.0,29.7,57,,0.0
2019-01-29,tana_river_hola,0.0,29.5,56,,0.0
2019-01-30,tana_river_hola,0.0,29.8,57,,0.0
2019-01-31,tana_river_hola,0.0,29.8,58,,0.0
2019-02-01,tana_river_hola,0.1,29.5,59,,0.0
2019-02-02,tana_river_hola,0.0,29.7,57,,0.0
2019-02-03,tana_river_hola,0.0,29.5,58,,0.0
2019-02-04,tana_river_hola,0.0,29.1,58,,0.0
2019-02-05,tana_river_hola,0.0,29.5,51,,0.0
2019-02-06,tana_river_hola,0.0,29.8,54,,0.0
2019-02-07,tana_river_hola,0.0,30.1,56,,0.0
2019-02-08,tana_river_hola,0.0,30.3,56,,0.0
2019-02-09,tana_river_hola,0.0,30.2,54,,0.0
2019-02-10,tana_river_hola,0.0,29.7,53,,0.0
2019-02-11,tana_river_hola,0.0,30.3,51,,0.0
2019-02-12,tana_river_hola,0.0,30.0,54,,0.0
2019-02-13,tana_river_hola,0.0,29.6,55,,0.0
2019-02-14,tana_river_hola,0.0,29.7,60,,0.0
2019-02-15,tana_river_hola,0.0,30.4,58,,0.0
2019-02-16,tana_river_hola,0.9,30.1,61,,0.0
2019-02-17,tana_river_hola,0.0,31.0,57,,0.0
2019-02-18,tana_river_hola,0.0,30.7,59,,0.0
2019-02-19,tana_river_hola,0.0,30.7,58,,0.0
2019-02-20,tana_river_hola,0.3,30.7,58,,0.0
2019-02-21,tana_river_hola,0.0,31.1,56,,0.0
2019-02-22,tana_river_hola,0.0,30.5,60,,0.0
2019-02-23,tana_river_hola,0.6,29.7,64,,0.0
2019-02-24,tana_river_hola,0.2,30.1,63,,0.0
2019-02-25,tana_river_hola,0.0,30.7,60,,0.0
2019-02-26,tana_river_hola,0.0,30.7,56,,0.0
2019-02-27,tana_river_hola,0.0,30.5,57,,0.0
2019-02-28,tana_river_hola,0.0,30.6,55,,0.0
2019-03-01,tana_river_hola,0.0,30.5,57,,0.0
2019-03-02,tana_river_hola,0.0,31.0,57,,0.0
2019-03-03,tana_river_hola,0.1,31.1,60,,0.0
2019-03-04,tana_river_hola,0.7,31.8,61,,0.0
2019-03-05,tana_river_hola,0.0,31.6,57,,0.0
2019-03-06,tana_river_hola,0.0,31.4,55,,0.0
2019-03-07,tana_river_hola,0.0,31.2,54,,0.0
2019-03-08,tana_river_hola,0.0,31.1,55,,0.0
2019-03-09,tana_river_hola,0.0,30.6,56,,0.0
2019-03-10,tana_river_hola,0.1,30.4,57,,0.0
2019-03-11,tana_river_hola,0.1,30.2,56,,0.0
2019-03-12,tana_river_hola,0.0,30.4,58,,0.0
2019-03-13,tana_river_hola,0.0,30.0,58,,0.0
2019-03-14,tana_river_hola,0.0,30.2,58,,0.0
2019-03-15,tana_river_hola,0.0,30.7,57,,0.0
2019-03-16,tana_river_hola,0.3,30.5,59,,0.0
2019-03-17,tana_river_hola,0.0,30.5,60,,0.0
2019-03-18,tana_river_hola,0.0,30.3,60,,0.0
2019-03-19,tana_river_hola,0.0,30.3,61,,0.0
2019-03-20,tana_river_hola,0.0,30.8,58,,0.0
2019-03-21,tana_river_hola,0.0,30.8,59,,0.0
2019-03-22,tana_river_hola,0.1,30.5,59,,0.0
2019-03-23,tana_river_hola,0.0,30.1,62,,0.0
2019-03-24,tana_river_hola,0.0,30.2,56,,0.0
2019-03-25,tana_river_hola,0.0,30.1,57,,0.0
2019-03-26,tana_river_hola,0.0,30.9,58,,0.0
2019-03-27,tana_river_hola,0.0,31.1,57,,0.0
2019-03-28,tana_river_hola,2.8,30.2,65,,0.0
2019-03-29,tana_river_hola,0.0,31.0,61,,0.0
2019-03-30,tana_river_hola,0.0,31.1,60,,0.0
2019-03-31,tana_river_hola,0.2,30.8,59,,0.0
2019-04-01,tana_river_hola,0.0,31.2,57,,0.0
2019-04-02,tana_river_hola,0.2,31.0,60,,0.0
2019-04-03,tana_river_hola,0.9,30.5,65,,0.0
2019-04-04,tana_river_hola,5.3,29.3,71,,0.0
2019-04-05,tana_river_hola,1.1,29.4,69,,0.0
2019-04-06,tana_river_hola,0.1,30.1,63,,0.0
2019-04-07,tana_river_hola,0.0,30.2,61,,0.0
2019-04-08,tana_river_hola,0.2,30.7,62,,0.0
2019-04-09,tana_river_hola,0.3,31.0,63,,0.0
2019-04-10,tana_river_hola,0.6,30.6,66,,0.0
2019-04-11,tana_river_hola,1.1,29.8,68,,0.0
2019-04-12,tana_river_hola,1.4,29.8,67,,0.0
2019-04-13,tana_river_hola,0.2,30.5,63,,0.0
2019-04-14,tana_river_hola,0.4,31.4,58,,0.0
2019-04-15,tana_river_hola,0.1,30.9,60,,0.0
2019-04-16,tana_river_hola,0.3,31.1,59,,0.0
2019-04-17,tana_river_hola,0.3,31.3,59,,0.0
2019-04-18,tana_river_hola,0.2,31.1,63,,0.0
2019-04-19,tana_river_hola,0.3,30.7,65,,0.0
2019-04-20,tana_river_hola,0.8,30.6,65,,0.0
2019-04-21,tana_river_hola,0.0,31.1,63,,0.0
2019-04-22,tana_river_hola,0.2,31.1,63,,0.0
2019-04-23,tana_river_hola,0.4,31.0,64,,0.0
2019-04-24,tana_river_hola,1.7,31.5,60,,0.0
2019-04-25,tana_river_hola,1.4,31.1,62,,0.0
2019-04-26,tana_river_hola,9.9,29.7,70,,0.0
2019-04-27,tana_river_hola,6.6,28.2,78,,0.0
2019-04-28,tana_river_hola,12.6,28.7,77,,0.0
2019-04-29,tana_river_hola,2.4,28.7,78,,0.0
2019-04-30,tana_river_hola,1.7,29.0,74,,0.0
2019-05-01,tana_river_hola,0.5,29.8,69,,0.0
2019-05-02,tana_river_hola,0.3,29.4,69,,0.0
2019-05-03,tana_river_hola,0.6,29.7,67,,0.0
2019-05-04,tana_river_hola,1.5,29.0,71,,0.0
2019-05-05,tana_river_hola,4.7,27.6,77,,0.0
2019-05-06,tana_river_hola,1.1,29.1,72,,0.0
2019-05-07,tana_river_hola,0.2,29.3,68,,0.0
2019-05-08,tana_river_hola,0.8,28.2,71,,0.0
2019-05-09,tana_river_hola,0.8,27.8,72,,0.0
2019-05-10,tana_river_hola,1.6,27.7,75,,0.0
2019-05-11,tana_river_hola,5.7,27.6,76,,0.0
2019-05-12,tana_river_hola,4.6,26.5,83,,0.0
2019-05-13,tana_river_hola,1.5,27.1,78,,0.0
2019-05-14,tana_river_hola,13.5,26.0,83,,0.0
2019-05-15,tana_river_hola,0.5,27.0,76,,0.0
2019-05-16,tana_river_hola,1.3,27.3,73,,0.0
2019-05-17,tana_river_hola,2.8,26.3,83,,0.0
2019-05-18,tana_river_hola,3.3,26.2,82,,0.0
2019-05-19,tana_river_hola,1.9,26.6,79,,0.0
2019-05-20,tana_river_hola,1.1,26.8,78,,0.0
2019-05-21,tana_river_hola,1.5,26.3,80,,0.0
2019-05-22,tana_river_hola,1.9,27.1,77,,0.0
2019-05-23,tana_river_hola,2.4,26.4,77,,0.0
2019-05-24,tana_river_hola,1.5,25.8,75,,0.0
2019-05-25,tana_river_hola,3.6,26.1,80,,0.0
2019-05-26,tana_river_hola,1.5,26.1,78,,0.0
2019-05-27,tana_river_hola,1.1,26.4,77,,0.0
2019-05-28,tana_river_hola,4.5,25.8,81,,0.0
2019-05-29,tana_river_hola,1.7,25.8,80,,0.0
2019-05-30,tana_river_hola,1.0,26.4,76,,0.0
2019-05-31,tana_river_hola,1.1,26.5,75,,0.0
2019-06-01,tana_river_hola,1.3,26.8,72,,0.0
2019-06-02,tana_river_hola,0.0,26.7,69,,0.0
2019-06-03,tana_river_hola,0.1,26.7,66,,0.0
2019-06-04,tana_river_hola,0.6,26.9,67,,0.0
2019-06-05,tana_river_hola,0.0,27.0,65,,0.0
2019-06-06,tana_river_hola,0.8,27.1,68,,0.0
2019-06-07,tana_river_hola,0.8,27.1,71,,0.0
2019-06-08,tana_river_hola,0.5,27.3,69,,0.0
2019-06-09,tana_river_hola,0.7,27.5,66,,0.0
2019-06-10,tana_river_hola,0.0,27.2,61,,0.0
2019-06-11,tana_river_hola,1.4,27.2,61,,0.0
2019-06-12,tana_river_hola,0.6,27.2,65,,0.0
2019-06-13,tana_river_hola,0.2,27.4,68,,0.0
2019-06-14,tana_river_hola,0.3,27.3,65,,0.0
2019-06-15,tana_river_hola,0.6,26.6,64,,0.0
2019-06-16,tana_river_hola,0.0,26.9,58,,0.0
2019-06-17,tana_river_hola,1.8,27.0,62,,0.0
2019-06-18,tana_river_hola,0.9,27.0,69,,0.0
2019-06-19,tana_river_hola,0.2,27.4,67,,0.0
2019-06-20,tana_river_hola,0.6,27.5,64,,0.0
2019-06-21,tana_river_hola,0.1,27.2,62,,0.0
2019-06-22,tana_river_hola,0.0,27.3,59,,0.0
2019-06-23,tana_river_hola,0.0,27.5,61,,0.0
2019-06-24,tana_river_hola,0.0,27.9,63,,0.0
2019-06-25,tana_river_hola,0.1,27.9,66,,0.0
2019-06-26,tana_river_hola,0.0,27.7,64,,0.0
2019-06-27,tana_river_hola,0.6,27.1,65,,0.0
2019-06-28,tana_river_hola,0.0,27.0,61,,0.0
2019-06-29,tana_river_hola,0.0,27.1,59,,0.0
2019-06-30,tana_river_hola,1.6,27.2,64,,0.0
2019-07-01,tana_river_hola,0.4,27.6,67,,0.0
2019-07-02,tana_river_hola,0.3,27.6,66,,0.0
2019-07-03,tana_river_hola,0.6,27.1,66,,0.0
2019-07-04,tana_river_hola,0.0,27.1,63,,0.0
2019-07-05,tana_river_hola,0.7,27.3,66,,0.0
2019-07-06,tana_river_hola,0.5,27.4,67,,0.0
2019-07-07,tana_river_hola,0.1,27.8,66,,0.0
2019-07-08,tana_river_hola,0.0,28.0,64,,0.0
2019-07-09,tana_river_hola,0.2,27.3,67,,0.0
2019-07-10,tana_river_hola,0.5,27.4,67,,0.0
2019-07-11,tana_river_hola,1.0,27.2,67,,0.0
2019-07-12,tana_river_hola,0.0,27.1,64,,0.0
2019-07-13,tana_river_hola,0.5,27.6,63,,0.0
2019-07-14,tana_river_hola,1.3,26.8,67,,0.0
2019-07-15,tana_river_hola,2.2,25.4,72,,0.0
2019-07-16,tana_river_hola,1.2,25.4,70,,0.0
2019-07-17,tana_river_hola,0.7,25.0,72,,0.0
2019-07-18,tana_river_hola,1.0,25.2,71,,0.0
2019-07-19,tana_river_hola,0.4,25.5,71,,0.0
2019-07-20,tana_river_hola,0.7,26.2,66,,0.0
2019-07-21,tana_river_hola,0.0,26.3,66,,0.0
2019-07-22,tana_river_hola,0.0,26.6,59,,0.0
2019-07-23,tana_river_hola,0.3,25.8,63,,0.0
2019-07-24,tana_river_hola,0.1,25.6,62,,0.0
2019-07-25,tana_river_hola,0.1,26.0,63,,0.0
2019-07-26,tana_river_hola,0.0,25.8,63,,0.0
2019-07-27,tana_river_hola,0.3,26.2,62,,0.0
2019-07-28,tana_river_hola,0.0,26.4,63,,0.0
2019-07-29,tana_river_hola,0.0,26.6,63,,0.0
2019-07-30,tana_river_hola,0.4,26.4,68,,0.0
2019-07-31,tana_river_hola,0.0,26.9,65,,0.0
2019-08-01,tana_river_hola,0.0,27.0,67,,0.0
2019-08-02,tana_river_hola,1.4,26.6,73,,0.0
2019-08-03,tana_river_hola,1.1,26.4,69,,0.0
2019-08-04,tana_river_hola,0.2,26.3,67,,0.0
2019-08-05,tana_river_hola,0.0,27.1,63,,0.0
2019-08-06,tana_river_hola,0.0,26.6,67,,0.0
2019-08-07,tana_river_hola,1.5,26.7,70,,0.0
2019-08-08,tana_river_hola,0.0,26.7,65,,0.0
2019-08-09,tana_river_hola,0.0,26.6,64,,0.0
2019-08-10,tana_river_hola,1.9,26.2,66,,0.0
2019-08-11,tana_river_hola,0.2,26.4,60,,0.0
2019-08-12,tana_river_hola,0.0,26.4,64,,0.0
2019-08-13,tana_river_hola,0.3,26.4,65,,0.0
2019-08-14,tana_river_hola,0.1,26.1,62,,0.0
2019-08-15,tana_river_hola,0.0,26.5,61,,0.0
2019-08-16,tana_river_hola,0.1,26.2,65,,0.0
2019-08-17,tana_river_hola,0.1,26.5,65,,0.0
2019-08-18,tana_river_hola,0.3,26.7,62,,0.0
2019-08-19,tana_river_hola,0.0,26.5,60,,0.0
2019-08-20,tana_river_hola,0.6,26.7,63,,0.0
2019-08-21,tana_river_hola,0.1,27.2,63,,0.0
2019-08-22,tana_river_hola,0.9,27.1,63,,0.0
2019-08-23,tana_river_hola,0.3,26.8,66,,0.0
2019-08-24,tana_river_hola,9.0,25.1,79,,0.0
2019-08-25,tana_river_hola,1.6,26.1,71,,0.0
2019-08-26,tana_river_hola,0.8,26.3,69,,0.0
2019-08-27,tana_river_hola,0.0,26.3,67,,0.0
2019-08-28,tana_river_hola,0.3,26.1,68,,0.0
2019-08-29,tana_river_hola,1.2,26.5,70,,0.0
2019-08-30,tana_river_hola,2.3,26.7,69,,0.0
2019-08-31,tana_river_hola,1.8,26.8,69,,0.0
2019-09-01,tana_river_hola,0.4,27.2,67,,0.0
2019-09-02,tana_river_hola,0.7,26.7,68,,0.0
2019-09-03,tana_river_hola,0.8,26.5,69,,0.0
2019-09-04,tana_river_hola,0.0,27.3,63,,0.0
2019-09-05,tana_river_hola,1.0,27.0,67,,0.0
2019-09-06,tana_river_hola,0.6,27.4,65,,0.0
2019-09-07,tana_river_hola,0.0,27.1,62,,0.0
2019-09-08,tana_river_hola,0.0,27.1,61,,0.0
2019-09-09,tana_river_hola,1.0,26.6,66,,0.0
2019-09-10,tana_river_hola,8.5,25.0,81,,0.0
2019-09-11,tana_river_hola,0.7,26.3,71,,0.0
2019-09-12,tana_river_hola,2.1,25.9,76,,0.0
2019-09-13,tana_river_hola,1.2,27.0,72,,0.0
2019-09-14,tana_river_hola,1.0,27.5,69,,0.0
2019-09-15,tana_river_hola,0.0,26.9,67,,0.0
2019-09-16,tana_river_hola,0.0,26.6,65,,0.0
2019-09-17,tana_river_hola,0.5,26.7,65,,0.0
2019-09-18,tana_river_hola,0.0,27.2,65,,0.0
2019-09-19,tana_river_hola,1.0,26.6,67,,0.0
2019-09-20,tana_river_hola,0.1,27.0,63,,0.0
2019-09-21,tana_river_hola,0.7,27.3,62,,0.0
2019-09-22,tana_river_hola,0.2,27.3,63,,0.0
2019-09-23,tana_river_hola,2.0,27.2,68,,0.0
2019-09-24,tana_river_hola,0.9,27.1,67,,0.0
2019-09-25,tana_river_hola,1.2,26.9,73,,0.0
2019-09-26,tana_river_hola,1.7,26.8,72,,0.0
2019-09-27,tana_river_hola,0.3,27.4,63,,0.0
2019-09-28,tana_river_hola,0.0,27.6,61,,0.0
2019-09-29,tana_river_hola,0.7,27.5,69,,0.0
2019-09-30,tana_river_hola,1.1,28.5,70,,0.0
2019-10-01,tana_river_hola,10.3,27.0,79,,0.0
2019-10-02,tana_river_hola,1.1,27.9,71,,0.0
2019-10-03,tana_river_hola,2.5,26.6,78,,0.0
2019-10-04,tana_river_hola,3.5,25.9,79,,0.0
2019-10-05,tana_river_hola,6.1,26.1,79,,0.0
2019-10-06,tana_river_hola,4.1,26.2,77,,0.0
2019-10-07,tana_river_hola,0.2,27.0,70,,0.0
2019-10-08,tana_river_hola,1.9,26.9,75,,0.0
2019-10-09,tana_river_hola,11.0,26.2,81,,0.0
2019-10-10,tana_river_hola,2.3,26.4,80,,0.0
2019-10-11,tana_river_hola,8.8,26.2,82,,0.0
2019-10-12,tana_river_hola,7.8,25.9,82,,0.0
2019-10-13,tana_river_hola,5.0,25.1,87,,0.0
2019-10-14,tana_river_hola,2.2,26.6,78,,0.0
2019-10-15,tana_river_hola,0.2,27.4,71,,0.0
2019-10-16,tana_river_hola,3.8,27.1,77,,0.0
2019-10-17,tana_river_hola,5.2,26.5,78,,0.0
2019-10-18,tana_river_hola,2.7,26.5,78,,0.0
2019-10-19,tana_river_hola,47.8,25.8,80,,0.0
2019-10-20,tana_river_hola,1.1,27.5,72,,0.0
2019-10-21,tana_river_hola,1.0,27.7,73,,0.0
2019-10-22,tana_river_hola,0.7,28.5,72,,0.0
2019-10-23,tana_river_hola,3.4,28.2,74,,0.0
2019-10-24,tana_river_hola,4.2,27.3,79,,0.0
2019-10-25,tana_river_hola,10.6,26.4,83,,0.0
2019-10-26,tana_river_hola,4.4,26.4,82,,0.0
2019-10-27,tana_river_hola,2.3,26.6,81,,0.0
2019-10-28,tana_river_hola,2.1,26.8,80,,0.0
2019-10-29,tana_river_hola,0.9,27.8,76,,0.0
2019-10-30,tana_river_hola,3.5,27.1,80,,0.0
2019-10-31,tana_river_hola,3.2,27.0,80,,0.0
2019-11-01,tana_river_hola,1.1,27.4,74,,0.0
2019-11-02,tana_river_hola,0.3,27.3,70,,0.0
2019-11-03,tana_river_hola,0.6,27.5,73,,0.0
2019-11-04,tana_river_hola,0.9,27.9,72,,0.0
2019-11-05,tana_river_hola,0.5,28.1,70,,0.0
2019-11-06,tana_river_hola,1.4,27.8,72,,0.0
2019-11-07,tana_river_hola,2.8,27.9,72,,0.0
2019-11-08,tana_river_hola,1.2,27.9,72,,0.0
2019-11-09,tana_river_hola,3.5,27.8,74,,0.0
2019-11-10,tana_river_hola,2.4,27.9,74,,0.0
2019-11-11,tana_river_hola,2.6,27.8,76,,0.0
2019-11-12,tana_river_hola,29.6,26.1,84,,0.0
2019-11-13,tana_river_hola,7.6,25.7,87,,0.0
2019-11-14,tana_river_hola,9.0,26.0,86,,0.0
2019-11-15,tana_river_hola,1.7,27.3,78,,0.0
2019-11-16,tana_river_hola,1.2,27.6,79,,0.0
2019-11-17,tana_river_hola,0.0,28.4,71,,0.0
2019-11-18,tana_river_hola,0.8,28.0,74,,0.0
2019-11-19,tana_river_hola,5.4,27.4,79,,0.0
2019-11-20,tana_river_hola,3.7,27.3,78,,0.0
2019-11-21,tana_river_hola,5.7,27.7,79,,0.0
2019-11-22,tana_river_hola,5.7,27.6,81,,0.0
2019-11-23,tana_river_hola,2.9,27.8,78,,0.0
2019-11-24,tana_river_hola,37.8,25.6,88,,0.0
2019-11-25,tana_river_hola,8.9,25.4,88,,0.0
2019-11-26,tana_river_hola,0.0,27.2,76,,0.0
2019-11-27,tana_river_hola,0.3,27.9,69,,0.0
2019-11-28,tana_river_hola,1.4,27.5,72,,0.0
2019-11-29,tana_river_hola,0.0,28.3,68,,0.0
2019-11-30,tana_river_hola,2.7,27.6,78,,0.0
2019-12-01,tana_river_hola,1.7,27.4,80,,0.0
2019-12-02,tana_river_hola,1.1,27.9,75,,0.0
2019-12-03,tana_river_hola,1.6,28.2,74,,0.0
2019-12-04,tana_river_hola,0.0,28.9,69,,0.0
2019-12-05,tana_river_hola,4.2,28.9,73,,0.0
2019-12-06,tana_river_hola,7.8,28.0,79,,0.0
2019-12-07,tana_river_hola,6.1,28.5,75,,0.0
2019-12-08,tana_river_hola,1.9,29.0,72,,0.0
2019-12-09,tana_river_hola,34.7,26.2,87,,0.0
2019-12-10,tana_river_hola,3.3,27.1,78,,0.0
2019-12-11,tana_river_hola,0.4,27.3,77,,0.0
2019-12-12,tana_river_hola,4.9,26.9,83,,0.0
2019-12-13,tana_river_hola,1.2,27.0,80,,0.0
2019-12-14,tana_river_hola,5.9,27.1,81,,0.0
2019-12-15,tana_river_hola,7.2,27.2,80,,0.0
2019-12-16,tana_river_hola,0.6,28.0,75,,0.0
2019-12-17,tana_river_hola,0.6,28.1,78,,0.0
2019-12-18,tana_river_hola,0.6,28.5,73,,0.0
2019-12-19,tana_river_hola,0.1,28.6,67,,0.0
2019-12-20,tana_river_hola,3.9,28.6,70,,0.0
2019-12-21,tana_river_hola,18.8,26.8,83,,0.0
2019-12-22,tana_river_hola,0.9,27.3,78,,0.0
2019-12-23,tana_river_hola,3.5,27.3,80,,0.0
2019-12-24,tana_river_hola,1.4,28.1,76,,0.0
2019-12-25,tana_river_hola,0.2,28.6,72,,0.0
2019-12-26,tana_river_hola,0.2,29.0,69,,0.0
2019-12-27,tana_river_hola,0.0,29.3,65,,0.0
2019-12-28,tana_river_hola,0.0,29.7,64,,0.0
2019-12-29,tana_river_hola,0.0,30.2,60,,0.0
2019-12-30,tana_river_hola,0.8,29.6,65,,0.0
2019-12-31,tana_river_hola,0.2,30.2,58,,0.0
2020-01-01,tana_river_hola,0.1,30.6,55,,0.0
2020-01-02,tana_river_hola,0.0,30.9,57,,0.0
2020-01-03,tana_river_hola,4.4,28.5,72,,0.0
2020-01-04,tana_river_hola,0.0,29.3,66,,0.0
2020-01-05,tana_river_hola,0.0,29.8,64,,0.0
2020-01-06,tana_river_hola,7.0,29.1,73,,0.0
2020-01-07,tana_river_hola,1.0,28.5,75,,0.0
2020-01-08,tana_river_hola,0.1,28.6,73,,0.0
2020-01-09,tana_river_hola,0.0,29.5,68,,0.0
2020-01-10,tana_river_hola,0.2,28.7,71,,0.0
2020-01-11,tana_river_hola,0.2,29.4,72,,0.0
2020-01-12,tana_river_hola,0.5,29.6,72,,0.0
2020-01-13,tana_river_hola,25.5,26.7,83,,0.0
2020-01-14,tana_river_hola,0.9,27.7,76,,0.0
2020-01-15,tana_river_hola,0.0,29.0,71,,0.0
2020-01-16,tana_river_hola,0.0,29.2,67,,0.0
2020-01-17,tana_river_hola,0.0,29.3,58,,0.0
2020-01-18,tana_river_hola,0.0,29.8,53,,0.0
2020-01-19,tana_river_hola,0.0,29.8,58,,0.0
2020-01-20,tana_river_hola,0.0,30.9,55,,0.0
2020-01-21,tana_river_hola,0.0,31.2,50,,0.0
2020-01-22,tana_river_hola,0.0,30.9,55,,0.0
2020-01-23,tana_river_hola,0.1,31.4,56,,0.0
2020-01-24,tana_river_hola,1.8,29.6,68,,0.0
2020-01-25,tana_river_hola,9.3,30.0,69,,0.0
2020-01-26,tana_river_hola,17.9,27.9,80,,0.0
2020-01-27,tana_river_hola,10.8,26.6,86,,0.0
2020-01-28,tana_river_hola,0.3,27.4,77,,0.0
2020-01-29,tana_river_hola,5.0,27.2,76,,0.0
2020-01-30,tana_river_hola,1.4,27.8,74,,0.0
2020-01-31,tana_river_hola,3.1,27.4,79,,0.0
2020-02-01,tana_river_hola,0.3,27.4,78,,0.0
2020-02-02,tana_river_hola,0.6,28.2,75,,0.0
2020-02-03,tana_river_hola,0.3,28.5,71,,0.0
2020-02-04,tana_river_hola,0.4,28.6,69,,0.0
2020-02-05,tana_river_hola,0.0,29.1,64,,0.0
2020-02-06,tana_river_hola,0.0,29.1,63,,0.0
2020-02-07,tana_river_hola,0.0,29.6,62,,0.0
2020-02-08,tana_river_hola,0.0,29.4,60,,0.0
2020-02-09,tana_river_hola,0.2,29.5,62,,0.0
2020-02-10,tana_river_hola,0.0,30.2,61,,0.0
2020-02-11,tana_river_hola,0.0,30.9,60,,0.0
2020-02-12,tana_river_hola,0.0,30.9,62,,0.0
2020-02-13,tana_river_hola,0.4,30.3,63,,0.0
2020-02-14,tana_river_hola,0.2,31.2,55,,0.0
2020-02-15,tana_river_hola,0.6,30.0,57,,0.0
2020-02-16,tana_river_hola,2.0,29.9,61,,0.0
2020-02-17,tana_river_hola,0.0,29.5,67,,0.0
2020-02-18,tana_river_hola,0.9,29.5,68,,0.0
2020-02-19,tana_river_hola,0.0,29.7,67,,0.0
2020-02-20,tana_river_hola,0.0,30.4,66,,0.0
2020-02-21,tana_river_hola,0.0,30.6,64,,0.0
2020-02-22,tana_river_hola,0.0,30.9,58,,0.0
2020-02-23,tana_river_hola,1.4,30.4,63,,0.0
2020-02-24,tana_river_hola,0.0,30.9,60,,0.0
2020-02-25,tana_river_hola,0.2,31.6,56,,0.0
2020-02-26,tana_river_hola,15.0,29.9,70,,0.0
2020-02-27,tana_river_hola,1.3,29.3,74,,0.0
2020-02-28,tana_river_hola,0.2,30.1,66,,0.0
2020-02-29,tana_river_hola,0.0,30.5,64,,0.0
2020-03-01,tana_river_hola,0.0,30.8,63,,0.0
2020-03-02,tana_river_hola,0.5,30.4,69,,0.0
2020-03-03,tana_river_hola,0.6,30.0,71,,0.0
2020-03-04,tana_river_hola,8.5,29.9,72,,0.0
2020-03-05,tana_river_hola,0.4,31.0,62,,0.0
2020-03-06,tana_river_hola,0.0,31.0,65,,0.0
2020-03-07,tana_river_hola,0.6,30.8,69,,0.0
2020-03-08,tana_river_hola,0.2,31.4,62,,0.0
2020-03-09,tana_river_hola,0.8,31.3,64,,0.0
2020-03-10,tana_river_hola,1.0,30.7,65,,0.0
2020-03-11,tana_river_hola,0.9,30.6,64,,0.0
2020-03-12,tana_river_hola,0.6,31.2,59,,0.0
2020-03-13,tana_river_hola,0.5,30.8,61,,0.0
2020-03-14,tana_river_hola,0.3,30.6,65,,0.0
2020-03-15,tana_river_hola,0.0,30.9,64,,0.0
2020-03-16,tana_river_hola,0.0,31.8,61,,0.0
2020-03-17,tana_river_hola,3.5,30.1,67,,0.0
2020-03-18,tana_river_hola,0.0,31.2,59,,0.0
2020-03-19,tana_river_hola,0.0,31.5,57,,0.0
2020-03-20,tana_river_hola,0.7,30.9,63,,0.0
2020-03-21,tana_river_hola,0.0,31.3,57,,0.0
2020-03-22,tana_river_hola,1.1,30.4,64,,0.0
2020-03-23,tana_river_hola,2.2,30.3,67,,0.0
2020-03-24,tana_river_hola,1.8,29.5,69,,0.0
2020-03-25,tana_river_hola,2.3,29.6,70,,0.0
2020-03-26,tana_river_hola,1.4,30.2,68,,0.0
2020-03-27,tana_river_hola,17.2,27.4,79,,0.0
2020-03-28,tana_river_hola,11.5,27.9,79,,0.0
2020-03-29,tana_river_hola,10.4,28.0,80,,0.0
2020-03-30,tana_river_hola,1.8,28.1,80,,0.0
2020-03-31,tana_river_hola,0.5,28.9,76,,0.0
2020-04-01,tana_river_hola,0.9,29.0,77,,0.0
2020-04-02,tana_river_hola,0.1,29.7,73,,0.0
2020-04-03,tana_river_hola,7.9,28.4,78,,0.0
2020-04-04,tana_river_hola,0.3,28.8,73,,0.0
2020-04-05,tana_river_hola,1.1,28.8,73,,0.0
2020-04-06,tana_river_hola,0.5,29.2,72,,0.0
2020-04-07,tana_river_hola,1.0,29.6,69,,0.0
2020-04-08,tana_river_hola,0.8,29.5,71,,0.0
2020-04-09,tana_river_hola,0.2,29.4,70,,0.0
2020-04-10,tana_river_hola,1.7,29.1,70,,0.0
2020-04-11,tana_river_hola,0.0,29.6,65,,0.0
2020-04-12,tana_river_hola,2.7,28.8,73,,0.0
2020-04-13,tana_river_hola,3.6,28.9,74,,0.0
2020-04-14,tana_river_hola,0.9,29.4,72,,0.0
2020-04-15,tana_river_hola,0.3,29.8,70,,0.0
2020-04-16,tana_river_hola,0.6,29.3,70,,0.0
2020-04-17,tana_river_hola,1.6,29.9,66,,0.0
2020-04-18,tana_river_hola,13.6,27.5,81,,0.0
2020-04-19,tana_river_hola,5.7,26.7,82,,0.0
2020-04-20,tana_river_hola,1.8,27.7,76,,0.0
2020-04-21,tana_river_hola,0.4,28.8,69,,0.0
2020-04-22,tana_river_hola,10.3,27.4,82,,0.0
2020-04-23,tana_river_hola,4.4,26.4,83,,0.0
2020-04-24,tana_river_hola,1.4,27.7,75,,0.0
2020-04-25,tana_river_hola,10.4,25.8,87,,0.0
2020-04-26,tana_river_hola,0.0,27.7,73,,0.0
2020-04-27,tana_river_hola,1.8,27.9,77,,0.0
2020-04-28,tana_river_hola,9.4,26.4,84,,0.0
2020-04-29,tana_river_hola,6.0,26.6,84,,0.0
2020-04-30,tana_river_hola,2.9,26.7,80,,0.0
2020-05-01,tana_river_hola,0.8,27.2,77,,0.0
2020-05-02,tana_river_hola,1.5,27.4,75,,0.0
2020-05-03,tana_river_hola,0.8,27.9,71,,0.0
2020-05-04,tana_river_hola,1.0,28.0,73,,0.0
2020-05-05,tana_river_hola,1.0,27.7,74,,0.0
2020-05-06,tana_river_hola,7.5,26.5,80,,0.0
2020-05-07,tana_river_hola,15.2,26.2,81,,0.0
2020-05-08,tana_river_hola,1.3,26.4,78,,0.0
2020-05-09,tana_river_hola,0.4,27.3,68,,0.0
2020-05-10,tana_river_hola,9.5,24.7,78,,0.0
2020-05-11,tana_river_hola,37.2,23.6,86,,0.0
2020-05-12,tana_river_hola,0.1,26.6,75,,0.0
2020-05-13,tana_river_hola,0.0,27.2,72,,0.0
2020-05-14,tana_river_hola,0.1,27.8,76,,0.0
2020-05-15,tana_river_hola,2.3,27.3,77,,0.0
2020-05-16,tana_river_hola,0.0,27.5,71,,0.0
2020-05-17,tana_river_hola,0.3,27.2,71,,0.0
2020-05-18,tana_river_hola,0.0,27.6,57,,0.0
2020-05-19,tana_river_hola,16.8,25.5,68,,0.0
2020-05-20,tana_river_hola,2.6,24.8,79,,0.0
2020-05-21,tana_river_hola,1.8,25.9,76,,0.0
2020-05-22,tana_river_hola,0.9,26.6,71,,0.0
2020-05-23,tana_river_hola,0.0,26.8,69,,0.0
2020-05-24,tana_river_hola,0.0,27.3,67,,0.0
2020-05-25,tana_river_hola,1.2,26.9,75,,0.0
2020-05-26,tana_river_hola,0.4,27.0,75,,0.0
2020-05-27,tana_river_hola,0.2,27.7,72,,0.0
2020-05-28,tana_river_hola,1.8,27.1,78,,0.0
2020-05-29,tana_river_hola,1.3,27.3,73,,0.0
2020-05-30,tana_river_hola,0.0,27.4,67,,0.0
2020-05-31,tana_river_hola,1.8,27.3,69,,0.0
2020-06-01,tana_river_hola,0.3,28.0,68,,0.0
2020-06-02,tana_river_hola,1.7,26.8,73,,0.0
2020-06-03,tana_river_hola,1.3,25.7,77,,0.0
2020-06-04,tana_river_hola,0.0,27.8,61,,0.0
2020-06-05,tana_river_hola,0.0,27.8,63,,0.0
2020-06-06,tana_river_hola,0.0,27.9,65,,0.0
2020-06-07,tana_river_hola,0.7,26.2,72,,0.0
2020-06-08,tana_river_hola,6.0,24.4,83,,0.0
2020-06-09,tana_river_hola,0.1,26.2,72,,0.0
2020-06-10,tana_river_hola,0.4,26.6,69,,0.0
2020-06-11,tana_river_hola,1.0,26.3,70,,0.0
2020-06-12,tana_river_hola,0.1,26.6,69,,0.0
2020-06-13,tana_river_hola,0.5,26.6,68,,0.0
2020-06-14,tana_river_hola,0.1,27.1,62,,0.0
2020-06-15,tana_river_hola,0.4,26.6,65,,0.0
2020-06-16,tana_river_hola,0.0,26.5,64,,0.0
2020-06-17,tana_river_hola,0.0,26.8,59,,0.0
2020-06-18,tana_river_hola,1.7,26.9,64,,0.0
2020-06-19,tana_river_hola,0.6,27.2,62,,0.0
2020-06-20,tana_river_hola,0.0,27.5,60,,0.0
2020-06-21,tana_river_hola,0.0,27.8,58,,0.0
2020-06-22,tana_river_hola,0.0,28.1,61,,0.0
2020-06-23,tana_river_hola,0.3,27.5,68,,0.0
2020-06-24,tana_river_hola,1.4,26.0,74,,0.0
2020-06-25,tana_river_hola,1.1,26.4,69,,0.0
2020-06-26,tana_river_hola,0.7,26.6,69,,0.0
2020-06-27,tana_river_hola,0.0,27.1,65,,0.0
2020-06-28,tana_river_hola,1.7,26.2,72,,0.0
2020-06-29,tana_river_hola,0.4,27.2,68,,0.0
2020-06-30,tana_river_hola,1.2,26.8,70,,0.0
2020-07-01,tana_river_hola,0.1,26.8,66,,0.0
2020-07-02,tana_river_hola,0.2,26.4,63,,0.0
2020-07-03,tana_river_hola,0.0,26.3,63,,0.0
2020-07-04,tana_river_hola,0.0,26.3,66,,0.0
2020-07-05,tana_river_hola,1.0,26.5,63,,0.0
2020-07-06,tana_river_hola,0.0,26.6,61,,0.0
2020-07-07,tana_river_hola,1.4,26.6,65,,0.0
2020-07-08,tana_river_hola,0.0,27.7,63,,0.0
2020-07-09,tana_river_hola,4.5,25.8,79,,0.0
2020-07-10,tana_river_hola,1.3,25.7,71,,0.0
2020-07-11,tana_river_hola,1.1,25.3,70,,0.0
2020-07-12,tana_river_hola,0.5,26.2,70,,0.0
2020-07-13,tana_river_hola,0.0,26.4,67,,0.0
2020-07-14,tana_river_hola,0.2,26.4,68,,0.0
2020-07-15,tana_river_hola,0.0,26.7,65,,0.0
2020-07-16,tana_river_hola,0.4,26.0,64,,0.0
2020-07-17,tana_river_hola,0.0,26.0,53,,0.0
2020-07-18,tana_river_hola,0.0,26.5,52,,0.0
2020-07-19,tana_river_hola,0.1,26.5,58,,0.0
2020-07-20,tana_river_hola,0.0,26.3,59,,0.0
2020-07-21,tana_river_hola,1.5,25.7,65,,0.0
2020-07-22,tana_river_hola,0.2,26.4,63,,0.0
2020-07-23,tana_river_hola,0.0,25.8,63,,0.0
2020-07-24,tana_river_hola,0.0,25.7,60,,0.0
2020-07-25,tana_river_hola,0.0,26.3,60,,0.0
2020-07-26,tana_river_hola,0.3,26.3,64,,0.0
2020-07-27,tana_river_hola,0.5,26.5,63,,0.0
2020-07-28,tana_river_hola,1.6,26.5,66,,0.0
2020-07-29,tana_river_hola,0.0,26.9,65,,0.0
2020-07-30,tana_river_hola,4.3,25.9,72,,0.0
2020-07-31,tana_river_hola,2.7,25.5,76,,0.0
2020-08-01,tana_river_hola,0.0,25.4,69,,0.0
2020-08-02,tana_river_hola,1.1,24.8,70,,0.0
2020-08-03,tana_river_hola,1.1,25.1,68,,0.0
2020-08-04,tana_river_hola,0.3,25.8,66,,0.0
2020-08-05,tana_river_hola,0.9,26.2,69,,0.0
2020-08-06,tana_river_hola,0.2,26.1,69,,0.0
2020-08-07,tana_river_hola,0.1,25.7,70,,0.0
2020-08-08,tana_river_hola,0.3,25.8,65,,0.0
2020-08-09,tana_river_hola,0.3,25.8,65,,0.0
2020-08-10,tana_river_hola,0.3,25.9,65,,0.0
2020-08-11,tana_river_hola,0.0,25.9,67,,0.0
2020-08-12,tana_river_hola,0.9,25.9,67,,0.0
2020-08-13,tana_river_hola,0.0,26.4,62,,0.0
2020-08-14,tana_river_hola,0.0,26.3,63,,0.0
2020-08-15,tana_river_hola,0.0,25.8,64,,0.0
2020-08-16,tana_river_hola,0.1,26.3,66,,0.0
2020-08-17,tana_river_hola,0.8,26.5,66,,0.0
2020-08-18,tana_river_hola,0.1,26.0,69,,0.0
2020-08-19,tana_river_hola,0.5,27.0,65,,0.0
2020-08-20,tana_river_hola,1.1,26.0,70,,0.0
2020-08-21,tana_river_hola,0.3,26.7,66,,0.0
2020-08-22,tana_river_hola,0.2,26.6,65,,0.0
2020-08-23,tana_river_hola,1.7,26.1,67,,0.0
2020-08-24,tana_river_hola,0.5,26.4,65,,0.0
2020-08-25,tana_river_hola,1.0,26.7,67,,0.0
2020-08-26,tana_river_hola,0.2,26.4,71,,0.0
2020-08-27,tana_river_hola,0.5,26.8,67,,0.0
2020-08-28,tana_river_hola,0.3,26.8,66,,0.0
2020-08-29,tana_river_hola,0.0,26.8,65,,0.0
2020-08-30,tana_river_hola,0.0,26.3,65,,0.0
2020-08-31,tana_river_hola,0.1,26.3,67,,0.0
2020-09-01,tana_river_hola,0.0,26.2,64,,0.0
2020-09-02,tana_river_hola,0.2,26.2,64,,0.0
2020-09-03,tana_river_hola,0.0,26.8,61,,0.0
2020-09-04,tana_river_hola,0.0,26.6,63,,0.0
2020-09-05,tana_river_hola,1.2,26.7,65,,0.0
2020-09-06,tana_river_hola,0.0,26.5,64,,0.0
2020-09-07,tana_river_hola,1.0,26.3,65,,0.0
2020-09-08,tana_river_hola,0.3,27.0,60,,0.0
2020-09-09,tana_river_hola,0.0,26.8,59,,0.0
2020-09-10,tana_river_hola,1.9,26.5,66,,0.0
2020-09-11,tana_river_hola,0.8,26.7,68,,0.0
2020-09-12,tana_river_hola,0.3,27.3,65,,0.0
2020-09-13,tana_river_hola,0.0,27.7,64,,0.0
2020-09-14,tana_river_hola,1.0,26.9,69,,0.0
2020-09-15,tana_river_hola,1.9,27.3,67,,0.0
2020-09-16,tana_river_hola,0.7,27.2,68,,0.0
2020-09-17,tana_river_hola,0.5,26.9,68,,0.0
2020-09-18,tana_river_hola,2.5,26.0,74,,0.0
2020-09-19,tana_river_hola,0.4,26.7,68,,0.0
2020-09-20,tana_river_hola,1.4,26.8,66,,0.0
2020-09-21,tana_river_hola,0.0,26.9,63,,0.0
2020-09-22,tana_river_hola,0.1,27.3,64,,0.0
2020-09-23,tana_river_hola,10.5,25.9,78,,0.0
2020-09-24,tana_river_hola,1.4,26.3,71,,0.0
2020-09-25,tana_river_hola,1.5,26.4,68,,0.0
2020-09-26,tana_river_hola,0.6,26.8,67,,0.0
2020-09-27,tana_river_hola,0.2,27.4,66,,0.0
2020-09-28,tana_river_hola,1.1,27.9,68,,0.0
2020-09-29,tana_river_hola,1.4,27.7,69,,0.0
2020-09-30,tana_river_hola,0.9,27.5,67,,0.0
2020-10-01,tana_river_hola,1.1,27.3,70,,0.0
2020-10-02,tana_river_hola,1.0,28.1,66,,0.0
2020-10-03,tana_river_hola,0.2,28.0,64,,0.0
2020-10-04,tana_river_hola,0.0,28.4,63,,0.0
2020-10-05,tana_river_hola,0.4,28.3,67,,0.0
2020-10-06,tana_river_hola,0.2,28.6,64,,0.0
2020-10-07,tana_river_hola,0.3,28.6,63,,0.0
2020-10-08,tana_river_hola,1.0,28.4,69,,0.0
2020-10-09,tana_river_hola,0.9,28.5,69,,0.0
2020-10-10,tana_river_hola,0.0,29.1,61,,0.0
2020-10-11,tana_river_hola,0.1,29.0,62,,0.0
2020-10-12,tana_river_hola,0.1,29.3,62,,0.0
2020-10-13,tana_river_hola,1.0,29.2,63,,0.0
2020-10-14,tana_river_hola,0.7,28.5,67,,0.0
2020-10-15,tana_river_hola,0.8,28.8,65,,0.0
2020-10-16,tana_river_hola,0.6,28.4,63,,0.0
2020-10-17,tana_river_hola,0.7,28.3,64,,0.0
2020-10-18,tana_river_hola,0.0,28.8,59,,0.0
2020-10-19,tana_river_hola,0.0,28.9,61,,0.0
2020-10-20,tana_river_hola,0.2,28.9,62,,0.0
2020-10-21,tana_river_hola,0.5,28.9,63,,0.0
2020-10-22,tana_river_hola,0.9,28.8,66,,0.0
2020-10-23,tana_river_hola,0.1,29.2,63,,0.0
2020-10-24,tana_river_hola,0.9,28.7,66,,0.0
2020-10-25,tana_river_hola,0.1,29.2,62,,0.0
2020-10-26,tana_river_hola,0.1,29.1,62,,0.0
2020-10-27,tana_river_hola,1.3,28.3,68,,0.0
2020-10-28,tana_river_hola,1.9,28.3,70,,0.0
2020-10-29,tana_river_hola,2.9,28.0,69,,0.0
2020-10-30,tana_river_hola,7.6,25.7,80,,0.0
2020-10-31,tana_river_hola,2.5,26.4,78,,0.0
2020-11-01,tana_river_hola,1.1,27.3,72,,0.0
2020-11-02,tana_river_hola,1.4,27.1,71,,0.0
2020-11-03,tana_river_hola,5.0,26.0,78,,0.0
2020-11-04,tana_river_hola,1.6,27.2,72,,0.0
2020-11-05,tana_river_hola,0.8,27.6,69,,0.0
2020-11-06,tana_river_hola,1.0,28.1,68,,0.0
2020-11-07,tana_river_hola,0.0,28.7,65,,0.0
2020-11-08,tana_river_hola,2.5,28.2,71,,0.0
2020-11-09,tana_river_hola,8.1,27.1,79,,0.0
2020-11-10,tana_river_hola,11.0,26.4,83,,0.0
2020-11-11,tana_river_hola,4.9,27.1,79,,0.0
2020-11-12,tana_river_hola,6.4,27.9,74,,0.0
2020-11-13,tana_river_hola,0.7,28.2,73,,0.0
2020-11-14,tana_river_hola,0.0,28.5,67,,0.0
2020-11-15,tana_river_hola,0.5,28.4,72,,0.0
2020-11-16,tana_river_hola,1.5,28.4,70,,0.0
2020-11-17,tana_river_hola,0.7,29.2,66,,0.0
2020-11-18,tana_river_hola,0.5,29.1,67,,0.0
2020-11-19,tana_river_hola,3.3,28.8,68,,0.0
2020-11-20,tana_river_hola,0.2,29.8,62,,0.0
2020-11-21,tana_river_hola,0.2,29.8,62,,0.0
2020-11-22,tana_river_hola,0.0,30.0,61,,0.0
2020-11-23,tana_river_hola,0.3,29.9,65,,0.0
2020-11-24,tana_river_hola,0.6,29.5,66,,0.0
2020-11-25,tana_river_hola,1.7,29.6,69,,0.0
2020-11-26,tana_river_hola,1.0,29.5,68,,0.0
2020-11-27,tana_river_hola,4.8,29.3,70,,0.0
2020-11-28,tana_river_hola,16.3,27.2,79,,0.0
2020-11-29,tana_river_hola,1.2,27.8,75,,0.0
2020-11-30,tana_river_hola,0.7,28.8,71,,0.0
2020-12-01,tana_river_hola,1.4,28.6,72,,0.0
2020-12-02,tana_river_hola,1.2,28.1,73,,0.0
2020-12-03,tana_river_hola,0.0,28.5,69,,0.0
2020-12-04,tana_river_hola,2.7,28.4,69,,0.0
2020-12-05,tana_river_hola,0.3,29.2,65,,0.0
2020-12-06,tana_river_hola,0.0,29.4,67,,0.0
2020-12-07,tana_river_hola,1.9,29.1,70,,0.0
2020-12-08,tana_river_hola,1.3,29.1,70,,0.0
2020-12-09,tana_river_hola,6.6,27.8,75,,0.0
2020-12-10,tana_river_hola,0.8,28.0,72,,0.0
2020-12-11,tana_river_hola,0.0,29.0,64,,0.0
2020-12-12,tana_river_hola,0.0,29.1,63,,0.0
2020-12-13,tana_river_hola,0.0,29.3,59,,0.0
2020-12-14,tana_river_hola,0.0,28.8,59,,0.0
2020-12-15,tana_river_hola,0.0,29.3,60,,0.0
2020-12-16,tana_river_hola,0.0,29.8,60,,0.0
2020-12-17,tana_river_hola,0.0,29.6,59,,0.0
2020-12-18,tana_river_hola,0.2,29.3,60,,0.0
2020-12-19,tana_river_hola,0.4,29.8,62,,0.0
2020-12-20,tana_river_hola,4.3,28.5,70,,0.0
2020-12-21,tana_river_hola,0.2,29.5,64,,0.0
2020-12-22,tana_river_hola,0.0,30.2,60,,0.0
2020-12-23,tana_river_hola,2.1,29.4,65,,0.0
2020-12-24,tana_river_hola,0.2,29.9,65,,0.0
2020-12-25,tana_river_hola,0.0,29.8,61,,0.0
2020-12-26,tana_river_hola,0.0,30.1,56,,0.0
2020-12-27,tana_river_hola,0.0,30.2,53,,0.0
2020-12-28,tana_river_hola,0.0,30.2,53,,0.0
2020-12-29,tana_river_hola,0.3,29.9,58,,0.0
2020-12-30,tana_river_hola,42.8,28.8,69,,0.0
2020-12-31,tana_river_hola,6.8,28.1,75,,0.0
2021-01-01,tana_river_hola,3.8,28.3,70,,0.0
2021-01-02,tana_river_hola,0.1,28.7,66,,0.0
2021-01-03,tana_river_hola,0.2,29.0,63,,0.0
2021-01-04,tana_river_hola,0.2,29.2,60,,0.0
2021-01-05,tana_river_hola,0.2,29.2,59,,0.0
2021-01-06,tana_river_hola,0.0,29.4,56,,0.0
2021-01-07,tana_river_hola,0.0,29.4,54,,0.0
2021-01-08,tana_river_hola,0.0,29.4,56,,0.0
2021-01-09,tana_river_hola,0.0,29.7,54,,0.0
2021-01-10,tana_river_hola,0.0,29.4,55,,0.0
2021-01-11,tana_river_hola,0.0,29.8,54,,0.0
2021-01-12,tana_river_hola,0.0,30.2,52,,0.0
2021-01-13,tana_river_hola,0.0,30.4,51,,0.0
2021-01-14,tana_river_hola,0.5,29.5,57,,0.0
2021-01-15,tana_river_hola,0.0,29.6,58,,0.0
2021-01-16,tana_river_hola,0.0,29.1,62,,0.0
2021-01-17,tana_river_hola,0.0,29.8,59,,0.0
2021-01-18,tana_river_hola,0.0,30.2,56,,0.0
2021-01-19,tana_river_hola,0.0,30.8,49,,0.0
2021-01-20,tana_river_hola,0.0,30.3,52,,0.0
2021-01-21,tana_river_hola,0.5,30.0,58,,0.0
2021-01-22,tana_river_hola,1.7,29.5,61,,0.0
2021-01-23,tana_river_hola,0.1,29.4,59,,0.0
2021-01-24,tana_river_hola,0.0,29.1,61,,0.0
2021-01-25,tana_river_hola,0.4,29.1,61,,0.0
2021-01-26,tana_river_hola,0.0,29.1,58,,0.0
2021-01-27,tana_river_hola,0.0,29.5,56,,0.0
2021-01-28,tana_river_hola,0.5,29.3,60,,0.0
2021-01-29,tana_river_hola,0.0,30.1,57,,0.0
2021-01-30,tana_river_hola,0.0,29.3,58,,0.0
2021-01-31,tana_river_hola,0.0,29.1,55,,0.0
2021-02-01,tana_river_hola,0.0,29.0,57,,0.0
2021-02-02,tana_river_hola,0.0,29.1,56,,0.0
2021-02-03,tana_river_hola,0.0,29.3,58,,0.0
2021-02-04,tana_river_hola,0.0,29.5,57,,0.0
2021-02-05,tana_river_hola,0.0,29.4,58,,0.0
2021-02-06,tana_river_hola,0.0,29.5,58,,0.0
2021-02-07,tana_river_hola,0.0,30.3,55,,0.0
2021-02-08,tana_river_hola,0.1,30.0,57,,0.0
2021-02-09,tana_river_hola,0.5,30.2,53,,0.0
2021-02-10,tana_river_hola,0.0,30.2,53,,0.0
2021-02-11,tana_river_hola,0.0,30.3,54,,0.0
2021-02-12,tana_river_hola,0.0,30.5,54,,0.0
2021-02-13,tana_river_hola,0.0,30.3,57,,0.0
2021-02-14,tana_river_hola,0.0,30.3,56,,0.0
2021-02-15,tana_river_hola,0.1,29.8,57,,0.0
2021-02-16,tana_river_hola,0.0,29.4,56,,0.0
2021-02-17,tana_river_hola,0.0,29.3,58,,0.0
2021-02-18,tana_river_hola,0.0,29.3,58,,0.0
2021-02-19,tana_river_hola,0.0,29.8,61,,0.0
2021-02-20,tana_river_hola,0.4,30.2,59,,0.0
2021-02-21,tana_river_hola,0.1,30.3,59,,0.0
2021-02-22,tana_river_hola,0.2,30.1,58,,0.0
2021-02-23,tana_river_hola,0.0,30.5,55,,0.0
2021-02-24,tana_river_hola,0.1,29.9,58,,0.0
2021-02-25,tana_river_hola,0.0,29.7,58,,0.0
2021-02-26,tana_river_hola,0.0,30.0,54,,0.0
2021-02-27,tana_river_hola,0.0,30.2,51,,0.0
2021-02-28,tana_river_hola,0.0,30.0,57,,0.0
2021-03-01,tana_river_hola,0.1,29.8,59,,0.0
2021-03-02,tana_river_hola,0.0,30.0,57,,0.0
2021-03-03,tana_river_hola,0.0,30.4,55,,0.0
2021-03-04,tana_river_hola,0.0,30.5,54,,0.0
2021-03-05,tana_river_hola,0.0,31.4,50,,0.0
2021-03-06,tana_river_hola,0.0,30.7,54,,0.0
2021-03-07,tana_river_hola,0.0,29.8,57,,0.0
2021-03-08,tana_river_hola,0.0,30.0,57,,0.0
2021-03-09,tana_river_hola,0.0,29.4,60,,0.0
2021-03-10,tana_river_hola,0.0,29.6,59,,0.0
2021-03-11,tana_river_hola,0.0,29.4,57,,0.0
2021-03-12,tana_river_hola,0.0,29.3,58,,0.0
2021-03-13,tana_river_hola,0.1,29.3,60,,0.0
2021-03-14,tana_river_hola,0.0,29.4,59,,0.0
2021-03-15,tana_river_hola,0.0,29.6,59,,0.0
2021-03-16,tana_river_hola,0.0,29.8,60,,0.0
2021-03-17,tana_river_hola,0.1,29.9,61,,0.0
2021-03-18,tana_river_hola,0.0,30.4,61,,0.0
2021-03-19,tana_river_hola,0.1,30.4,59,,0.0
2021-03-20,tana_river_hola,0.0,30.4,59,,0.0
2021-03-21,tana_river_hola,0.0,30.6,57,,0.0
2021-03-22,tana_river_hola,0.0,30.5,59,,0.0
2021-03-23,tana_river_hola,0.2,29.8,62,,0.0
2021-03-24,tana_river_hola,0.1,29.4,67,,0.0
2021-03-25,tana_river_hola,0.0,30.3,61,,0.0
2021-03-26,tana_river_hola,0.0,30.5,59,,0.0
2021-03-27,tana_river_hola,0.0,30.3,58,,0.0
2021-03-28,tana_river_hola,0.0,31.0,57,,0.0
2021-03-29,tana_river_hola,0.1,30.9,57,,0.0
2021-03-30,tana_river_hola,0.1,30.7,60,,0.0
2021-03-31,tana_river_hola,2.3,30.0,65,,0.0
2021-04-01,tana_river_hola,0.9,29.7,66,,0.0
2021-04-02,tana_river_hola,0.0,30.2,62,,0.0
2021-04-03,tana_river_hola,0.0,30.2,65,,0.0
2021-04-04,tana_river_hola,5.3,29.3,70,,0.0
2021-04-05,tana_river_hola,13.6,28.2,77,,0.0
2021-04-06,tana_river_hola,1.0,28.9,73,,0.0
2021-04-07,tana_river_hola,2.0,28.3,75,,0.0
2021-04-08,tana_river_hola,0.7,28.6,71,,0.0
2021-04-09,tana_river_hola,0.2,29.1,66,,0.0
2021-04-10,tana_river_hola,1.6,28.9,70,,0.0
2021-04-11,tana_river_hola,3.1,28.5,71,,0.0
2021-04-12,tana_river_hola,1.8,27.8,74,,0.0
2021-04-13,tana_river_hola,0.3,28.7,70,,0.0
2021-04-14,tana_river_hola,0.0,29.4,65,,0.0
2021-04-15,tana_river_hola,0.7,29.5,67,,0.0
2021-04-16,tana_river_hola,2.3,29.5,68,,0.0
2021-04-17,tana_river_hola,0.2,29.5,68,,0.0
2021-04-18,tana_river_hola,2.0,28.3,71,,0.0
2021-04-19,tana_river_hola,0.3,28.7,59,,0.0
2021-04-20,tana_river_hola,0.0,29.0,58,,0.0
2021-04-21,tana_river_hola,0.2,29.4,62,,0.0
2021-04-22,tana_river_hola,0.1,29.6,63,,0.0
2021-04-23,tana_river_hola,0.8,29.9,61,,0.0
2021-04-24,tana_river_hola,0.3,30.0,64,,0.0
2021-04-25,tana_river_hola,0.2,30.2,64,,0.0
2021-04-26,tana_river_hola,0.2,30.1,64,,0.0
2021-04-27,tana_river_hola,0.9,29.4,68,,0.0
2021-04-28,tana_river_hola,2.8,28.8,72,,0.0
2021-04-29,tana_river_hola,1.9,28.9,69,,0.0
2021-04-30,tana_river_hola,0.9,29.0,68,,0.0
2021-05-01,tana_river_hola,0.2,29.6,67,,0.0
2021-05-02,tana_river_hola,6.4,28.8,70,,0.0
2021-05-03,tana_river_hola,10.0,27.1,77,,0.0
2021-05-04,tana_river_hola,1.6,27.4,73,,0.0
2021-05-05,tana_river_hola,0.0,28.0,61,,0.0
2021-05-06,tana_river_hola,0.0,28.2,58,,0.0
2021-05-07,tana_river_hola,0.2,28.2,58,,0.0
2021-05-08,tana_river_hola,0.0,28.9,54,,0.0
2021-05-09,tana_river_hola,0.2,29.0,56,,0.0
2021-05-10,tana_river_hola,0.0,29.1,58,,0.0
2021-05-11,tana_river_hola,0.6,28.5,59,,0.0
2021-05-12,tana_river_hola,0.0,27.9,60,,0.0
2021-05-13,tana_river_hola,0.0,28.4,58,,0.0
2021-05-14,tana_river_hola,0.0,28.5,58,,0.0
2021-05-15,tana_river_hola,0.0,29.0,59,,0.0
2021-05-16,tana_river_hola,0.1,29.3,61,,0.0
2021-05-17,tana_river_hola,0.9,28.9,64,,0.0
2021-05-18,tana_river_hola,0.0,28.9,62,,0.0
2021-05-19,tana_river_hola,0.0,28.8,61,,0.0
2021-05-20,tana_river_hola,0.0,28.4,61,,0.0
2021-05-21,tana_river_hola,0.0,28.3,60,,0.0
2021-05-22,tana_river_hola,0.4,28.1,63,,0.0
2021-05-23,tana_river_hola,1.3,27.7,62,,0.0
2021-05-24,tana_river_hola,0.8,27.6,61,,0.0
2021-05-25,tana_river_hola,0.3,27.4,61,,0.0
2021-05-26,tana_river_hola,0.4,27.3,62,,0.0
2021-05-27,tana_river_hola,1.2,26.4,71,,0.0
2021-05-28,tana_river_hola,0.8,26.7,68,,0.0
2021-05-29,tana_river_hola,0.0,27.5,61,,0.0
2021-05-30,tana_river_hola,0.0,28.1,62,,0.0
2021-05-31,tana_river_hola,1.7,27.5,67,,0.0
2021-06-01,tana_river_hola,1.2,27.2,66,,0.0
2021-06-02,tana_river_hola,0.6,27.1,67,,0.0
2021-06-03,tana_river_hola,0.3,27.9,65,,0.0
2021-06-04,tana_river_hola,0.0,27.9,63,,0.0
2021-06-05,tana_river_hola,0.1,27.7,64,,0.0
2021-06-06,tana_river_hola,0.3,27.6,63,,0.0
2021-06-07,tana_river_hola,0.0,27.5,58,,0.0
2021-06-08,tana_river_hola,0.9,27.0,61,,0.0
2021-06-09,tana_river_hola,3.3,25.8,71,,0.0
2021-06-10,tana_river_hola,1.0,25.9,69,,0.0
2021-06-11,tana_river_hola,0.1,25.9,67,,0.0
2021-06-12,tana_river_hola,0.0,26.1,62,,0.0
2021-06-13,tana_river_hola,0.1,26.4,63,,0.0
2021-06-14,tana_river_hola,0.0,26.6,63,,0.0
2021-06-15,tana_river_hola,0.0,26.5,62,,0.0
2021-06-16,tana_river_hola,0.0,26.3,61,,0.0
2021-06-17,tana_river_hola,0.0,26.7,60,,0.0
2021-06-18,tana_river_hola,0.8,26.0,69,,0.0
2021-06-19,tana_river_hola,0.7,26.5,61,,0.0
2021-06-20,tana_river_hola,0.0,26.7,56,,0.0
2021-06-21,tana_river_hola,0.9,25.7,66,,0.0
2021-06-22,tana_river_hola,2.0,25.3,72,,0.0
2021-06-23,tana_river_hola,2.4,25.2,72,,0.0
2021-06-24,tana_river_hola,0.8,25.9,68,,0.0
2021-06-25,tana_river_hola,1.3,26.0,67,,0.0
2021-06-26,tana_river_hola,0.0,25.7,64,,0.0
2021-06-27,tana_river_hola,0.1,25.5,66,,0.0
2021-06-28,tana_river_hola,1.7,25.4,70,,0.0
2021-06-29,tana_river_hola,3.0,24.8,75,,0.0
2021-06-30,tana_river_hola,0.2,25.7,70,,0.0
2021-07-01,tana_river_hola,0.1,25.5,69,,0.0
2021-07-02,tana_river_hola,0.0,25.8,64,,0.0
2021-07-03,tana_river_hola,0.0,25.1,68,,0.0
2021-07-04,tana_river_hola,0.0,26.1,63,,0.0
2021-07-05,tana_river_hola,0.8,25.7,65,,0.0
2021-07-06,tana_river_hola,0.0,25.8,64,,0.0
2021-07-07,tana_river_hola,1.5,25.5,67,,0.0
2021-07-08,tana_river_hola,0.2,25.4,67,,0.0
2021-07-09,tana_river_hola,0.0,25.4,67,,0.0
2021-07-10,tana_river_hola,0.2,26.0,65,,0.0
2021-07-11,tana_river_hola,0.8,25.9,66,,0.0
2021-07-12,tana_river_hola,0.0,26.3,64,,0.0
2021-07-13,tana_river_hola,0.6,26.2,66,,0.0
2021-07-14,tana_river_hola,0.1,26.3,65,,0.0
2021-07-15,tana_river_hola,0.2,26.2,63,,0.0
2021-07-16,tana_river_hola,0.3,26.1,63,,0.0
2021-07-17,tana_river_hola,0.1,26.2,61,,0.0
2021-07-18,tana_river_hola,0.3,26.4,62,,0.0
2021-07-19,tana_river_hola,0.5,26.5,62,,0.0
2021-07-20,tana_river_hola,0.7,26.2,66,,0.0
2021-07-21,tana_river_hola,1.0,26.5,66,,0.0
2021-07-22,tana_river_hola,0.8,25.8,68,,0.0
2021-07-23,tana_river_hola,0.5,25.9,65,,0.0
2021-07-24,tana_river_hola,0.0,26.2,60,,0.0
2021-07-25,tana_river_hola,0.3,25.9,56,,0.0
2021-07-26,tana_river_hola,0.0,26.0,54,,0.0
2021-07-27,tana_river_hola,0.0,25.9,59,,0.0
2021-07-28,tana_river_hola,0.0,25.8,62,,0.0
2021-07-29,tana_river_hola,0.5,25.2,67,,0.0
2021-07-30,tana_river_hola,0.0,25.4,62,,0.0
2021-07-31,tana_river_hola,1.1,25.3,66,,0.0
2021-08-01,tana_river_hola,0.0,26.1,61,,0.0
2021-08-02,tana_river_hola,0.1,25.8,65,,0.0
2021-08-03,tana_river_hola,0.0,25.8,64,,0.0
2021-08-04,tana_river_hola,0.4,26.0,63,,0.0
2021-08-05,tana_river_hola,0.5,25.6,64,,0.0
2021-08-06,tana_river_hola,0.8,25.6,66,,0.0
2021-08-07,tana_river_hola,0.6,25.8,66,,0.0
2021-08-08,tana_river_hola,0.0,26.1,63,,0.0
2021-08-09,tana_river_hola,0.4,25.6,66,,0.0
2021-08-10,tana_river_hola,0.2,25.5,63,,0.0
2021-08-11,tana_river_hola,0.0,25.8,61,,0.0
2021-08-12,tana_river_hola,0.0,26.0,60,,0.0
2021-08-13,tana_river_hola,0.5,25.9,68,,0.0
2021-08-14,tana_river_hola,0.1,26.4,66,,0.0
2021-08-15,tana_river_hola,0.0,26.2,63,,0.0
2021-08-16,tana_river_hola,0.0,26.4,63,,0.0
2021-08-17,tana_river_hola,0.8,26.1,65,,0.0
2021-08-18,tana_river_hola,0.9,25.9,66,,0.0
2021-08-19,tana_river_hola,0.0,26.5,64,,0.0
2021-08-20,tana_river_hola,0.7,26.7,69,,0.0
2021-08-21,tana_river_hola,0.2,27.0,68,,0.0
2021-08-22,tana_river_hola,0.5,26.9,64,,0.0
2021-08-23,tana_river_hola,0.2,25.8,64,,0.0
2021-08-24,tana_river_hola,0.0,26.4,62,,0.0
2021-08-25,tana_river_hola,0.0,26.0,62,,0.0
2021-08-26,tana_river_hola,0.2,25.9,63,,0.0
2021-08-27,tana_river_hola,0.2,25.9,63,,0.0
2021-08-28,tana_river_hola,0.1,25.8,63,,0.0
2021-08-29,tana_river_hola,0.0,26.6,60,,0.0
2021-08-30,tana_river_hola,0.0,26.8,60,,0.0
2021-08-31,tana_river_hola,0.5,26.6,64,,0.0
2021-09-01,tana_river_hola,0.4,26.9,65,,0.0
2021-09-02,tana_river_hola,1.0,26.8,66,,0.0
2021-09-03,tana_river_hola,0.7,26.5,63,,0.0
2021-09-04,tana_river_hola,0.6,26.3,62,,0.0
2021-09-05,tana_river_hola,0.9,26.4,65,,0.0
2021-09-06,tana_river_hola,1.1,26.4,66,,0.0
2021-09-07,tana_river_hola,1.0,26.6,65,,0.0
2021-09-08,tana_river_hola,0.0,26.6,63,,0.0
2021-09-09,tana_river_hola,1.0,26.5,66,,0.0
2021-09-10,tana_river_hola,0.1,26.5,62,,0.0
2021-09-11,tana_river_hola,0.0,26.6,61,,0.0
2021-09-12,tana_river_hola,2.0,26.0,67,,0.0
2021-09-13,tana_river_hola,0.2,26.5,62,,0.0
2021-09-14,tana_river_hola,0.3,26.7,64,,0.0
2021-09-15,tana_river_hola,0.6,26.6,68,,0.0
2021-09-16,tana_river_hola,0.8,26.8,68,,0.0
2021-09-17,tana_river_hola,0.0,27.4,62,,0.0
2021-09-18,tana_river_hola,0.0,27.4,61,,0.0
2021-09-19,tana_river_hola,0.0,27.5,60,,0.0
2021-09-20,tana_river_hola,0.0,27.3,62,,0.0
2021-09-21,tana_river_hola,0.4,27.0,63,,0.0
2021-09-22,tana_river_hola,0.0,27.1,66,,0.0
2021-09-23,tana_river_hola,1.0,27.0,65,,0.0
2021-09-24,tana_river_hola,0.2,27.2,62,,0.0
2021-09-25,tana_river_hola,1.4,26.9,67,,0.0
2021-09-26,tana_river_hola,0.3,27.3,64,,0.0
2021-09-27,tana_river_hola,0.2,27.0,63,,0.0
2021-09-28,tana_river_hola,0.0,27.4,61,,0.0
2021-09-29,tana_river_hola,0.7,27.3,69,,0.0
2021-09-30,tana_river_hola,1.8,27.6,68,,0.0
2021-10-01,tana_river_hola,0.3,27.3,64,,0.0
2021-10-02,tana_river_hola,0.1,26.9,63,,0.0
2021-10-03,tana_river_hola,0.5,27.1,66,,0.0
2021-10-04,tana_river_hola,0.0,27.8,62,,0.0
2021-10-05,tana_river_hola,0.0,27.2,63,,0.0
2021-10-06,tana_river_hola,0.0,27.1,63,,0.0
2021-10-07,tana_river_hola,0.0,27.9,63,,0.0
2021-10-08,tana_river_hola,1.4,28.1,61,,0.0
2021-10-09,tana_river_hola,0.3,28.6,60,,0.0
2021-10-10,tana_river_hola,0.0,28.5,59,,0.0
2021-10-11,tana_river_hola,0.3,28.2,62,,0.0
2021-10-12,tana_river_hola,0.0,28.0,61,,0.0
2021-10-13,tana_river_hola,1.3,27.6,61,,0.0
2021-10-14,tana_river_hola,0.0,28.2,58,,0.0
2021-10-15,tana_river_hola,0.9,28.3,63,,0.0
2021-10-16,tana_river_hola,2.0,28.7,60,,0.0
2021-10-17,tana_river_hola,0.2,28.5,59,,0.0
2021-10-18,tana_river_hola,0.0,28.9,57,,0.0
2021-10-19,tana_river_hola,0.6,28.3,63,,0.0
2021-10-20,tana_river_hola,1.1,27.7,65,,0.0
2021-10-21,tana_river_hola,0.1,28.4,60,,0.0
2021-10-22,tana_river_hola,0.0,28.2,58,,0.0
2021-10-23,tana_river_hola,0.0,29.0,58,,0.0
2021-10-24,tana_river_hola,0.1,29.1,58,,0.0
2021-10-25,tana_river_hola,0.0,28.8,60,,0.0
2021-10-26,tana_river_hola,1.7,28.6,65,,0.0
2021-10-27,tana_river_hola,1.2,27.8,67,,0.0
2021-10-28,tana_river_hola,0.2,28.3,64,,0.0
2021-10-29,tana_river_hola,0.3,28.7,63,,0.0
2021-10-30,tana_river_hola,0.0,29.5,58,,0.0
2021-10-31,tana_river_hola,0.2,29.8,58,,0.0
2021-11-01,tana_river_hola,0.1,29.7,61,,0.0
2021-11-02,tana_river_hola,1.3,29.2,62,,0.0
2021-11-03,tana_river_hola,0.5,28.9,66,,0.0
2021-11-04,tana_river_hola,0.1,29.4,63,,0.0
2021-11-05,tana_river_hola,0.0,29.7,60,,0.0
2021-11-06,tana_river_hola,0.1,29.5,60,,0.0
2021-11-07,tana_river_hola,0.1,29.1,59,,0.0
2021-11-08,tana_river_hola,0.0,28.9,58,,0.0
2021-11-09,tana_river_hola,0.7,29.4,61,,0.0
2021-11-10,tana_river_hola,1.4,30.2,59,,0.0
2021-11-11,tana_river_hola,0.2,30.2,59,,0.0
2021-11-12,tana_river_hola,0.1,29.8,60,,0.0
2021-11-13,tana_river_hola,0.5,29.7,60,,0.0
2021-11-14,tana_river_hola,1.0,28.7,67,,0.0
2021-11-15,tana_river_hola,0.6,28.1,68,,0.0
2021-11-16,tana_river_hola,0.1,28.9,65,,0.0
2021-11-17,tana_river_hola,0.1,29.1,61,,0.0
2021-11-18,tana_river_hola,0.7,29.4,59,,0.0
2021-11-19,tana_river_hola,0.2,28.9,65,,0.0
2021-11-20,tana_river_hola,0.9,29.4,65,,0.0
2021-11-21,tana_river_hola,0.6,29.0,65,,0.0
2021-11-22,tana_river_hola,0.4,29.5,63,,0.0
2021-11-23,tana_river_hola,0.4,29.9,62,,0.0
2021-11-24,tana_river_hola,0.0,30.7,59,,0.0
2021-11-25,tana_river_hola,0.0,30.4,62,,0.0
2021-11-26,tana_river_hola,0.4,30.0,62,,0.0
2021-11-27,tana_river_hola,6.4,27.3,73,,0.0
2021-11-28,tana_river_hola,2.0,27.5,73,,0.0
2021-11-29,tana_river_hola,19.6,26.2,80,,0.0
2021-11-30,tana_river_hola,6.6,26.0,82,,0.0
2021-12-01,tana_river_hola,2.4,25.4,84,,0.0
2021-12-02,tana_river_hola,6.8,25.8,82,,0.0
2021-12-03,tana_river_hola,0.2,26.6,78,,0.0
2021-12-04,tana_river_hola,2.9,26.2,81,,0.0
2021-12-05,tana_river_hola,0.4,26.6,77,,0.0
2021-12-06,tana_river_hola,0.0,27.4,72,,0.0
2021-12-07,tana_river_hola,0.5,28.0,70,,0.0
2021-12-08,tana_river_hola,4.0,27.5,75,,0.0
2021-12-09,tana_river_hola,4.7,26.9,77,,0.0
2021-12-10,tana_river_hola,7.6,26.1,81,,0.0
2021-12-11,tana_river_hola,0.2,27.4,71,,0.0
2021-12-12,tana_river_hola,3.8,27.0,75,,0.0
2021-12-13,tana_river_hola,4.9,26.1,79,,0.0
2021-12-14,tana_river_hola,10.0,25.4,84,,0.0
2021-12-15,tana_river_hola,0.4,26.0,82,,0.0
2021-12-16,tana_river_hola,1.4,25.9,82,,0.0
2021-12-17,tana_river_hola,0.0,27.3,72,,0.0
2021-12-18,tana_river_hola,5.1,26.4,81,,0.0
2021-12-19,tana_river_hola,3.6,27.5,77,,0.0
2021-12-20,tana_river_hola,2.4,26.8,80,,0.0
2021-12-21,tana_river_hola,5.6,26.2,83,,0.0
2021-12-22,tana_river_hola,0.3,26.4,81,,0.0
2021-12-23,tana_river_hola,0.7,27.1,77,,0.0
2021-12-24,tana_river_hola,0.4,27.6,76,,0.0
2021-12-25,tana_river_hola,2.7,26.9,79,,0.0
2021-12-26,tana_river_hola,0.9,27.0,79,,0.0
2021-12-27,tana_river_hola,1.6,26.8,80,,0.0
2021-12-28,tana_river_hola,2.4,26.4,81,,0.0
2021-12-29,tana_river_hola,0.3,28.1,71,,0.0
2021-12-30,tana_river_hola,0.0,28.6,64,,0.0
2021-12-31,tana_river_hola,0.0,28.6,62,,0.0
2022-01-01,tana_river_hola,0.0,29.0,61,,0.0
2022-01-02,tana_river_hola,0.0,28.9,65,,0.0
2022-01-03,tana_river_hola,0.0,28.9,62,,0.0
2022-01-04,tana_river_hola,0.0,29.4,60,,0.0
2022-01-05,tana_river_hola,1.1,29.1,65,,0.0
2022-01-06,tana_river_hola,0.1,29.9,61,,0.0
2022-01-07,tana_river_hola,0.0,29.3,64,,0.0
2022-01-08,tana_river_hola,0.0,29.4,61,,0.0
2022-01-09,tana_river_hola,0.0,29.2,59,,0.0
2022-01-10,tana_river_hola,0.0,29.6,58,,0.0
2022-01-11,tana_river_hola,0.0,29.4,59,,0.0
2022-01-12,tana_river_hola,0.0,29.4,57,,0.0
2022-01-13,tana_river_hola,0.0,29.4,60,,0.0
2022-01-14,tana_river_hola,0.0,29.6,60,,0.0
2022-01-15,tana_river_hola,0.0,29.2,59,,0.0
2022-01-16,tana_river_hola,0.0,29.4,59,,0.0
2022-01-17,tana_river_hola,0.0,29.8,56,,0.0
2022-01-18,tana_river_hola,1.1,30.6,52,,0.0
2022-01-19,tana_river_hola,0.0,30.9,51,,0.0
2022-01-20,tana_river_hola,0.0,30.6,53,,0.0
2022-01-21,tana_river_hola,0.0,30.4,54,,0.0
2022-01-22,tana_river_hola,0.0,30.4,52,,0.0
2022-01-23,tana_river_hola,0.0,30.1,53,,0.0
2022-01-24,tana_river_hola,0.0,30.2,48,,0.0
2022-01-25,tana_river_hola,0.0,30.4,49,,0.0
2022-01-26,tana_river_hola,0.0,29.6,53,,0.0
2022-01-27,tana_river_hola,0.0,29.5,55,,0.0
2022-01-28,tana_river_hola,0.0,29.4,57,,0.0
2022-01-29,tana_river_hola,0.0,29.1,59,,0.0
2022-01-30,tana_river_hola,0.1,29.3,58,,0.0
2022-01-31,tana_river_hola,0.0,29.6,54,,0.0
2022-02-01,tana_river_hola,0.0,29.9,56,,0.0
2022-02-02,tana_river_hola,0.3,29.3,61,,0.0
2022-02-03,tana_river_hola,0.0,30.7,55,,0.0
2022-02-04,tana_river_hola,0.0,30.5,55,,0.0
2022-02-05,tana_river_hola,0.0,29.8,56,,0.0
2022-02-06,tana_river_hola,0.0,30.3,57,,0.0
2022-02-07,tana_river_hola,0.0,30.5,53,,0.0
2022-02-08,tana_river_hola,0.0,30.6,47,,0.0
2022-02-09,tana_river_hola,0.0,30.3,50,,0.0
2022-02-10,tana_river_hola,0.0,30.1,55,,0.0
2022-02-11,tana_river_hola,0.0,29.6,57,,0.0
2022-02-12,tana_river_hola,0.0,29.9,56,,0.0
2022-02-13,tana_river_hola,0.0,29.7,56,,0.0
2022-02-14,tana_river_hola,0.0,29.8,56,,0.0
2022-02-15,tana_river_hola,0.0,30.3,54,,0.0
2022-02-16,tana_river_hola,0.0,30.3,53,,0.0
2022-02-17,tana_river_hola,0.0,30.4,55,,0.0
2022-02-18,tana_river_hola,0.0,30.6,57,,0.0
2022-02-19,tana_river_hola,0.0,30.8,56,,0.0
2022-02-20,tana_river_hola,0.0,30.3,57,,0.0
2022-02-21,tana_river_hola,0.0,30.5,55,,0.0
2022-02-22,tana_river_hola,0.0,31.2,53,,0.0
2022-02-23,tana_river_hola,0.1,30.6,55,,0.0
2022-02-24,tana_river_hola,0.4,29.9,57,,0.0
2022-02-25,tana_river_hola,0.0,29.9,59,,0.0
2022-02-26,tana_river_hola,0.0,30.6,58,,0.0
2022-02-27,tana_river_hola,0.0,30.7,56,,0.0
2022-02-28,tana_river_hola,0.0,29.8,59,,0.0
2022-03-01,tana_river_hola,0.0,29.9,56,,0.0
2022-03-02,tana_river_hola,0.0,30.7,51,,0.0
2022-03-03,tana_river_hola,0.0,30.8,49,,0.0
2022-03-04,tana_river_hola,0.0,30.2,54,,0.0
2022-03-05,tana_river_hola,0.0,30.3,55,,0.0
2022-03-06,tana_river_hola,0.0,30.3,55,,0.0
2022-03-07,tana_river_hola,0.0,29.8,58,,0.0
2022-03-08,tana_river_hola,0.0,30.0,57,,0.0
2022-03-09,tana_river_hola,0.0,29.9,58,,0.0
2022-03-10,tana_river_hola,0.0,30.0,57,,0.0
2022-03-11,tana_river_hola,0.1,29.3,60,,0.0
2022-03-12,tana_river_hola,0.0,29.9,56,,0.0
2022-03-13,tana_river_hola,0.0,29.8,59,,0.0
2022-03-14,tana_river_hola,0.0,29.8,58,,0.0
2022-03-15,tana_river_hola,0.0,30.1,56,,0.0
2022-03-16,tana_river_hola,0.2,30.0,59,,0.0
2022-03-17,tana_river_hola,0.0,30.3,57,,0.0
2022-03-18,tana_river_hola,0.0,29.8,58,,0.0
2022-03-19,tana_river_hola,0.0,30.5,56,,0.0
2022-03-20,tana_river_hola,0.2,30.2,59,,0.0
2022-03-21,tana_river_hola,0.0,30.0,59,,0.0
2022-03-22,tana_river_hola,0.0,30.2,59,,0.0
2022-03-23,tana_river_hola,0.5,30.3,63,,0.0
2022-03-24,tana_river_hola,0.1,30.9,61,,0.0
2022-03-25,tana_river_hola,0.4,30.8,63,,0.0
2022-03-26,tana_river_hola,0.3,31.3,59,,0.0
2022-03-27,tana_river_hola,5.5,29.9,65,,0.0
2022-03-28,tana_river_hola,0.3,30.6,63,,0.0
2022-03-29,tana_river_hola,0.1,30.4,62,,0.0
2022-03-30,tana_river_hola,1.6,29.5,65,,0.0
2022-03-31,tana_river_hola,0.6,28.6,69,,0.0
2022-04-01,tana_river_hola,0.3,29.6,63,,0.0
2022-04-02,tana_river_hola,0.1,30.1,63,,0.0
2022-04-03,tana_river_hola,0.2,30.3,62,,0.0
2022-04-04,tana_river_hola,0.0,30.8,61,,0.0
2022-04-05,tana_river_hola,0.2,30.9,60,,0.0
2022-04-06,tana_river_hola,0.0,31.0,56,,0.0
2022-04-07,tana_river_hola,0.0,31.0,54,,0.0
2022-04-08,tana_river_hola,0.0,31.2,53,,0.0
2022-04-09,tana_river_hola,0.5,31.1,55,,0.0
2022-04-10,tana_river_hola,0.3,30.9,56,,0.0
2022-04-11,tana_river_hola,0.0,30.7,58,,0.0
2022-04-12,tana_river_hola,0.3,30.0,63,,0.0
2022-04-13,tana_river_hola,1.1,29.8,64,,0.0
2022-04-14,tana_river_hola,0.4,29.8,65,,0.0
2022-04-15,tana_river_hola,0.3,30.0,66,,0.0
2022-04-16,tana_river_hola,1.0,29.6,65,,0.0
2022-04-17,tana_river_hola,1.2,28.9,67,,0.0
2022-04-18,tana_river_hola,1.4,29.5,65,,0.0
2022-04-19,tana_river_hola,1.7,29.8,65,,0.0
2022-04-20,tana_river_hola,15.7,28.1,73,,0.0
2022-04-21,tana_river_hola,3.9,26.6,79,,0.0
2022-04-22,tana_river_hola,2.6,27.6,76,,0.0
2022-04-23,tana_river_hola,0.9,28.5,71,,0.0
2022-04-24,tana_river_hola,0.4,29.3,66,,0.0
2022-04-25,tana_river_hola,1.2,28.9,71,,0.0
2022-04-26,tana_river_hola,1.6,28.2,73,,0.0
2022-04-27,tana_river_hola,0.8,28.8,69,,0.0
2022-04-28,tana_river_hola,8.2,27.2,76,,0.0
2022-04-29,tana_river_hola,5.2,27.2,75,,0.0
2022-04-30,tana_river_hola,1.1,28.1,68,,0.0
2022-05-01,tana_river_hola,2.2,28.2,66,,0.0
2022-05-02,tana_river_hola,1.6,28.0,69,,0.0
2022-05-03,tana_river_hola,0.4,27.0,66,,0.0
2022-05-04,tana_river_hola,3.8,26.7,67,,0.0
2022-05-05,tana_river_hola,1.0,27.7,68,,0.0
2022-05-06,tana_river_hola,1.5,27.3,71,,0.0
2022-05-07,tana_river_hola,1.2,26.2,77,,0.0
2022-05-08,tana_river_hola,1.0,27.5,72,,0.0
2022-05-09,tana_river_hola,0.2,28.2,66,,0.0
2022-05-10,tana_river_hola,0.5,28.4,70,,0.0
2022-05-11,tana_river_hola,0.5,28.3,69,,0.0
2022-05-12,tana_river_hola,0.0,28.4,60,,0.0
2022-05-13,tana_river_hola,0.0,28.4,63,,0.0
2022-05-14,tana_river_hola,0.0,28.7,60,,0.0
2022-05-15,tana_river_hola,2.7,27.2,71,,0.0
2022-05-16,tana_river_hola,3.5,27.0,70,,0.0
2022-05-17,tana_river_hola,0.5,27.7,66,,0.0
2022-05-18,tana_river_hola,0.2,28.0,63,,0.0
2022-05-19,tana_river_hola,0.3,27.9,65,,0.0
2022-05-20,tana_river_hola,0.7,28.2,66,,0.0
2022-05-21,tana_river_hola,0.4,28.3,66,,0.0
2022-05-22,tana_river_hola,0.6,28.4,65,,0.0
2022-05-23,tana_river_hola,0.0,28.8,62,,0.0
2022-05-24,tana_river_hola,0.3,29.0,65,,0.0
2022-05-25,tana_river_hola,0.6,28.8,65,,0.0
2022-05-26,tana_river_hola,0.4,28.5,67,,0.0
2022-05-27,tana_river_hola,0.0,28.6,64,,0.0
2022-05-28,tana_river_hola,0.5,28.1,64,,0.0
2022-05-29,tana_river_hola,0.0,28.0,61,,0.0
2022-05-30,tana_river_hola,0.2,27.8,62,,0.0
2022-05-31,tana_river_hola,0.4,27.8,62,,0.0
2022-06-01,tana_river_hola,0.6,27.3,65,,0.0
2022-06-02,tana_river_hola,0.8,26.9,66,,0.0
2022-06-03,tana_river_hola,1.8,26.4,66,,0.0
2022-06-04,tana_river_hola,0.1,27.0,61,,0.0
2022-06-05,tana_river_hola,0.7,27.0,66,,0.0
2022-06-06,tana_river_hola,0.4,25.2,68,,0.0
2022-06-07,tana_river_hola,0.6,26.8,62,,0.0
2022-06-08,tana_river_hola,0.2,27.1,64,,0.0
2022-06-09,tana_river_hola,0.3,27.2,65,,0.0
2022-06-10,tana_river_hola,0.1,27.6,63,,0.0
2022-06-11,tana_river_hola,2.6,27.3,64,,0.0
2022-06-12,tana_river_hola,0.8,27.0,65,,0.0
2022-06-13,tana_river_hola,0.4,27.0,65,,0.0
2022-06-14,tana_river_hola,0.3,27.0,64,,0.0
2022-06-15,tana_river_hola,0.1,27.2,65,,0.0
2022-06-16,tana_river_hola,0.4,26.8,70,,0.0
2022-06-17,tana_river_hola,1.4,26.8,67,,0.0
2022-06-18,tana_river_hola,0.4,26.8,63,,0.0
2022-06-19,tana_river_hola,0.9,26.9,61,,0.0
2022-06-20,tana_river_hola,0.0,27.1,60,,0.0
2022-06-21,tana_river_hola,0.4,26.8,62,,0.0
2022-06-22,tana_river_hola,1.1,26.6,65,,0.0
2022-06-23,tana_river_hola,1.4,26.6,62,,0.0
2022-06-24,tana_river_hola,0.3,26.5,63,,0.0
2022-06-25,tana_river_hola,0.5,26.4,61,,0.0
2022-06-26,tana_river_hola,0.0,26.4,61,,0.0
2022-06-27,tana_river_hola,0.4,26.7,58,,0.0
2022-06-28,tana_river_hola,0.1,26.1,62,,0.0
2022-06-29,tana_river_hola,6.3,24.8,73,,0.0
2022-06-30,tana_river_hola,0.7,25.5,67,,0.0
2022-07-01,tana_river_hola,0.1,25.5,64,,0.0
2022-07-02,tana_river_hola,0.0,25.1,64,,0.0
2022-07-03,tana_river_hola,0.0,25.6,63,,0.0
2022-07-04,tana_river_hola,1.1,25.2,68,,0.0
2022-07-05,tana_river_hola,0.3,25.2,68,,0.0
2022-07-06,tana_river_hola,0.3,25.7,65,,0.0
2022-07-07,tana_river_hola,1.1,25.7,66,,0.0
2022-07-08,tana_river_hola,0.2,25.6,61,,0.0
2022-07-09,tana_river_hola,0.5,24.9,63,,0.0
2022-07-10,tana_river_hola,1.6,25.0,65,,0.0
2022-07-11,tana_river_hola,0.0,25.4,61,,0.0
2022-07-12,tana_river_hola,0.2,25.0,64,,0.0
2022-07-13,tana_river_hola,0.1,26.1,61,,0.0
2022-07-14,tana_river_hola,7.2,24.4,79,,0.0
2022-07-15,tana_river_hola,2.1,24.8,75,,0.0
2022-07-16,tana_river_hola,0.0,25.5,68,,0.0
2022-07-17,tana_river_hola,0.1,25.6,64,,0.0
2022-07-18,tana_river_hola,1.1,25.1,67,,0.0
2022-07-19,tana_river_hola,1.7,24.7,69,,0.0
2022-07-20,tana_river_hola,1.4,24.3,69,,0.0
2022-07-21,tana_river_hola,0.8,24.5,68,,0.0
2022-07-22,tana_river_hola,0.1,25.2,63,,0.0
2022-07-23,tana_river_hola,0.7,25.0,65,,0.0
2022-07-24,tana_river_hola,0.0,24.9,66,,0.0
2022-07-25,tana_river_hola,0.0,25.3,65,,0.0
2022-07-26,tana_river_hola,0.0,25.5,63,,0.0
2022-07-27,tana_river_hola,0.0,25.5,63,,0.0
2022-07-28,tana_river_hola,0.0,25.7,65,,0.0
2022-07-29,tana_river_hola,0.5,25.8,65,,0.0
2022-07-30,tana_river_hola,0.5,26.1,64,,0.0
2022-07-31,tana_river_hola,1.2,26.0,66,,0.0
2022-08-01,tana_river_hola,0.7,25.9,65,,0.0
2022-08-02,tana_river_hola,0.1,25.8,63,,0.0
2022-08-03,tana_river_hola,0.5,25.7,65,,0.0
2022-08-04,tana_river_hola,0.2,25.7,61,,0.0
2022-08-05,tana_river_hola,0.3,25.5,59,,0.0
2022-08-06,tana_river_hola,0.0,25.3,59,,0.0
2022-08-07,tana_river_hola,0.1,25.1,61,,0.0
2022-08-08,tana_river_hola,0.2,25.1,63,,0.0
2022-08-09,tana_river_hola,0.0,25.6,61,,0.0
2022-08-10,tana_river_hola,1.4,25.3,69,,0.0
2022-08-11,tana_river_hola,1.3,25.6,65,,0.0
2022-08-12,tana_river_hola,1.2,25.4,65,,0.0
2022-08-13,tana_river_hola,0.1,25.5,63,,0.0
2022-08-14,tana_river_hola,1.7,25.7,68,,0.0
2022-08-15,tana_river_hola,0.4,26.1,66,,0.0
2022-08-16,tana_river_hola,0.1,26.3,65,,0.0
2022-08-17,tana_river_hola,0.3,26.1,64,,0.0
2022-08-18,tana_river_hola,0.2,25.9,65,,0.0
2022-08-19,tana_river_hola,0.1,26.1,65,,0.0
2022-08-20,tana_river_hola,0.0,26.1,63,,0.0
2022-08-21,tana_river_hola,0.1,26.2,62,,0.0
2022-08-22,tana_river_hola,0.0,25.8,62,,0.0
2022-08-23,tana_river_hola,0.0,26.1,59,,0.0
2022-08-24,tana_river_hola,1.1,26.2,61,,0.0
2022-08-25,tana_river_hola,0.6,25.9,63,,0.0
2022-08-26,tana_river_hola,0.4,25.7,62,,0.0
2022-08-27,tana_river_hola,1.1,25.8,61,,0.0
2022-08-28,tana_river_hola,0.0,25.7,61,,0.0
2022-08-29,tana_river_hola,0.0,26.2,59,,0.0
2022-08-30,tana_river_hola,0.0,26.2,60,,0.0
2022-08-31,tana_river_hola,0.5,26.1,63,,0.0
2022-09-01,tana_river_hola,0.0,25.8,64,,0.0
2022-09-02,tana_river_hola,0.2,26.0,61,,0.0
2022-09-03,tana_river_hola,0.1,26.1,60,,0.0
2022-09-04,tana_river_hola,0.0,26.2,61,,0.0
2022-09-05,tana_river_hola,0.3,26.5,61,,0.0
2022-09-06,tana_river_hola,0.3,25.8,63,,0.0
2022-09-07,tana_river_hola,0.1,26.0,61,,0.0
2022-09-08,tana_river_hola,0.2,26.1,61,,0.0
2022-09-09,tana_river_hola,0.1,26.1,63,,0.0
2022-09-10,tana_river_hola,0.5,26.5,63,,0.0
2022-09-11,tana_river_hola,1.5,26.5,64,,0.0
2022-09-12,tana_river_hola,0.1,26.3,63,,0.0
2022-09-13,tana_river_hola,0.4,26.2,65,,0.0
2022-09-14,tana_river_hola,0.1,26.4,64,,0.0
2022-09-15,tana_river_hola,0.9,26.4,65,,0.0
2022-09-16,tana_river_hola,0.6,26.3,65,,0.0
2022-09-17,tana_river_hola,0.3,26.6,61,,0.0
2022-09-18,tana_river_hola,0.7,26.6,65,,0.0
2022-09-19,tana_river_hola,1.2,26.7,69,,0.0
2022-09-20,tana_river_hola,0.6,27.3,63,,0.0
2022-09-21,tana_river_hola,0.0,27.0,63,,0.0
2022-09-22,tana_river_hola,0.3,26.8,63,,0.0
2022-09-23,tana_river_hola,0.0,26.8,62,,0.0
2022-09-24,tana_river_hola,3.5,26.5,68,,0.0
2022-09-25,tana_river_hola,0.3,27.4,66,,0.0
2022-09-26,tana_river_hola,1.9,27.2,67,,0.0
2022-09-27,tana_river_hola,0.0,27.1,62,,0.0
2022-09-28,tana_river_hola,0.0,26.8,63,,0.0
2022-09-29,tana_river_hola,0.1,27.0,62,,0.0
2022-09-30,tana_river_hola,0.5,27.0,60,,0.0
2022-10-01,tana_river_hola,0.4,26.4,61,,0.0
2022-10-02,tana_river_hola,0.0,26.3,60,,0.0
2022-10-03,tana_river_hola,0.0,26.6,59,,0.0
2022-10-04,tana_river_hola,0.3,26.9,62,,0.0
2022-10-05,tana_river_hola,0.1,27.8,62,,0.0
2022-10-06,tana_river_hola,1.0,27.5,65,,0.0
2022-10-07,tana_river_hola,0.7,27.3,63,,0.0
2022-10-08,tana_river_hola,0.6,27.0,63,,0.0
2022-10-09,tana_river_hola,0.4,26.3,64,,0.0
2022-10-10,tana_river_hola,0.2,26.5,65,,0.0
2022-10-11,tana_river_hola,0.3,26.7,63,,0.0
2022-10-12,tana_river_hola,0.2,26.8,60,,0.0
2022-10-13,tana_river_hola,0.1,26.7,62,,0.0
2022-10-14,tana_river_hola,0.2,27.0,62,,0.0
2022-10-15,tana_river_hola,0.0,27.6,58,,0.0
2022-10-16,tana_river_hola,0.9,27.8,64,,0.0
2022-10-17,tana_river_hola,1.3,27.8,66,,0.0
2022-10-18,tana_river_hola,0.8,28.1,62,,0.0
2022-10-19,tana_river_hola,1.6,27.6,63,,0.0
2022-10-20,tana_river_hola,0.9,27.2,65,,0.0
2022-10-21,tana_river_hola,0.0,27.6,60,,0.0
2022-10-22,tana_river_hola,0.1,28.0,60,,0.0
2022-10-23,tana_river_hola,0.9,28.2,63,,0.0
2022-10-24,tana_river_hola,0.0,28.7,62,,0.0
2022-10-25,tana_river_hola,0.3,29.1,62,,0.0
2022-10-26,tana_river_hola,0.3,28.8,62,,0.0
2022-10-27,tana_river_hola,2.5,28.5,64,,0.0
2022-10-28,tana_river_hola,0.7,28.6,62,,0.0
2022-10-29,tana_river_hola,0.1,28.6,60,,0.0
2022-10-30,tana_river_hola,0.6,28.5,64,,0.0
2022-10-31,tana_river_hola,14.9,26.8,74,,0.0
2022-11-01,tana_river_hola,3.6,26.9,72,,0.0
2022-11-02,tana_river_hola,11.2,24.8,83,,0.0
2022-11-03,tana_river_hola,0.3,26.5,72,,0.0
2022-11-04,tana_river_hola,0.1,27.2,70,,0.0
2022-11-05,tana_river_hola,2.1,26.5,75,,0.0
2022-11-06,tana_river_hola,1.9,26.7,74,,0.0
2022-11-07,tana_river_hola,0.4,27.8,70,,0.0
2022-11-08,tana_river_hola,0.2,28.5,66,,0.0
2022-11-09,tana_river_hola,0.5,28.3,69,,0.0
2022-11-10,tana_river_hola,0.6,28.5,67,,0.0
2022-11-11,tana_river_hola,0.5,28.2,67,,0.0
2022-11-12,tana_river_hola,0.2,28.6,64,,0.0
2022-11-13,tana_river_hola,0.9,28.7,65,,0.0
2022-11-14,tana_river_hola,0.4,28.6,65,,0.0
2022-11-15,tana_river_hola,4.8,27.0,74,,0.0
2022-11-16,tana_river_hola,22.7,24.9,85,,0.0
2022-11-17,tana_river_hola,8.5,25.0,86,,0.0
2022-11-18,tana_river_hola,2.3,25.9,83,,0.0
2022-11-19,tana_river_hola,9.0,25.3,86,,0.0
2022-11-20,tana_river_hola,2.4,26.4,82,,0.0
2022-11-21,tana_river_hola,0.3,27.6,75,,0.0
2022-11-22,tana_river_hola,3.1,27.2,76,,0.0
2022-11-23,tana_river_hola,1.6,27.2,74,,0.0
2022-11-24,tana_river_hola,5.1,26.2,79,,0.0
2022-11-25,tana_river_hola,0.1,27.4,72,,0.0
2022-11-26,tana_river_hola,1.3,27.2,73,,0.0
2022-11-27,tana_river_hola,2.0,27.2,74,,0.0
2022-11-28,tana_river_hola,0.3,27.1,74,,0.0
2022-11-29,tana_river_hola,0.5,27.0,74,,0.0
2022-11-30,tana_river_hola,2.1,26.9,77,,0.0
2022-12-01,tana_river_hola,0.4,27.8,71,,0.0
2022-12-02,tana_river_hola,0.0,28.3,68,,0.0
2022-12-03,tana_river_hola,0.1,28.7,65,,0.0
2022-12-04,tana_river_hola,0.0,28.9,61,,0.0
2022-12-05,tana_river_hola,0.6,29.0,60,,0.0
2022-12-06,tana_river_hola,0.0,29.2,61,,0.0
2022-12-07,tana_river_hola,0.0,29.6,63,,0.0
2022-12-08,tana_river_hola,1.5,28.6,67,,0.0
2022-12-09,tana_river_hola,10.5,27.8,71,,0.0
2022-12-10,tana_river_hola,0.4,28.3,68,,0.0
2022-12-11,tana_river_hola,1.3,28.6,69,,0.0
2022-12-12,tana_river_hola,0.3,28.5,67,,0.0
2022-12-13,tana_river_hola,0.0,28.8,63,,0.0
2022-12-14,tana_river_hola,0.4,28.9,64,,0.0
2022-12-15,tana_river_hola,0.0,29.2,63,,0.0
2022-12-16,tana_river_hola,0.7,29.2,62,,0.0
2022-12-17,tana_river_hola,0.0,29.6,59,,0.0
2022-12-18,tana_river_hola,0.1,29.9,58,,0.0
2022-12-19,tana_river_hola,0.0,30.1,56,,0.0
2022-12-20,tana_river_hola,0.0,30.2,55,,0.0
2022-12-21,tana_river_hola,0.0,30.0,57,,0.0
2022-12-22,tana_river_hola,0.4,29.4,61,,0.0
2022-12-23,tana_river_hola,0.3,29.5,62,,0.0
2022-12-24,tana_river_hola,0.4,28.9,64,,0.0
2022-12-25,tana_river_hola,0.0,29.7,59,,0.0
2022-12-26,tana_river_hola,0.3,29.8,60,,0.0
2022-12-27,tana_river_hola,0.4,29.4,61,,0.0
2022-12-28,tana_river_hola,0.0,29.7,59,,0.0
2022-12-29,tana_river_hola,0.0,30.1,56,,0.0
2022-12-30,tana_river_hola,0.0,30.0,55,,0.0
2022-12-31,tana_river_hola,0.0,29.9,54,,0.0
2023-01-01,tana_river_hola,0.0,29.2,57,,0.0
2023-01-02,tana_river_hola,0.2,29.5,56,,0.0
2023-01-03,tana_river_hola,1.0,28.7,61,,0.0
2023-01-04,tana_river_hola,2.6,28.0,67,,0.0
2023-01-05,tana_river_hola,0.2,28.8,59,,0.0
2023-01-06,tana_river_hola,0.0,29.4,57,,0.0
2023-01-07,tana_river_hola,0.5,29.1,59,,0.0
2023-01-08,tana_river_hola,0.3,29.8,59,,0.0
2023-01-09,tana_river_hola,0.0,29.7,59,,0.0
2023-01-10,tana_river_hola,0.0,29.1,60,,0.0
2023-01-11,tana_river_hola,0.0,29.5,60,,0.0
2023-01-12,tana_river_hola,0.0,30.0,57,,0.0
2023-01-13,tana_river_hola,0.0,29.9,53,,0.0
2023-01-14,tana_river_hola,0.0,29.7,52,,0.0
2023-01-15,tana_river_hola,0.0,30.0,52,,0.0
2023-01-16,tana_river_hola,0.0,29.9,55,,0.0
2023-01-17,tana_river_hola,0.0,29.8,52,,0.0
2023-01-18,tana_river_hola,0.0,29.5,54,,0.0
2023-01-19,tana_river_hola,0.0,29.7,56,,0.0
2023-01-20,tana_river_hola,0.0,30.5,52,,0.0
2023-01-21,tana_river_hola,0.0,31.3,50,,0.0
2023-01-22,tana_river_hola,0.4,30.3,55,,0.0
2023-01-23,tana_river_hola,0.7,29.5,55,,0.0
2023-01-24,tana_river_hola,0.0,29.7,56,,0.0
2023-01-25,tana_river_hola,0.0,29.8,56,,0.0
2023-01-26,tana_river_hola,0.0,29.9,56,,0.0
2023-01-27,tana_river_hola,0.0,29.3,55,,0.0
2023-01-28,tana_river_hola,0.0,29.3,54,,0.0
2023-01-29,tana_river_hola,0.0,28.9,55,,0.0
2023-01-30,tana_river_hola,0.0,29.4,55,,0.0
2023-01-31,tana_river_hola,0.0,29.3,57,,0.0
2023-02-01,tana_river_hola,0.0,29.5,59,,0.0
2023-02-02,tana_river_hola,0.0,29.9,57,,0.0
2023-02-03,tana_river_hola,0.0,30.1,56,,0.0
2023-02-04,tana_river_hola,0.1,29.9,56,,0.0
2023-02-05,tana_river_hola,0.0,29.8,54,,0.0
2023-02-06,tana_river_hola,0.0,29.5,56,,0.0
2023-02-07,tana_river_hola,0.0,30.0,55,,0.0
2023-02-08,tana_river_hola,0.0,30.2,56,,0.0
2023-02-09,tana_river_hola,0.0,30.2,56,,0.0
2023-02-10,tana_river_hola,0.0,30.5,53,,0.0
2023-02-11,tana_river_hola,0.0,30.4,51,,0.0
2023-02-12,tana_river_hola,0.0,29.8,51,,0.0
2023-02-13,tana_river_hola,0.0,29.1,56,,0.0
2023-02-14,tana_river_hola,0.0,29.6,56,,0.0
2023-02-15,tana_river_hola,0.0,29.8,57,,0.0
2023-02-16,tana_river_hola,0.0,29.8,56,,0.0
2023-02-17,tana_river_hola,0.0,30.0,53,,0.0
2023-02-18,tana_river_hola,0.2,30.3,57,,0.0
2023-02-19,tana_river_hola,0.0,30.4,55,,0.0
2023-02-20,tana_river_hola,0.0,30.0,52,,0.0
2023-02-21,tana_river_hola,0.0,29.7,55,,0.0
2023-02-22,tana_river_hola,0.0,29.7,54,,0.0
2023-02-23,tana_river_hola,0.0,29.6,58,,0.0
2023-02-24,tana_river_hola,0.0,29.8,58,,0.0
2023-02-25,tana_river_hola,0.0,30.0,58,,0.0
2023-02-26,tana_river_hola,0.0,30.0,58,,0.0
2023-02-27,tana_river_hola,0.0,30.0,56,,0.0
2023-02-28,tana_river_hola,0.2,29.7,55,,0.0
2023-03-01,tana_river_hola,0.0,30.0,56,,0.0
2023-03-02,tana_river_hola,0.0,30.2,55,,0.0
2023-03-03,tana_river_hola,0.0,30.5,54,,0.0
2023-03-04,tana_river_hola,0.0,30.3,56,,0.0
2023-03-05,tana_river_hola,0.0,30.3,54,,0.0
2023-03-06,tana_river_hola,0.0,30.3,55,,0.0
2023-03-07,tana_river_hola,0.0,30.1,57,,0.0
2023-03-08,tana_river_hola,0.0,30.3,57,,0.0
2023-03-09,tana_river_hola,0.0,30.3,58,,0.0
2023-03-10,tana_river_hola,0.0,30.4,58,,0.0
2023-03-11,tana_river_hola,0.1,30.6,57,,0.0
2023-03-12,tana_river_hola,0.3,30.3,60,,0.0
2023-03-13,tana_river_hola,0.0,30.4,58,,0.0
2023-03-14,tana_river_hola,0.1,30.4,58,,0.0
2023-03-15,tana_river_hola,0.1,30.5,58,,0.0
2023-03-16,tana_river_hola,0.0,30.7,57,,0.0
2023-03-17,tana_river_hola,0.0,30.5,55,,0.0
2023-03-18,tana_river_hola,0.5,30.2,55,,0.0
2023-03-19,tana_river_hola,0.2,30.1,59,,0.0
2023-03-20,tana_river_hola,6.2,29.1,65,,0.0
2023-03-21,tana_river_hola,2.4,29.0,67,,0.0
2023-03-22,tana_river_hola,0.6,29.6,64,,0.0
2023-03-23,tana_river_hola,2.8,28.4,71,,0.0
2023-03-24,tana_river_hola,5.6,29.1,68,,0.0
2023-03-25,tana_river_hola,18.4,27.8,75,,0.0
2023-03-26,tana_river_hola,14.6,27.0,78,,0.0
2023-03-27,tana_river_hola,0.8,27.6,76,,0.0
2023-03-28,tana_river_hola,0.7,28.6,73,,0.0
2023-03-29,tana_river_hola,0.9,29.2,68,,0.0
2023-03-30,tana_river_hola,0.0,29.5,66,,0.0
2023-03-31,tana_river_hola,0.0,29.7,64,,0.0
2023-04-01,tana_river_hola,0.0,30.1,63,,0.0
2023-04-02,tana_river_hola,1.2,29.7,67,,0.0
2023-04-03,tana_river_hola,0.5,29.9,65,,0.0
2023-04-04,tana_river_hola,6.0,28.2,72,,0.0
2023-04-05,tana_river_hola,2.5,28.4,70,,0.0
2023-04-06,tana_river_hola,1.7,29.1,68,,0.0
2023-04-07,tana_river_hola,0.6,29.1,67,,0.0
2023-04-08,tana_river_hola,5.7,29.2,67,,0.0
2023-04-09,tana_river_hola,0.7,30.2,62,,0.0
2023-04-10,tana_river_hola,2.4,28.2,72,,0.0
2023-04-11,tana_river_hola,3.9,28.1,71,,0.0
2023-04-12,tana_river_hola,2.6,28.9,66,,0.0
2023-04-13,tana_river_hola,0.4,29.6,63,,0.0
2023-04-14,tana_river_hola,6.2,27.3,77,,0.0
2023-04-15,tana_river_hola,0.7,28.6,71,,0.0
2023-04-16,tana_river_hola,9.2,27.3,74,,0.0
2023-04-17,tana_river_hola,1.9,28.0,73,,0.0
2023-04-18,tana_river_hola,1.3,27.9,72,,0.0
2023-04-19,tana_river_hola,0.5,28.6,70,,0.0
2023-04-20,tana_river_hola,3.4,28.9,69,,0.0
2023-04-21,tana_river_hola,0.8,29.6,68,,0.0
2023-04-22,tana_river_hola,9.6,27.1,78,,0.0
2023-04-23,tana_river_hola,0.3,29.3,67,,0.0
2023-04-24,tana_river_hola,4.3,28.4,74,,0.0
2023-04-25,tana_river_hola,4.5,27.2,79,,0.0
2023-04-26,tana_river_hola,5.3,26.2,83,,0.0
2023-04-27,tana_river_hola,7.7,26.5,81,,0.0
2023-04-28,tana_river_hola,58.0,24.0,91,,0.0
2023-04-29,tana_river_hola,1.6,24.9,83,,0.0
2023-04-30,tana_river_hola,9.8,25.3,86,,0.0
2023-05-01,tana_river_hola,11.0,24.0,92,,0.0
2023-05-02,tana_river_hola,0.9,26.0,80,,0.0
2023-05-03,tana_river_hola,0.5,27.0,74,,0.0
2023-05-04,tana_river_hola,1.2,26.3,76,,0.0
2023-05-05,tana_river_hola,4.1,26.4,76,,0.0
2023-05-06,tana_river_hola,0.8,27.1,75,,0.0
2023-05-07,tana_river_hola,1.1,27.0,76,,0.0
2023-05-08,tana_river_hola,1.4,26.9,75,,0.0
2023-05-09,tana_river_hola,0.3,27.5,72,,0.0
2023-05-10,tana_river_hola,0.9,27.5,72,,0.0
2023-05-11,tana_river_hola,0.5,27.8,71,,0.0
2023-05-12,tana_river_hola,1.0,28.1,71,,0.0
2023-05-13,tana_river_hola,0.7,28.3,70,,0.0
2023-05-14,tana_river_hola,0.6,28.6,66,,0.0
2023-05-15,tana_river_hola,0.7,28.4,69,,0.0
2023-05-16,tana_river_hola,0.0,29.3,65,,0.0
2023-05-17,tana_river_hola,1.2,28.3,70,,0.0
2023-05-18,tana_river_hola,0.0,29.1,65,,0.0
2023-05-19,tana_river_hola,0.1,29.0,65,,0.0
2023-05-20,tana_river_hola,0.5,29.3,65,,0.0
2023-05-21,tana_river_hola,2.1,28.6,70,,0.0
2023-05-22,tana_river_hola,0.5,28.9,68,,0.0
2023-05-23,tana_river_hola,1.1,28.5,67,,0.0
2023-05-24,tana_river_hola,0.0,28.9,62,,0.0
2023-05-25,tana_river_hola,1.0,28.1,69,,0.0
2023-05-26,tana_river_hola,0.1,28.7,62,,0.0
2023-05-27,tana_river_hola,0.9,28.2,64,,0.0
2023-05-28,tana_river_hola,0.9,27.7,66,,0.0
2023-05-29,tana_river_hola,2.1,27.2,72,,0.0
2023-05-30,tana_river_hola,15.2,25.2,82,,0.0
2023-05-31,tana_river_hola,1.9,26.8,71,,0.0
2023-06-01,tana_river_hola,0.7,27.2,72,,0.0
2023-06-02,tana_river_hola,1.3,27.6,69,,0.0
2023-06-03,tana_river_hola,0.9,27.1,70,,0.0
2023-06-04,tana_river_hola,1.1,27.5,67,,0.0
2023-06-05,tana_river_hola,0.6,27.6,70,,0.0
2023-06-06,tana_river_hola,1.1,27.7,67,,0.0
2023-06-07,tana_river_hola,0.0,28.0,62,,0.0
2023-06-08,tana_river_hola,0.0,28.1,66,,0.0
2023-06-09,tana_river_hola,0.6,28.0,66,,0.0
2023-06-10,tana_river_hola,0.9,27.9,65,,0.0
2023-06-11,tana_river_hola,0.9,27.9,65,,0.0
2023-06-12,tana_river_hola,0.0,27.7,65,,0.0
2023-06-13,tana_river_hola,0.2,28.4,61,,0.0
2023-06-14,tana_river_hola,0.0,28.2,62,,0.0
2023-06-15,tana_river_hola,0.0,28.2,59,,0.0
2023-06-16,tana_river_hola,0.0,27.9,59,,0.0
2023-06-17,tana_river_hola,0.0,28.3,62,,0.0
2023-06-18,tana_river_hola,0.4,28.0,62,,0.0
2023-06-19,tana_river_hola,0.9,28.0,63,,0.0
2023-06-20,tana_river_hola,0.5,28.2,62,,0.0
2023-06-21,tana_river_hola,0.4,28.3,60,,0.0
2023-06-22,tana_river_hola,0.7,27.9,61,,0.0
2023-06-23,tana_river_hola,0.9,27.4,60,,0.0
2023-06-24,tana_river_hola,0.9,27.2,59,,0.0
2023-06-25,tana_river_hola,1.3,26.9,62,,0.0
2023-06-26,tana_river_hola,1.2,27.0,64,,0.0
2023-06-27,tana_river_hola,0.6,27.0,63,,0.0
2023-06-28,tana_river_hola,1.0,27.1,66,,0.0
2023-06-29,tana_river_hola,1.0,26.7,68,,0.0
2023-06-30,tana_river_hola,0.9,26.3,68,,0.0
2023-07-01,tana_river_hola,5.2,24.8,77,,0.0
2023-07-02,tana_river_hola,1.4,24.5,76,,0.0
2023-07-03,tana_river_hola,2.3,24.5,76,,0.0
2023-07-04,tana_river_hola,1.2,25.0,70,,0.0
2023-07-05,tana_river_hola,0.4,25.5,66,,0.0
2023-07-06,tana_river_hola,0.4,25.8,67,,0.0
2023-07-07,tana_river_hola,0.6,26.2,63,,0.0
2023-07-08,tana_river_hola,1.2,25.9,66,,0.0
2023-07-09,tana_river_hola,1.0,25.9,69,,0.0
2023-07-10,tana_river_hola,0.0,26.3,68,,0.0
2023-07-11,tana_river_hola,1.6,26.9,68,,0.0
2023-07-12,tana_river_hola,0.9,26.5,70,,0.0
2023-07-13,tana_river_hola,0.5,26.2,65,,0.0
2023-07-14,tana_river_hola,1.0,26.4,63,,0.0
2023-07-15,tana_river_hola,5.5,25.1,76,,0.0
2023-07-16,tana_river_hola,0.1,25.9,68,,0.0
2023-07-17,tana_river_hola,0.3,26.1,66,,0.0
2023-07-18,tana_river_hola,0.6,26.4,66,,0.0
2023-07-19,tana_river_hola,2.4,26.4,67,,0.0
2023-07-20,tana_river_hola,0.0,26.8,64,,0.0
2023-07-21,tana_river_hola,0.4,27.5,64,,0.0
2023-07-22,tana_river_hola,2.1,26.8,68,,0.0
2023-07-23,tana_river_hola,0.7,26.8,67,,0.0
2023-07-24,tana_river_hola,1.0,26.3,69,,0.0
2023-07-25,tana_river_hola,0.5,26.7,66,,0.0
2023-07-26,tana_river_hola,0.5,26.6,64,,0.0
2023-07-27,tana_river_hola,2.5,26.2,67,,0.0
2023-07-28,tana_river_hola,1.2,26.4,65,,0.0
2023-07-29,tana_river_hola,0.0,26.8,64,,0.0
2023-07-30,tana_river_hola,0.1,26.4,65,,0.0
2023-07-31,tana_river_hola,0.0,26.2,67,,0.0
2023-08-01,tana_river_hola,0.6,25.7,70,,0.0
2023-08-02,tana_river_hola,1.5,26.4,65,,0.0
2023-08-03,tana_river_hola,0.2,25.9,67,,0.0
2023-08-04,tana_river_hola,0.3,26.7,63,,0.0
2023-08-05,tana_river_hola,0.4,26.3,67,,0.0
2023-08-06,tana_river_hola,0.7,26.1,69,,0.0
2023-08-07,tana_river_hola,0.9,26.5,65,,0.0
2023-08-08,tana_river_hola,1.4,26.6,65,,0.0
2023-08-09,tana_river_hola,1.0,26.4,67,,0.0
2023-08-10,tana_river_hola,0.1,26.9,62,,0.0
2023-08-11,tana_river_hola,0.0,26.9,60,,0.0
2023-08-12,tana_river_hola,0.0,27.1,60,,0.0
2023-08-13,tana_river_hola,0.3,27.0,64,,0.0
2023-08-14,tana_river_hola,0.8,27.1,67,,0.0
2023-08-15,tana_river_hola,12.5,25.7,77,,0.0
2023-08-16,tana_river_hola,0.8,27.3,64,,0.0
2023-08-17,tana_river_hola,0.3,26.8,68,,0.0
2023-08-18,tana_river_hola,0.4,26.4,66,,0.0
2023-08-19,tana_river_hola,0.4,26.3,67,,0.0
2023-08-20,tana_river_hola,0.1,27.1,66,,0.0
2023-08-21,tana_river_hola,8.4,25.9,78,,0.0
2023-08-22,tana_river_hola,0.5,26.8,68,,0.0
2023-08-23,tana_river_hola,0.3,26.7,65,,0.0
2023-08-24,tana_river_hola,0.7,26.7,69,,0.0
2023-08-25,tana_river_hola,1.2,26.8,69,,0.0
2023-08-26,tana_river_hola,0.5,27.3,64,,0.0
2023-08-27,tana_river_hola,0.5,27.4,66,,0.0
2023-08-28,tana_river_hola,0.4,27.3,67,,0.0
2023-08-29,tana_river_hola,0.9,26.9,66,,0.0
2023-08-30,tana_river_hola,0.6,26.7,66,,0.0
2023-08-31,tana_river_hola,0.6,27.4,64,,0.0
2023-09-01,tana_river_hola,0.2,27.6,63,,0.0
2023-09-02,tana_river_hola,0.3,27.5,62,,0.0
2023-09-03,tana_river_hola,1.4,27.1,65,,0.0
2023-09-04,tana_river_hola,1.2,26.4,68,,0.0
2023-09-05,tana_river_hola,0.1,27.4,63,,0.0
2023-09-06,tana_river_hola,0.2,27.6,66,,0.0
2023-09-07,tana_river_hola,0.1,28.2,64,,0.0
2023-09-08,tana_river_hola,0.0,27.7,64,,0.0
2023-09-09,tana_river_hola,0.0,27.6,61,,0.0
2023-09-10,tana_river_hola,0.1,28.1,61,,0.0
2023-09-11,tana_river_hola,0.1,28.2,64,,0.0
2023-09-12,tana_river_hola,0.1,28.5,61,,0.0
2023-09-13,tana_river_hola,0.7,27.9,64,,0.0
2023-09-14,tana_river_hola,1.7,27.1,67,,0.0
2023-09-15,tana_river_hola,0.0,27.8,62,,0.0
2023-09-16,tana_river_hola,0.0,27.5,63,,0.0
2023-09-17,tana_river_hola,0.0,28.1,60,,0.0
2023-09-18,tana_river_hola,1.1,27.9,64,,0.0
2023-09-19,tana_river_hola,1.2,27.8,66,,0.0
2023-09-20,tana_river_hola,0.3,28.1,62,,0.0
2023-09-21,tana_river_hola,0.7,28.3,61,,0.0
2023-09-22,tana_river_hola,0.1,28.2,64,,0.0
2023-09-23,tana_river_hola,0.9,28.3,62,,0.0
2023-09-24,tana_river_hola,1.3,27.7,65,,0.0
2023-09-25,tana_river_hola,0.0,28.1,59,,0.0
2023-09-26,tana_river_hola,0.6,28.4,62,,0.0
2023-09-27,tana_river_hola,0.2,28.5,63,,0.0
2023-09-28,tana_river_hola,0.6,28.8,62,,0.0
2023-09-29,tana_river_hola,3.5,27.2,71,,0.0
2023-09-30,tana_river_hola,0.4,28.3,63,,0.0
2023-10-01,tana_river_hola,0.3,28.2,62,,0.0
2023-10-02,tana_river_hola,0.0,28.2,59,,0.0
2023-10-03,tana_river_hola,3.1,27.6,69,,0.0
2023-10-04,tana_river_hola,42.0,25.4,81,,0.0
2023-10-05,tana_river_hola,1.3,27.1,71,,0.0
2023-10-06,tana_river_hola,1.0,27.1,73,,0.0
2023-10-07,tana_river_hola,0.6,27.5,66,,0.0
2023-10-08,tana_river_hola,0.0,27.7,65,,0.0
2023-10-09,tana_river_hola,0.4,28.0,67,,0.0
2023-10-10,tana_river_hola,0.0,28.0,64,,0.0
2023-10-11,tana_river_hola,0.1,28.4,61,,0.0
2023-10-12,tana_river_hola,0.0,29.0,61,,0.0
2023-10-13,tana_river_hola,0.0,29.7,61,,0.0
2023-10-14,tana_river_hola,0.2,29.2,64,,0.0
2023-10-15,tana_river_hola,0.3,29.4,65,,0.0
2023-10-16,tana_river_hola,3.8,28.6,69,,0.0
2023-10-17,tana_river_hola,0.6,28.8,69,,0.0
2023-10-18,tana_river_hola,2.1,29.1,68,,0.0
2023-10-19,tana_river_hola,1.1,28.8,67,,0.0
2023-10-20,tana_river_hola,4.2,27.6,75,,0.0
2023-10-21,tana_river_hola,0.6,28.5,67,,0.0
2023-10-22,tana_river_hola,0.0,28.9,62,,0.0
2023-10-23,tana_river_hola,0.0,29.4,61,,0.0
2023-10-24,tana_river_hola,0.8,29.7,66,,0.0
2023-10-25,tana_river_hola,0.9,29.6,65,,0.0
2023-10-26,tana_river_hola,0.2,29.9,62,,0.0
2023-10-27,tana_river_hola,0.8,29.9,61,,0.0
2023-10-28,tana_river_hola,0.4,29.1,65,,0.0
2023-10-29,tana_river_hola,0.2,29.7,63,,0.0
2023-10-30,tana_river_hola,3.9,27.6,74,,0.0
2023-10-31,tana_river_hola,1.4,28.4,70,,0.0
2023-11-01,tana_river_hola,3.1,28.0,71,,0.0
2023-11-02,tana_river_hola,9.6,26.5,80,,0.0
2023-11-03,tana_river_hola,35.7,24.9,89,,0.0
2023-11-04,tana_river_hola,28.2,25.3,87,,0.0
2023-11-05,tana_river_hola,5.7,26.2,82,,0.0
2023-11-06,tana_river_hola,5.0,26.2,85,,0.0
2023-11-07,tana_river_hola,13.7,25.9,85,,0.0
2023-11-08,tana_river_hola,16.8,25.1,89,,0.0
2023-11-09,tana_river_hola,1.5,26.9,82,,0.0
2023-11-10,tana_river_hola,12.8,25.9,85,,0.0
2023-11-11,tana_river_hola,33.0,25.3,87,,0.0
2023-11-12,tana_river_hola,5.6,25.5,87,,0.0
2023-11-13,tana_river_hola,6.7,25.9,85,,0.0
2023-11-14,tana_river_hola,1.0,27.3,77,,0.0
2023-11-15,tana_river_hola,29.9,25.6,86,,0.0
2023-11-16,tana_river_hola,2.6,26.3,82,,0.0
2023-11-17,tana_river_hola,3.4,26.3,83,,0.0
2023-11-18,tana_river_hola,24.9,25.5,87,,0.0
2023-11-19,tana_river_hola,19.1,25.3,87,,0.0
2023-11-20,tana_river_hola,21.5,26.0,86,,0.0
2023-11-21,tana_river_hola,8.5,26.4,84,,0.0
2023-11-22,tana_river_hola,22.6,25.5,87,,0.0
2023-11-23,tana_river_hola,12.7,25.5,86,,0.0
2023-11-24,tana_river_hola,34.0,25.5,85,,0.0
2023-11-25,tana_river_hola,0.2,26.5,81,,0.0
2023-11-26,tana_river_hola,1.4,26.8,82,,0.0
2023-11-27,tana_river_hola,3.1,26.4,83,,0.0
2023-11-28,tana_river_hola,2.9,26.5,83,,0.0
2023-11-29,tana_river_hola,1.2,27.0,80,,0.0
2023-11-30,tana_river_hola,5.1,27.1,80,,0.0
2023-12-01,tana_river_hola,0.8,27.5,78,,0.0
2023-12-02,tana_river_hola,1.3,27.3,78,,0.0
2023-12-03,tana_river_hola,0.4,28.5,74,,0.0
2023-12-04,tana_river_hola,0.1,28.8,72,,0.0
2023-12-05,tana_river_hola,7.4,27.5,79,,0.0
2023-12-06,tana_river_hola,0.0,27.7,75,,0.0
2023-12-07,tana_river_hola,0.2,28.2,74,,0.0
2023-12-08,tana_river_hola,0.2,28.4,73,,0.0
2023-12-09,tana_river_hola,0.1,28.9,70,,0.0
2023-12-10,tana_river_hola,1.4,28.0,75,,0.0
2023-12-11,tana_river_hola,0.2,28.2,74,,0.0
2023-12-12,tana_river_hola,0.6,28.2,75,,0.0
2023-12-13,tana_river_hola,1.1,27.8,77,,0.0
2023-12-14,tana_river_hola,2.6,27.9,78,,0.0
2023-12-15,tana_river_hola,18.8,26.7,83,,0.0
2023-12-16,tana_river_hola,1.1,26.8,83,,0.0
2023-12-17,tana_river_hola,0.7,27.4,81,,0.0
2023-12-18,tana_river_hola,10.4,27.0,81,,0.0
2023-12-19,tana_river_hola,0.2,28.1,75,,0.0
2023-12-20,tana_river_hola,0.4,28.3,73,,0.0
2023-12-21,tana_river_hola,0.0,29.3,71,,0.0
2023-12-22,tana_river_hola,10.5,27.9,79,,0.0
2023-12-23,tana_river_hola,0.1,27.5,80,,0.0
2023-12-24,tana_river_hola,0.5,28.2,78,,0.0
2023-12-25,tana_river_hola,1.3,28.1,78,,0.0
2023-12-26,tana_river_hola,0.9,28.9,72,,0.0
2023-12-27,tana_river_hola,0.1,29.1,68,,0.0
2023-12-28,tana_river_hola,0.4,28.4,76,,0.0
2023-12-29,tana_river_hola,0.3,28.3,76,,0.0
2023-12-30,tana_river_hola,3.0,28.1,78,,0.0
2023-12-31,tana_river_hola,0.2,29.4,72,,0.0
2024-01-01,tana_river_hola,0.0,29.4,70,,0.0
2024-01-02,tana_river_hola,0.0,29.8,64,,0.0
2024-01-03,tana_river_hola,0.0,29.7,64,,0.0
2024-01-04,tana_river_hola,0.0,29.7,62,,0.0
2024-01-05,tana_river_hola,0.1,29.6,64,,0.0
2024-01-06,tana_river_hola,0.0,30.1,62,,0.0
2024-01-07,tana_river_hola,0.0,30.5,58,,0.0
2024-01-08,tana_river_hola,0.0,30.3,59,,0.0
2024-01-09,tana_river_hola,0.1,30.1,57,,0.0
2024-01-10,tana_river_hola,0.0,30.2,53,,0.0
2024-01-11,tana_river_hola,0.1,30.5,57,,0.0
2024-01-12,tana_river_hola,0.3,30.4,61,,0.0
2024-01-13,tana_river_hola,0.2,31.4,56,,0.0
2024-01-14,tana_river_hola,0.0,31.3,59,,0.0
2024-01-15,tana_river_hola,0.1,31.8,56,,0.0
2024-01-16,tana_river_hola,0.1,31.1,59,,0.0
2024-01-17,tana_river_hola,0.3,30.7,62,,0.0
2024-01-18,tana_river_hola,10.0,28.9,72,,0.0
2024-01-19,tana_river_hola,0.0,30.7,65,,0.0
2024-01-20,tana_river_hola,0.1,31.0,63,,0.0
2024-01-21,tana_river_hola,0.0,30.2,59,,0.0
2024-01-22,tana_river_hola,0.0,30.2,56,,0.0
2024-01-23,tana_river_hola,0.0,30.8,53,,0.0
2024-01-24,tana_river_hola,0.0,30.8,55,,0.0
2024-01-25,tana_river_hola,0.2,30.6,64,,0.0
2024-01-26,tana_river_hola,1.7,30.5,64,,0.0
2024-01-27,tana_river_hola,0.0,30.8,62,,0.0
2024-01-28,tana_river_hola,0.1,30.7,60,,0.0
2024-01-29,tana_river_hola,0.0,31.1,59,,0.0
2024-01-30,tana_river_hola,0.2,30.8,60,,0.0
2024-01-31,tana_river_hola,0.0,30.7,60,,0.0
2024-02-01,tana_river_hola,0.0,31.0,59,,0.0
2024-02-02,tana_river_hola,0.0,30.9,59,,0.0
2024-02-03,tana_river_hola,0.0,30.9,59,,0.0
2024-02-04,tana_river_hola,0.0,31.3,58,,0.0
2024-02-05,tana_river_hola,0.0,30.9,61,,0.0
2024-02-06,tana_river_hola,0.0,31.3,55,,0.0
2024-02-07,tana_river_hola,0.0,30.9,60,,0.0
2024-02-08,tana_river_hola,0.0,31.2,61,,0.0
2024-02-09,tana_river_hola,0.0,31.5,60,,0.0
2024-02-10,tana_river_hola,0.0,31.3,59,,0.0
2024-02-11,tana_river_hola,0.0,31.1,56,,0.0
2024-02-12,tana_river_hola,0.0,31.0,57,,0.0
2024-02-13,tana_river_hola,0.0,31.6,56,,0.0
2024-02-14,tana_river_hola,0.0,31.3,56,,0.0
2024-02-15,tana_river_hola,0.0,31.4,59,,0.0
2024-02-16,tana_river_hola,0.2,31.8,58,,0.0
2024-02-17,tana_river_hola,0.0,32.1,58,,0.0
2024-02-18,tana_river_hola,0.0,32.4,54,,0.0
2024-02-19,tana_river_hola,0.2,31.7,60,,0.0
2024-02-20,tana_river_hola,0.0,31.8,58,,0.0
2024-02-21,tana_river_hola,0.0,31.9,55,,0.0
2024-02-22,tana_river_hola,0.0,32.0,51,,0.0
2024-02-23,tana_river_hola,0.0,31.9,52,,0.0
2024-02-24,tana_river_hola,0.7,31.0,59,,0.0
2024-02-25,tana_river_hola,0.0,30.9,60,,0.0
2024-02-26,tana_river_hola,0.0,31.5,59,,0.0
2024-02-27,tana_river_hola,1.4,31.8,60,,0.0
2024-02-28,tana_river_hola,2.3,30.8,64,,0.0
2024-02-29,tana_river_hola,0.6,31.6,63,,0.0
2024-03-01,tana_river_hola,3.4,31.4,63,,0.0
2024-03-02,tana_river_hola,0.3,32.0,58,,0.0
2024-03-03,tana_river_hola,0.0,31.9,59,,0.0
2024-03-04,tana_river_hola,0.0,32.0,58,,0.0
2024-03-05,tana_river_hola,0.1,32.1,55,,0.0
2024-03-06,tana_river_hola,0.0,32.2,53,,0.0
2024-03-07,tana_river_hola,1.8,30.1,66,,0.0
2024-03-08,tana_river_hola,1.0,31.1,64,,0.0
2024-03-09,tana_river_hola,0.8,31.3,63,,0.0
2024-03-10,tana_river_hola,0.0,31.4,59,,0.0
2024-03-11,tana_river_hola,0.0,31.7,55,,0.0
2024-03-12,tana_river_hola,0.0,31.7,52,,0.0
2024-03-13,tana_river_hola,0.1,32.2,55,,0.0
2024-03-14,tana_river_hola,0.0,32.4,54,,0.0
2024-03-15,tana_river_hola,0.2,32.1,56,,0.0
2024-03-16,tana_river_hola,0.0,32.1,56,,0.0
2024-03-17,tana_river_hola,0.8,31.3,62,,0.0
2024-03-18,tana_river_hola,0.3,30.5,66,,0.0
2024-03-19,tana_river_hola,0.0,31.5,61,,0.0
2024-03-20,tana_river_hola,0.4,30.8,65,,0.0
2024-03-21,tana_river_hola,0.0,31.6,61,,0.0
2024-03-22,tana_river_hola,0.5,31.4,63,,0.0
2024-03-23,tana_river_hola,0.7,30.1,67,,0.0
2024-03-24,tana_river_hola,2.1,30.0,68,,0.0
2024-03-25,tana_river_hola,2.2,30.3,67,,0.0
2024-03-26,tana_river_hola,0.6,31.2,64,,0.0
2024-03-27,tana_river_hola,0.7,30.8,64,,0.0
2024-03-28,tana_river_hola,0.0,30.9,61,,0.0
2024-03-29,tana_river_hola,0.4,30.2,63,,0.0
2024-03-30,tana_river_hola,1.8,30.1,67,,0.0
2024-03-31,tana_river_hola,5.0,29.1,71,,0.0
2024-04-01,tana_river_hola,1.8,29.1,70,,0.0
2024-04-02,tana_river_hola,9.3,27.6,78,,0.0
2024-04-03,tana_river_hola,3.1,28.2,75,,0.0
2024-04-04,tana_river_hola,14.4,28.1,76,,0.0
2024-04-05,tana_river_hola,22.8,27.6,78,,0.0
2024-04-06,tana_river_hola,7.3,27.8,78,,0.0
2024-04-07,tana_river_hola,0.2,29.5,70,,0.0
2024-04-08,tana_river_hola,3.8,28.9,75,,0.0
2024-04-09,tana_river_hola,1.6,29.5,70,,0.0
2024-04-10,tana_river_hola,0.8,30.1,70,,0.0
2024-04-11,tana_river_hola,5.7,29.1,76,,0.0
2024-04-12,tana_river_hola,1.1,29.8,71,,0.0
2024-04-13,tana_river_hola,3.5,29.8,70,,0.0
2024-04-14,tana_river_hola,1.8,29.2,71,,0.0
2024-04-15,tana_river_hola,0.0,28.1,67,,0.0
2024-04-16,tana_river_hola,0.3,29.1,62,,0.0
2024-04-17,tana_river_hola,0.4,29.5,64,,0.0
2024-04-18,tana_river_hola,4.1,28.1,75,,0.0
2024-04-19,tana_river_hola,4.0,27.3,77,,0.0
2024-04-20,tana_river_hola,0.2,29.2,65,,0.0
2024-04-21,tana_river_hola,1.9,28.5,72,,0.0
2024-04-22,tana_river_hola,1.4,29.1,70,,0.0
2024-04-23,tana_river_hola,0.6,29.7,69,,0.0
2024-04-24,tana_river_hola,3.2,28.7,73,,0.0
2024-04-25,tana_river_hola,6.3,27.2,79,,0.0
2024-04-26,tana_river_hola,16.0,26.3,84,,0.0
2024-04-27,tana_river_hola,0.0,28.2,69,,0.0
2024-04-28,tana_river_hola,0.1,28.4,62,,0.0
2024-04-29,tana_river_hola,0.0,29.9,57,,0.0
2024-04-30,tana_river_hola,0.0,30.0,59,,0.0
2024-05-01,tana_river_hola,0.0,30.4,58,,0.0
2024-05-02,tana_river_hola,0.1,31.2,59,,0.0
2024-05-03,tana_river_hola,0.2,31.5,58,,0.0
2024-05-04,tana_river_hola,0.1,31.0,58,,0.0
2024-05-05,tana_river_hola,0.2,30.1,63,,0.0
2024-05-06,tana_river_hola,0.5,29.3,67,,0.0
2024-05-07,tana_river_hola,2.1,27.8,73,,0.0
2024-05-08,tana_river_hola,0.6,27.9,71,,0.0
2024-05-09,tana_river_hola,2.9,28.2,70,,0.0
2024-05-10,tana_river_hola,0.8,28.3,71,,0.0
2024-05-11,tana_river_hola,7.2,27.5,74,,0.0
2024-05-12,tana_river_hola,0.0,29.4,63,,0.0
2024-05-13,tana_river_hola,0.5,29.4,67,,0.0
2024-05-14,tana_river_hola,0.0,30.0,60,,0.0
2024-05-15,tana_river_hola,0.0,30.2,58,,0.0
2024-05-16,tana_river_hola,0.2,29.6,63,,0.0
2024-05-17,tana_river_hola,0.0,29.6,60,,0.0
2024-05-18,tana_river_hola,0.1,29.8,63,,0.0
2024-05-19,tana_river_hola,0.0,30.7,56,,0.0
2024-05-20,tana_river_hola,0.0,31.3,50,,0.0
2024-05-21,tana_river_hola,0.0,31.4,47,,0.0
2024-05-22,tana_river_hola,0.8,29.6,57,,0.0
2024-05-23,tana_river_hola,1.0,27.9,69,,0.0
2024-05-24,tana_river_hola,0.2,28.5,62,,0.0
2024-05-25,tana_river_hola,0.7,28.9,61,,0.0
2024-05-26,tana_river_hola,0.7,28.7,62,,0.0
2024-05-27,tana_river_hola,0.3,28.6,64,,0.0
2024-05-28,tana_river_hola,1.5,28.4,61,,0.0
2024-05-29,tana_river_hola,0.0,28.6,56,,0.0
2024-05-30,tana_river_hola,0.0,28.2,58,,0.0
2024-05-31,tana_river_hola,0.3,28.7,62,,0.0
2024-06-01,tana_river_hola,0.0,29.1,65,,0.0
2024-06-02,tana_river_hola,0.1,29.2,63,,0.0
2024-06-03,tana_river_hola,0.1,29.2,63,,0.0
2024-06-04,tana_river_hola,0.4,29.0,66,,0.0
2024-06-05,tana_river_hola,0.5,29.1,66,,0.0
2024-06-06,tana_river_hola,1.4,28.8,64,,0.0
2024-06-07,tana_river_hola,0.1,28.8,62,,0.0
2024-06-08,tana_river_hola,0.2,28.5,61,,0.0
2024-06-09,tana_river_hola,0.3,28.4,59,,0.0
2024-06-10,tana_river_hola,1.1,27.9,62,,0.0
2024-06-11,tana_river_hola,0.7,28.2,58,,0.0
2024-06-12,tana_river_hola,0.0,28.4,54,,0.0
2024-06-13,tana_river_hola,0.0,27.9,60,,0.0
2024-06-14,tana_river_hola,0.0,28.0,61,,0.0
2024-06-15,tana_river_hola,0.0,27.6,56,,0.0
2024-06-16,tana_river_hola,0.0,27.6,62,,0.0
2024-06-17,tana_river_hola,0.0,28.3,60,,0.0
2024-06-18,tana_river_hola,0.7,28.0,62,,0.0
2024-06-19,tana_river_hola,2.6,27.2,71,,0.0
2024-06-20,tana_river_hola,5.9,26.1,75,,0.0
2024-06-21,tana_river_hola,0.9,26.2,71,,0.0
2024-06-22,tana_river_hola,0.0,26.5,64,,0.0
2024-06-23,tana_river_hola,0.5,27.0,62,,0.0
2024-06-24,tana_river_hola,0.0,27.6,58,,0.0
2024-06-25,tana_river_hola,0.0,27.0,61,,0.0
2024-06-26,tana_river_hola,0.0,27.4,61,,0.0
2024-06-27,tana_river_hola,0.9,27.1,63,,0.0
2024-06-28,tana_river_hola,0.0,27.2,61,,0.0
2024-06-29,tana_river_hola,0.0,27.4,62,,0.0
2024-06-30,tana_river_hola,1.4,26.7,68,,0.0
2024-07-01,tana_river_hola,0.0,27.5,62,,0.0
2024-07-02,tana_river_hola,1.1,27.0,66,,0.0
2024-07-03,tana_river_hola,0.6,27.4,62,,0.0
2024-07-04,tana_river_hola,0.6,27.4,63,,0.0
2024-07-05,tana_river_hola,4.1,26.8,68,,0.0
2024-07-06,tana_river_hola,0.4,27.1,66,,0.0
2024-07-07,tana_river_hola,0.7,27.3,64,,0.0
2024-07-08,tana_river_hola,0.0,27.5,61,,0.0
2024-07-09,tana_river_hola,0.3,27.7,65,,0.0
2024-07-10,tana_river_hola,3.6,26.7,72,,0.0
2024-07-11,tana_river_hola,0.1,27.5,60,,0.0
2024-07-12,tana_river_hola,1.9,26.5,68,,0.0
2024-07-13,tana_river_hola,0.5,26.2,69,,0.0
2024-07-14,tana_river_hola,0.0,27.1,63,,0.0
2024-07-15,tana_river_hola,1.3,27.3,65,,0.0
2024-07-16,tana_river_hola,0.0,27.1,63,,0.0
2024-07-17,tana_river_hola,0.4,27.1,62,,0.0
2024-07-18,tana_river_hola,0.6,26.6,66,,0.0
2024-07-19,tana_river_hola,0.4,26.8,65,,0.0
2024-07-20,tana_river_hola,0.3,26.9,67,,0.0
2024-07-21,tana_river_hola,0.6,26.8,68,,0.0
2024-07-22,tana_river_hola,0.0,26.6,61,,0.0
2024-07-23,tana_river_hola,1.8,26.5,68,,0.0
2024-07-24,tana_river_hola,0.6,26.9,67,,0.0
2024-07-25,tana_river_hola,1.7,26.7,67,,0.0
2024-07-26,tana_river_hola,0.1,26.9,63,,0.0
2024-07-27,tana_river_hola,0.1,26.8,65,,0.0
2024-07-28,tana_river_hola,0.0,27.0,62,,0.0
2024-07-29,tana_river_hola,0.1,27.0,67,,0.0
2024-07-30,tana_river_hola,0.3,27.3,65,,0.0
2024-07-31,tana_river_hola,0.0,27.4,63,,0.0
2024-08-01,tana_river_hola,1.0,26.2,69,,0.0
2024-08-02,tana_river_hola,0.1,26.5,63,,0.0
2024-08-03,tana_river_hola,1.1,26.6,63,,0.0
2024-08-04,tana_river_hola,0.1,26.8,63,,0.0
2024-08-05,tana_river_hola,0.0,26.7,62,,0.0
2024-08-06,tana_river_hola,0.0,26.9,62,,0.0
2024-08-07,tana_river_hola,3.6,25.9,74,,0.0
2024-08-08,tana_river_hola,1.2,26.7,66,,0.0
2024-08-09,tana_river_hola,0.0,26.9,62,,0.0
2024-08-10,tana_river_hola,0.5,26.9,65,,0.0
2024-08-11,tana_river_hola,1.5,26.7,67,,0.0
2024-08-12,tana_river_hola,0.0,27.1,62,,0.0
2024-08-13,tana_river_hola,0.4,27.2,64,,0.0
2024-08-14,tana_river_hola,0.3,27.3,64,,0.0
2024-08-15,tana_river_hola,0.1,27.1,64,,0.0
2024-08-16,tana_river_hola,0.0,27.6,59,,0.0
2024-08-17,tana_river_hola,0.1,27.3,61,,0.0
2024-08-18,tana_river_hola,0.0,27.7,58,,0.0
2024-08-19,tana_river_hola,0.3,27.2,61,,0.0
2024-08-20,tana_river_hola,0.1,27.2,61,,0.0
2024-08-21,tana_river_hola,0.5,27.2,61,,0.0
2024-08-22,tana_river_hola,0.3,27.2,61,,0.0
2024-08-23,tana_river_hola,0.0,27.1,62,,0.0
2024-08-24,tana_river_hola,0.1,27.5,59,,0.0
2024-08-25,tana_river_hola,0.0,27.5,60,,0.0
2024-08-26,tana_river_hola,1.6,27.4,66,,0.0
2024-08-27,tana_river_hola,4.1,26.6,74,,0.0
2024-08-28,tana_river_hola,2.7,26.7,73,,0.0
2024-08-29,tana_river_hola,0.4,26.8,68,,0.0
2024-08-30,tana_river_hola,0.9,26.6,68,,0.0
2024-08-31,tana_river_hola,3.6,25.7,74,,0.0
2024-09-01,tana_river_hola,0.0,26.6,65,,0.0
2024-09-02,tana_river_hola,0.6,27.0,65,,0.0
2024-09-03,tana_river_hola,0.8,27.1,65,,0.0
2024-09-04,tana_river_hola,0.2,27.6,63,,0.0
2024-09-05,tana_river_hola,2.2,27.1,68,,0.0
2024-09-06,tana_river_hola,0.6,27.5,65,,0.0
2024-09-07,tana_river_hola,0.1,27.9,65,,0.0
2024-09-08,tana_river_hola,1.5,27.6,66,,0.0
2024-09-09,tana_river_hola,0.9,27.7,67,,0.0
2024-09-10,tana_river_hola,1.0,27.5,67,,0.0
2024-09-11,tana_river_hola,0.3,27.1,63,,0.0
2024-09-12,tana_river_hola,0.1,27.3,62,,0.0
2024-09-13,tana_river_hola,0.2,27.5,62,,0.0
2024-09-14,tana_river_hola,0.7,27.3,63,,0.0
2024-09-15,tana_river_hola,0.1,27.2,63,,0.0
2024-09-16,tana_river_hola,0.0,27.6,64,,0.0
2024-09-17,tana_river_hola,0.6,28.0,65,,0.0
2024-09-18,tana_river_hola,0.1,27.9,62,,0.0
2024-09-19,tana_river_hola,0.1,28.0,62,,0.0
2024-09-20,tana_river_hola,0.0,28.5,61,,0.0
2024-09-21,tana_river_hola,0.9,28.5,63,,0.0
2024-09-22,tana_river_hola,0.5,27.9,63,,0.0
2024-09-23,tana_river_hola,0.1,27.8,63,,0.0
2024-09-24,tana_river_hola,0.2,28.1,59,,0.0
2024-09-25,tana_river_hola,0.3,28.1,58,,0.0
2024-09-26,tana_river_hola,0.0,28.5,58,,0.0
2024-09-27,tana_river_hola,0.0,28.2,59,,0.0
2024-09-28,tana_river_hola,0.0,28.6,57,,0.0
2024-09-29,tana_river_hola,0.0,28.1,59,,0.0
2024-09-30,tana_river_hola,0.0,28.7,59,,0.0
2024-10-01,tana_river_hola,0.1,29.0,63,,0.0
2024-10-02,tana_river_hola,0.1,29.5,59,,0.0
2024-10-03,tana_river_hola,1.2,28.1,62,,0.0
2024-10-04,tana_river_hola,0.2,28.5,62,,0.0
2024-10-05,tana_river_hola,0.6,27.9,63,,0.0
2024-10-06,tana_river_hola,0.3,28.4,60,,0.0
2024-10-07,tana_river_hola,0.0,29.1,58,,0.0
2024-10-08,tana_river_hola,0.0,29.1,60,,0.0
2024-10-09,tana_river_hola,0.2,29.2,59,,0.0
2024-10-10,tana_river_hola,0.3,28.9,61,,0.0
2024-10-11,tana_river_hola,0.3,28.6,62,,0.0
2024-10-12,tana_river_hola,3.0,27.7,68,,0.0
2024-10-13,tana_river_hola,0.8,28.5,62,,0.0
2024-10-14,tana_river_hola,1.2,28.2,66,,0.0
2024-10-15,tana_river_hola,0.0,28.9,63,,0.0
2024-10-16,tana_river_hola,0.0,28.8,62,,0.0
2024-10-17,tana_river_hola,0.0,29.0,60,,0.0
2024-10-18,tana_river_hola,0.3,28.9,63,,0.0
2024-10-19,tana_river_hola,0.3,29.7,61,,0.0
2024-10-20,tana_river_hola,0.1,29.8,60,,0.0
2024-10-21,tana_river_hola,0.9,29.4,63,,0.0
2024-10-22,tana_river_hola,1.4,29.0,65,,0.0
2024-10-23,tana_river_hola,0.2,29.4,62,,0.0
2024-10-24,tana_river_hola,0.2,29.2,62,,0.0
2024-10-25,tana_river_hola,0.0,30.2,59,,0.0
2024-10-26,tana_river_hola,0.9,30.4,65,,0.0
2024-10-27,tana_river_hola,0.2,30.8,59,,0.0
2024-10-28,tana_river_hola,0.0,29.8,62,,0.0
2024-10-29,tana_river_hola,0.0,30.5,57,,0.0
2024-10-30,tana_river_hola,0.0,30.1,58,,0.0
2024-10-31,tana_river_hola,0.0,30.0,60,,0.0
2024-11-01,tana_river_hola,0.2,30.3,58,,0.0
2024-11-02,tana_river_hola,1.0,29.2,67,,0.0
2024-11-03,tana_river_hola,0.2,30.2,59,,0.0
2024-11-04,tana_river_hola,0.3,29.8,61,,0.0
2024-11-05,tana_river_hola,0.3,30.3,60,,0.0
2024-11-06,tana_river_hola,15.8,27.4,76,,0.0
2024-11-07,tana_river_hola,1.4,28.2,71,,0.0
2024-11-08,tana_river_hola,0.0,30.0,62,,0.0
2024-11-09,tana_river_hola,0.8,29.3,66,,0.0
2024-11-10,tana_river_hola,4.0,29.3,65,,0.0
2024-11-11,tana_river_hola,8.7,27.3,75,,0.0
2024-11-12,tana_river_hola,3.7,27.8,74,,0.0
2024-11-13,tana_river_hola,1.8,27.9,74,,0.0
2024-11-14,tana_river_hola,0.5,29.6,67,,0.0
2024-11-15,tana_river_hola,22.0,26.5,82,,0.0
2024-11-16,tana_river_hola,6.7,26.3,83,,0.0
2024-11-17,tana_river_hola,0.0,27.8,74,,0.0
2024-11-18,tana_river_hola,1.5,28.3,76,,0.0
2024-11-19,tana_river_hola,8.4,26.8,84,,0.0
2024-11-20,tana_river_hola,0.7,28.1,73,,0.0
2024-11-21,tana_river_hola,3.4,28.1,73,,0.0
2024-11-22,tana_river_hola,9.7,27.4,79,,0.0
2024-11-23,tana_river_hola,10.9,27.1,79,,0.0
2024-11-24,tana_river_hola,6.9,26.8,82,,0.0
2024-11-25,tana_river_hola,7.1,26.6,81,,0.0
2024-11-26,tana_river_hola,0.3,27.6,76,,0.0
2024-11-27,tana_river_hola,5.1,27.1,80,,0.0
2024-11-28,tana_river_hola,0.3,28.5,73,,0.0
2024-11-29,tana_river_hola,1.5,28.5,75,,0.0
2024-11-30,tana_river_hola,0.0,28.7,71,,0.0
2024-12-01,tana_river_hola,10.4,28.9,69,,0.0
2024-12-02,tana_river_hola,0.7,29.3,66,,0.0
2024-12-03,tana_river_hola,0.6,29.7,60,,0.0
2024-12-04,tana_river_hola,0.0,30.7,56,,0.0
2024-12-05,tana_river_hola,0.3,30.2,58,,0.0
2024-12-06,tana_river_hola,0.1,30.5,57,,0.0
2024-12-07,tana_river_hola,0.3,30.5,57,,0.0
2024-12-08,tana_river_hola,0.0,30.5,60,,0.0
2024-12-09,tana_river_hola,16.4,28.0,72,,0.0
2024-12-10,tana_river_hola,1.2,27.8,74,,0.0
2024-12-11,tana_river_hola,1.1,28.3,71,,0.0
2024-12-12,tana_river_hola,0.2,28.7,68,,0.0
2024-12-13,tana_river_hola,0.0,29.4,63,,0.0
2024-12-14,tana_river_hola,0.0,30.1,62,,0.0
2024-12-15,tana_river_hola,0.0,30.4,59,,0.0
2024-12-16,tana_river_hola,0.1,30.0,61,,0.0
2024-12-17,tana_river_hola,0.3,30.2,59,,0.0
2024-12-18,tana_river_hola,0.1,30.0,58,,0.0
2024-12-19,tana_river_hola,0.6,30.0,60,,0.0
2024-12-20,tana_river_hola,0.8,29.8,64,,0.0
2024-12-21,tana_river_hola,1.2,28.8,68,,0.0
2024-12-22,tana_river_hola,0.0,29.5,64,,0.0
2024-12-23,tana_river_hola,3.7,28.9,70,,0.0
2024-12-24,tana_river_hola,0.3,28.5,70,,0.0
2024-12-25,tana_river_hola,0.0,28.9,65,,0.0
2024-12-26,tana_river_hola,0.0,29.7,60,,0.0
2024-12-27,tana_river_hola,0.0,29.8,60,,0.0
2024-12-28,tana_river_hola,0.0,30.1,55,,0.0
2024-12-29,tana_river_hola,0.0,30.6,54,,0.0
2024-12-30,tana_river_hola,0.0,30.8,55,,0.0
2024-12-31,tana_river_hola,0.1,30.6,57,,0.0
